{"timestamp":"2026-06-16 21:06:53","level":"INFO","logger":"org.hibernate.validator.internal.util.Version","message":"HV000001: Hibernate Validator 8.0.1.Final"}{"timestamp":"2026-06-16 21:06:53","level":"INFO","logger":"com.example.BE.BeApplication","message":"Starting BeApplication using Java 17.0.15 with PID 17264 (D:\PROJECT\Job_Portal\JobPortal\BE\target\classes started by Windows in D:\PROJECT\Job_Portal\JobPortal\BE)"}{"timestamp":"2026-06-16 21:06:53","level":"INFO","logger":"com.example.BE.BeApplication","message":"No active profile set, falling back to 1 default profile: "default""}{"timestamp":"2026-06-16 21:06:53","level":"INFO","logger":"org.springframework.boot.devtools.env.DevToolsPropertyDefaultsPostProcessor","message":"Devtools property defaults active! Set 'spring.devtools.add-properties' to 'false' to disable"}{"timestamp":"2026-06-16 21:06:53","level":"INFO","logger":"org.springframework.boot.devtools.env.DevToolsPropertyDefaultsPostProcessor","message":"For additional web related logging consider setting the 'logging.level.web' property to 'DEBUG'"}{"timestamp":"2026-06-16 21:06:54","level":"ERROR","logger":"org.springframework.boot.SpringApplication","message":"Application run failed"}java.lang.IllegalStateException: No Docker Compose file found in directory 'D:\PROJECT\Job_Portal\JobPortal\BE\.'
	at org.springframework.util.Assert.state(Assert.java:97)
	at org.springframework.boot.docker.compose.lifecycle.DockerComposeLifecycleManager.getComposeFile(DockerComposeLifecycleManager.java:147)
	at org.springframework.boot.docker.compose.lifecycle.DockerComposeLifecycleManager.start(DockerComposeLifecycleManager.java:108)
	at org.springframework.boot.docker.compose.lifecycle.DockerComposeListener.onApplicationEvent(DockerComposeListener.java:53)
	at org.springframework.boot.docker.compose.lifecycle.DockerComposeListener.onApplicationEvent(DockerComposeListener.java:35)
	at org.springframework.context.event.SimpleApplicationEventMulticaster.doInvokeListener(SimpleApplicationEventMulticaster.java:185)
	at org.springframework.context.event.SimpleApplicationEventMulticaster.invokeListener(SimpleApplicationEventMulticaster.java:178)
	at org.springframework.context.event.SimpleApplicationEventMulticaster.multicastEvent(SimpleApplicationEventMulticaster.java:156)
	at org.springframework.context.event.SimpleApplicationEventMulticaster.multicastEvent(SimpleApplicationEventMulticaster.java:138)
	at org.springframework.boot.context.event.EventPublishingRunListener.multicastInitialEvent(EventPublishingRunListener.java:136)
	at org.springframework.boot.context.event.EventPublishingRunListener.contextLoaded(EventPublishingRunListener.java:98)
	at org.springframework.boot.SpringApplicationRunListeners.lambda$contextLoaded$4(SpringApplicationRunListeners.java:72)
	at java.base/java.lang.Iterable.forEach(Iterable.java:75)
	at org.springframework.boot.SpringApplicationRunListeners.doWithListeners(SpringApplicationRunListeners.java:118)
	at org.springframework.boot.SpringApplicationRunListeners.doWithListeners(SpringApplicationRunListeners.java:112)
	at org.springframework.boot.SpringApplicationRunListeners.contextLoaded(SpringApplicationRunListeners.java:72)
	at org.springframework.boot.SpringApplication.prepareContext(SpringApplication.java:432)
	at org.springframework.boot.SpringApplication.run(SpringApplication.java:333)
	at org.springframework.boot.SpringApplication.run(SpringApplication.java:1354)
	at org.springframework.boot.SpringApplication.run(SpringApplication.java:1343)
	at com.example.BE.BeApplication.main(BeApplication.java:17)
	at java.base/jdk.internal.reflect.NativeMethodAccessorImpl.invoke0(Native Method)
	at java.base/jdk.internal.reflect.NativeMethodAccessorImpl.invoke(NativeMethodAccessorImpl.java:77)
	at java.base/jdk.internal.reflect.DelegatingMethodAccessorImpl.invoke(DelegatingMethodAccessorImpl.java:43)
	at java.base/java.lang.reflect.Method.invoke(Method.java:569)
	at org.springframework.boot.devtools.restart.RestartLauncher.run(RestartLauncher.java:50)
{"timestamp":"2026-06-16 21:09:49","level":"INFO","logger":"org.hibernate.validator.internal.util.Version","message":"HV000001: Hibernate Validator 8.0.1.Final"}{"timestamp":"2026-06-16 21:09:49","level":"INFO","logger":"com.example.BE.BeApplication","message":"Starting BeApplication using Java 17.0.15 with PID 6176 (D:\PROJECT\Job_Portal\JobPortal\BE\target\classes started by Windows in D:\PROJECT\Job_Portal\JobPortal\BE)"}{"timestamp":"2026-06-16 21:09:49","level":"INFO","logger":"com.example.BE.BeApplication","message":"No active profile set, falling back to 1 default profile: "default""}{"timestamp":"2026-06-16 21:09:50","level":"INFO","logger":"org.springframework.boot.devtools.env.DevToolsPropertyDefaultsPostProcessor","message":"Devtools property defaults active! Set 'spring.devtools.add-properties' to 'false' to disable"}{"timestamp":"2026-06-16 21:09:50","level":"INFO","logger":"org.springframework.boot.devtools.env.DevToolsPropertyDefaultsPostProcessor","message":"For additional web related logging consider setting the 'logging.level.web' property to 'DEBUG'"}{"timestamp":"2026-06-16 21:09:50","level":"ERROR","logger":"org.springframework.boot.SpringApplication","message":"Application run failed"}java.lang.IllegalStateException: No Docker Compose file found in directory 'D:\PROJECT\Job_Portal\JobPortal\BE\.'
	at org.springframework.util.Assert.state(Assert.java:97)
	at org.springframework.boot.docker.compose.lifecycle.DockerComposeLifecycleManager.getComposeFile(DockerComposeLifecycleManager.java:147)
	at org.springframework.boot.docker.compose.lifecycle.DockerComposeLifecycleManager.start(DockerComposeLifecycleManager.java:108)
	at org.springframework.boot.docker.compose.lifecycle.DockerComposeListener.onApplicationEvent(DockerComposeListener.java:53)
	at org.springframework.boot.docker.compose.lifecycle.DockerComposeListener.onApplicationEvent(DockerComposeListener.java:35)
	at org.springframework.context.event.SimpleApplicationEventMulticaster.doInvokeListener(SimpleApplicationEventMulticaster.java:185)
	at org.springframework.context.event.SimpleApplicationEventMulticaster.invokeListener(SimpleApplicationEventMulticaster.java:178)
	at org.springframework.context.event.SimpleApplicationEventMulticaster.multicastEvent(SimpleApplicationEventMulticaster.java:156)
	at org.springframework.context.event.SimpleApplicationEventMulticaster.multicastEvent(SimpleApplicationEventMulticaster.java:138)
	at org.springframework.boot.context.event.EventPublishingRunListener.multicastInitialEvent(EventPublishingRunListener.java:136)
	at org.springframework.boot.context.event.EventPublishingRunListener.contextLoaded(EventPublishingRunListener.java:98)
	at org.springframework.boot.SpringApplicationRunListeners.lambda$contextLoaded$4(SpringApplicationRunListeners.java:72)
	at java.base/java.lang.Iterable.forEach(Iterable.java:75)
	at org.springframework.boot.SpringApplicationRunListeners.doWithListeners(SpringApplicationRunListeners.java:118)
	at org.springframework.boot.SpringApplicationRunListeners.doWithListeners(SpringApplicationRunListeners.java:112)
	at org.springframework.boot.SpringApplicationRunListeners.contextLoaded(SpringApplicationRunListeners.java:72)
	at org.springframework.boot.SpringApplication.prepareContext(SpringApplication.java:432)
	at org.springframework.boot.SpringApplication.run(SpringApplication.java:333)
	at org.springframework.boot.SpringApplication.run(SpringApplication.java:1354)
	at org.springframework.boot.SpringApplication.run(SpringApplication.java:1343)
	at com.example.BE.BeApplication.main(BeApplication.java:17)
	at java.base/jdk.internal.reflect.NativeMethodAccessorImpl.invoke0(Native Method)
	at java.base/jdk.internal.reflect.NativeMethodAccessorImpl.invoke(NativeMethodAccessorImpl.java:77)
	at java.base/jdk.internal.reflect.DelegatingMethodAccessorImpl.invoke(DelegatingMethodAccessorImpl.java:43)
	at java.base/java.lang.reflect.Method.invoke(Method.java:569)
	at org.springframework.boot.devtools.restart.RestartLauncher.run(RestartLauncher.java:50)
{"timestamp":"2026-06-16 21:10:47","level":"INFO","logger":"org.hibernate.validator.internal.util.Version","message":"HV000001: Hibernate Validator 8.0.1.Final"}{"timestamp":"2026-06-16 21:10:47","level":"INFO","logger":"com.example.BE.BeApplication","message":"Starting BeApplication using Java 17.0.15 with PID 16000 (D:\PROJECT\Job_Portal\JobPortal\BE\target\classes started by Windows in D:\PROJECT\Job_Portal\JobPortal\BE)"}{"timestamp":"2026-06-16 21:10:47","level":"INFO","logger":"com.example.BE.BeApplication","message":"No active profile set, falling back to 1 default profile: "default""}{"timestamp":"2026-06-16 21:10:47","level":"INFO","logger":"org.springframework.boot.devtools.env.DevToolsPropertyDefaultsPostProcessor","message":"Devtools property defaults active! Set 'spring.devtools.add-properties' to 'false' to disable"}{"timestamp":"2026-06-16 21:10:47","level":"INFO","logger":"org.springframework.boot.devtools.env.DevToolsPropertyDefaultsPostProcessor","message":"For additional web related logging consider setting the 'logging.level.web' property to 'DEBUG'"}{"timestamp":"2026-06-16 21:10:50","level":"INFO","logger":"org.springframework.data.repository.config.RepositoryConfigurationDelegate","message":"Bootstrapping Spring Data JPA repositories in DEFAULT mode."}{"timestamp":"2026-06-16 21:10:50","level":"INFO","logger":"org.springframework.data.repository.config.RepositoryConfigurationDelegate","message":"Finished Spring Data repository scanning in 190 ms. Found 7 JPA repository interfaces."}{"timestamp":"2026-06-16 21:10:52","level":"INFO","logger":"org.springframework.boot.web.embedded.tomcat.TomcatWebServer","message":"Tomcat initialized with port 8082 (http)"}{"timestamp":"2026-06-16 21:10:52","level":"INFO","logger":"org.apache.coyote.http11.Http11NioProtocol","message":"Initializing ProtocolHandler ["http-nio-8082"]"}{"timestamp":"2026-06-16 21:10:52","level":"INFO","logger":"org.apache.catalina.core.StandardService","message":"Starting service [Tomcat]"}{"timestamp":"2026-06-16 21:10:52","level":"INFO","logger":"org.apache.catalina.core.StandardEngine","message":"Starting Servlet engine: [Apache Tomcat/10.1.19]"}{"timestamp":"2026-06-16 21:10:52","level":"INFO","logger":"org.apache.catalina.core.ContainerBase.[Tomcat].[localhost].[/]","message":"Initializing Spring embedded WebApplicationContext"}{"timestamp":"2026-06-16 21:10:52","level":"INFO","logger":"org.springframework.boot.web.servlet.context.ServletWebServerApplicationContext","message":"Root WebApplicationContext: initialization completed in 5192 ms"}{"timestamp":"2026-06-16 21:10:53","level":"INFO","logger":"org.hibernate.jpa.internal.util.LogHelper","message":"HHH000204: Processing PersistenceUnitInfo [name: default]"}{"timestamp":"2026-06-16 21:10:53","level":"INFO","logger":"org.hibernate.Version","message":"HHH000412: Hibernate ORM core version 6.4.4.Final"}{"timestamp":"2026-06-16 21:10:53","level":"INFO","logger":"org.hibernate.cache.internal.RegionFactoryInitiator","message":"HHH000026: Second-level cache disabled"}{"timestamp":"2026-06-16 21:10:54","level":"INFO","logger":"org.springframework.orm.jpa.persistenceunit.SpringPersistenceUnitInfo","message":"No LoadTimeWeaver setup: ignoring JPA class transformer"}{"timestamp":"2026-06-16 21:10:54","level":"INFO","logger":"com.zaxxer.hikari.HikariDataSource","message":"HikariPool-1 - Starting..."}{"timestamp":"2026-06-16 21:10:55","level":"ERROR","logger":"com.zaxxer.hikari.pool.HikariPool","message":"HikariPool-1 - Exception during pool initialization."}java.sql.SQLSyntaxErrorException: Unknown database 'job_portal'
	at com.mysql.cj.jdbc.exceptions.SQLError.createSQLException(SQLError.java:121)
	at com.mysql.cj.jdbc.exceptions.SQLExceptionsMapping.translateException(SQLExceptionsMapping.java:122)
	at com.mysql.cj.jdbc.ConnectionImpl.createNewIO(ConnectionImpl.java:815)
	at com.mysql.cj.jdbc.ConnectionImpl.<init>(ConnectionImpl.java:438)
	at com.mysql.cj.jdbc.ConnectionImpl.getInstance(ConnectionImpl.java:241)
	at com.mysql.cj.jdbc.NonRegisteringDriver.connect(NonRegisteringDriver.java:189)
	at com.zaxxer.hikari.util.DriverDataSource.getConnection(DriverDataSource.java:138)
	at com.zaxxer.hikari.pool.PoolBase.newConnection(PoolBase.java:359)
	at com.zaxxer.hikari.pool.PoolBase.newPoolEntry(PoolBase.java:201)
	at com.zaxxer.hikari.pool.HikariPool.createPoolEntry(HikariPool.java:470)
	at com.zaxxer.hikari.pool.HikariPool.checkFailFast(HikariPool.java:561)
	at com.zaxxer.hikari.pool.HikariPool.<init>(HikariPool.java:100)
	at com.zaxxer.hikari.HikariDataSource.getConnection(HikariDataSource.java:112)
	at org.hibernate.engine.jdbc.connections.internal.DatasourceConnectionProviderImpl.getConnection(DatasourceConnectionProviderImpl.java:122)
	at org.hibernate.engine.jdbc.env.internal.JdbcEnvironmentInitiator$ConnectionProviderJdbcConnectionAccess.obtainConnection(JdbcEnvironmentInitiator.java:428)
	at org.hibernate.resource.transaction.backend.jdbc.internal.JdbcIsolationDelegate.delegateWork(JdbcIsolationDelegate.java:61)
	at org.hibernate.engine.jdbc.env.internal.JdbcEnvironmentInitiator.getJdbcEnvironmentUsingJdbcMetadata(JdbcEnvironmentInitiator.java:276)
	at org.hibernate.engine.jdbc.env.internal.JdbcEnvironmentInitiator.initiateService(JdbcEnvironmentInitiator.java:107)
	at org.hibernate.engine.jdbc.env.internal.JdbcEnvironmentInitiator.initiateService(JdbcEnvironmentInitiator.java:68)
	at org.hibernate.boot.registry.internal.StandardServiceRegistryImpl.initiateService(StandardServiceRegistryImpl.java:130)
	at org.hibernate.service.internal.AbstractServiceRegistryImpl.createService(AbstractServiceRegistryImpl.java:263)
	at org.hibernate.service.internal.AbstractServiceRegistryImpl.initializeService(AbstractServiceRegistryImpl.java:238)
	at org.hibernate.service.internal.AbstractServiceRegistryImpl.getService(AbstractServiceRegistryImpl.java:215)
	at org.hibernate.boot.model.relational.Database.<init>(Database.java:45)
	at org.hibernate.boot.internal.InFlightMetadataCollectorImpl.getDatabase(InFlightMetadataCollectorImpl.java:223)
	at org.hibernate.boot.internal.InFlightMetadataCollectorImpl.<init>(InFlightMetadataCollectorImpl.java:191)
	at org.hibernate.boot.model.process.spi.MetadataBuildingProcess.complete(MetadataBuildingProcess.java:170)
	at org.hibernate.jpa.boot.internal.EntityManagerFactoryBuilderImpl.metadata(EntityManagerFactoryBuilderImpl.java:1432)
	at org.hibernate.jpa.boot.internal.EntityManagerFactoryBuilderImpl.build(EntityManagerFactoryBuilderImpl.java:1503)
	at org.springframework.orm.jpa.vendor.SpringHibernateJpaPersistenceProvider.createContainerEntityManagerFactory(SpringHibernateJpaPersistenceProvider.java:75)
	at org.springframework.orm.jpa.LocalContainerEntityManagerFactoryBean.createNativeEntityManagerFactory(LocalContainerEntityManagerFactoryBean.java:390)
	at org.springframework.orm.jpa.AbstractEntityManagerFactoryBean.buildNativeEntityManagerFactory(AbstractEntityManagerFactoryBean.java:409)
	at org.springframework.orm.jpa.AbstractEntityManagerFactoryBean.afterPropertiesSet(AbstractEntityManagerFactoryBean.java:396)
	at org.springframework.orm.jpa.LocalContainerEntityManagerFactoryBean.afterPropertiesSet(LocalContainerEntityManagerFactoryBean.java:366)
	at org.springframework.beans.factory.support.AbstractAutowireCapableBeanFactory.invokeInitMethods(AbstractAutowireCapableBeanFactory.java:1833)
	at org.springframework.beans.factory.support.AbstractAutowireCapableBeanFactory.initializeBean(AbstractAutowireCapableBeanFactory.java:1782)
	at org.springframework.beans.factory.support.AbstractAutowireCapableBeanFactory.doCreateBean(AbstractAutowireCapableBeanFactory.java:600)
	at org.springframework.beans.factory.support.AbstractAutowireCapableBeanFactory.createBean(AbstractAutowireCapableBeanFactory.java:522)
	at org.springframework.beans.factory.support.AbstractBeanFactory.lambda$doGetBean$0(AbstractBeanFactory.java:326)
	at org.springframework.beans.factory.support.DefaultSingletonBeanRegistry.getSingleton(DefaultSingletonBeanRegistry.java:234)
	at org.springframework.beans.factory.support.AbstractBeanFactory.doGetBean(AbstractBeanFactory.java:324)
	at org.springframework.beans.factory.support.AbstractBeanFactory.getBean(AbstractBeanFactory.java:200)
	at org.springframework.context.support.AbstractApplicationContext.getBean(AbstractApplicationContext.java:1234)
	at org.springframework.context.support.AbstractApplicationContext.finishBeanFactoryInitialization(AbstractApplicationContext.java:952)
	at org.springframework.context.support.AbstractApplicationContext.refresh(AbstractApplicationContext.java:624)
	at org.springframework.boot.web.servlet.context.ServletWebServerApplicationContext.refresh(ServletWebServerApplicationContext.java:146)
	at org.springframework.boot.SpringApplication.refresh(SpringApplication.java:754)
	at org.springframework.boot.SpringApplication.refreshContext(SpringApplication.java:456)
	at org.springframework.boot.SpringApplication.run(SpringApplication.java:334)
	at org.springframework.boot.SpringApplication.run(SpringApplication.java:1354)
	at org.springframework.boot.SpringApplication.run(SpringApplication.java:1343)
	at com.example.BE.BeApplication.main(BeApplication.java:17)
	at java.base/jdk.internal.reflect.NativeMethodAccessorImpl.invoke0(Native Method)
	at java.base/jdk.internal.reflect.NativeMethodAccessorImpl.invoke(NativeMethodAccessorImpl.java:77)
	at java.base/jdk.internal.reflect.DelegatingMethodAccessorImpl.invoke(DelegatingMethodAccessorImpl.java:43)
	at java.base/java.lang.reflect.Method.invoke(Method.java:569)
	at org.springframework.boot.devtools.restart.RestartLauncher.run(RestartLauncher.java:50)
{"timestamp":"2026-06-16 21:10:55","level":"WARN","logger":"org.hibernate.engine.jdbc.env.internal.JdbcEnvironmentInitiator","message":"HHH000342: Could not obtain connection to query metadata"}java.lang.NullPointerException: Cannot invoke "org.hibernate.engine.jdbc.spi.SqlExceptionHelper.convert(java.sql.SQLException, String)" because the return value of "org.hibernate.resource.transaction.backend.jdbc.internal.JdbcIsolationDelegate.sqlExceptionHelper()" is null
	at org.hibernate.resource.transaction.backend.jdbc.internal.JdbcIsolationDelegate.delegateWork(JdbcIsolationDelegate.java:116)
	at org.hibernate.engine.jdbc.env.internal.JdbcEnvironmentInitiator.getJdbcEnvironmentUsingJdbcMetadata(JdbcEnvironmentInitiator.java:276)
	at org.hibernate.engine.jdbc.env.internal.JdbcEnvironmentInitiator.initiateService(JdbcEnvironmentInitiator.java:107)
	at org.hibernate.engine.jdbc.env.internal.JdbcEnvironmentInitiator.initiateService(JdbcEnvironmentInitiator.java:68)
	at org.hibernate.boot.registry.internal.StandardServiceRegistryImpl.initiateService(StandardServiceRegistryImpl.java:130)
	at org.hibernate.service.internal.AbstractServiceRegistryImpl.createService(AbstractServiceRegistryImpl.java:263)
	at org.hibernate.service.internal.AbstractServiceRegistryImpl.initializeService(AbstractServiceRegistryImpl.java:238)
	at org.hibernate.service.internal.AbstractServiceRegistryImpl.getService(AbstractServiceRegistryImpl.java:215)
	at org.hibernate.boot.model.relational.Database.<init>(Database.java:45)
	at org.hibernate.boot.internal.InFlightMetadataCollectorImpl.getDatabase(InFlightMetadataCollectorImpl.java:223)
	at org.hibernate.boot.internal.InFlightMetadataCollectorImpl.<init>(InFlightMetadataCollectorImpl.java:191)
	at org.hibernate.boot.model.process.spi.MetadataBuildingProcess.complete(MetadataBuildingProcess.java:170)
	at org.hibernate.jpa.boot.internal.EntityManagerFactoryBuilderImpl.metadata(EntityManagerFactoryBuilderImpl.java:1432)
	at org.hibernate.jpa.boot.internal.EntityManagerFactoryBuilderImpl.build(EntityManagerFactoryBuilderImpl.java:1503)
	at org.springframework.orm.jpa.vendor.SpringHibernateJpaPersistenceProvider.createContainerEntityManagerFactory(SpringHibernateJpaPersistenceProvider.java:75)
	at org.springframework.orm.jpa.LocalContainerEntityManagerFactoryBean.createNativeEntityManagerFactory(LocalContainerEntityManagerFactoryBean.java:390)
	at org.springframework.orm.jpa.AbstractEntityManagerFactoryBean.buildNativeEntityManagerFactory(AbstractEntityManagerFactoryBean.java:409)
	at org.springframework.orm.jpa.AbstractEntityManagerFactoryBean.afterPropertiesSet(AbstractEntityManagerFactoryBean.java:396)
	at org.springframework.orm.jpa.LocalContainerEntityManagerFactoryBean.afterPropertiesSet(LocalContainerEntityManagerFactoryBean.java:366)
	at org.springframework.beans.factory.support.AbstractAutowireCapableBeanFactory.invokeInitMethods(AbstractAutowireCapableBeanFactory.java:1833)
	at org.springframework.beans.factory.support.AbstractAutowireCapableBeanFactory.initializeBean(AbstractAutowireCapableBeanFactory.java:1782)
	at org.springframework.beans.factory.support.AbstractAutowireCapableBeanFactory.doCreateBean(AbstractAutowireCapableBeanFactory.java:600)
	at org.springframework.beans.factory.support.AbstractAutowireCapableBeanFactory.createBean(AbstractAutowireCapableBeanFactory.java:522)
	at org.springframework.beans.factory.support.AbstractBeanFactory.lambda$doGetBean$0(AbstractBeanFactory.java:326)
	at org.springframework.beans.factory.support.DefaultSingletonBeanRegistry.getSingleton(DefaultSingletonBeanRegistry.java:234)
	at org.springframework.beans.factory.support.AbstractBeanFactory.doGetBean(AbstractBeanFactory.java:324)
	at org.springframework.beans.factory.support.AbstractBeanFactory.getBean(AbstractBeanFactory.java:200)
	at org.springframework.context.support.AbstractApplicationContext.getBean(AbstractApplicationContext.java:1234)
	at org.springframework.context.support.AbstractApplicationContext.finishBeanFactoryInitialization(AbstractApplicationContext.java:952)
	at org.springframework.context.support.AbstractApplicationContext.refresh(AbstractApplicationContext.java:624)
	at org.springframework.boot.web.servlet.context.ServletWebServerApplicationContext.refresh(ServletWebServerApplicationContext.java:146)
	at org.springframework.boot.SpringApplication.refresh(SpringApplication.java:754)
	at org.springframework.boot.SpringApplication.refreshContext(SpringApplication.java:456)
	at org.springframework.boot.SpringApplication.run(SpringApplication.java:334)
	at org.springframework.boot.SpringApplication.run(SpringApplication.java:1354)
	at org.springframework.boot.SpringApplication.run(SpringApplication.java:1343)
	at com.example.BE.BeApplication.main(BeApplication.java:17)
	at java.base/jdk.internal.reflect.NativeMethodAccessorImpl.invoke0(Native Method)
	at java.base/jdk.internal.reflect.NativeMethodAccessorImpl.invoke(NativeMethodAccessorImpl.java:77)
	at java.base/jdk.internal.reflect.DelegatingMethodAccessorImpl.invoke(DelegatingMethodAccessorImpl.java:43)
	at java.base/java.lang.reflect.Method.invoke(Method.java:569)
	at org.springframework.boot.devtools.restart.RestartLauncher.run(RestartLauncher.java:50)
{"timestamp":"2026-06-16 21:10:55","level":"ERROR","logger":"org.springframework.orm.jpa.LocalContainerEntityManagerFactoryBean","message":"Failed to initialize JPA EntityManagerFactory: Unable to create requested service [org.hibernate.engine.jdbc.env.spi.JdbcEnvironment] due to: Unable to determine Dialect without JDBC metadata (please set 'jakarta.persistence.jdbc.url' for common cases or 'hibernate.dialect' when a custom Dialect implementation must be provided)"}{"timestamp":"2026-06-16 21:10:55","level":"WARN","logger":"org.springframework.boot.web.servlet.context.AnnotationConfigServletWebServerApplicationContext","message":"Exception encountered during context initialization - cancelling refresh attempt: org.springframework.beans.factory.BeanCreationException: Error creating bean with name 'entityManagerFactory' defined in class path resource [org/springframework/boot/autoconfigure/orm/jpa/HibernateJpaConfiguration.class]: Unable to create requested service [org.hibernate.engine.jdbc.env.spi.JdbcEnvironment] due to: Unable to determine Dialect without JDBC metadata (please set 'jakarta.persistence.jdbc.url' for common cases or 'hibernate.dialect' when a custom Dialect implementation must be provided)"}{"timestamp":"2026-06-16 21:10:55","level":"INFO","logger":"org.apache.catalina.core.StandardService","message":"Stopping service [Tomcat]"}{"timestamp":"2026-06-16 21:10:55","level":"INFO","logger":"org.springframework.boot.autoconfigure.logging.ConditionEvaluationReportLogger","message":"

Error starting ApplicationContext. To display the condition evaluation report re-run your application with 'debug' enabled."}{"timestamp":"2026-06-16 21:10:55","level":"ERROR","logger":"org.springframework.boot.SpringApplication","message":"Application run failed"}org.springframework.beans.factory.BeanCreationException: Error creating bean with name 'entityManagerFactory' defined in class path resource [org/springframework/boot/autoconfigure/orm/jpa/HibernateJpaConfiguration.class]: Unable to create requested service [org.hibernate.engine.jdbc.env.spi.JdbcEnvironment] due to: Unable to determine Dialect without JDBC metadata (please set 'jakarta.persistence.jdbc.url' for common cases or 'hibernate.dialect' when a custom Dialect implementation must be provided)
	at org.springframework.beans.factory.support.AbstractAutowireCapableBeanFactory.initializeBean(AbstractAutowireCapableBeanFactory.java:1786)
	at org.springframework.beans.factory.support.AbstractAutowireCapableBeanFactory.doCreateBean(AbstractAutowireCapableBeanFactory.java:600)
	at org.springframework.beans.factory.support.AbstractAutowireCapableBeanFactory.createBean(AbstractAutowireCapableBeanFactory.java:522)
	at org.springframework.beans.factory.support.AbstractBeanFactory.lambda$doGetBean$0(AbstractBeanFactory.java:326)
	at org.springframework.beans.factory.support.DefaultSingletonBeanRegistry.getSingleton(DefaultSingletonBeanRegistry.java:234)
	at org.springframework.beans.factory.support.AbstractBeanFactory.doGetBean(AbstractBeanFactory.java:324)
	at org.springframework.beans.factory.support.AbstractBeanFactory.getBean(AbstractBeanFactory.java:200)
	at org.springframework.context.support.AbstractApplicationContext.getBean(AbstractApplicationContext.java:1234)
	at org.springframework.context.support.AbstractApplicationContext.finishBeanFactoryInitialization(AbstractApplicationContext.java:952)
	at org.springframework.context.support.AbstractApplicationContext.refresh(AbstractApplicationContext.java:624)
	at org.springframework.boot.web.servlet.context.ServletWebServerApplicationContext.refresh(ServletWebServerApplicationContext.java:146)
	at org.springframework.boot.SpringApplication.refresh(SpringApplication.java:754)
	at org.springframework.boot.SpringApplication.refreshContext(SpringApplication.java:456)
	at org.springframework.boot.SpringApplication.run(SpringApplication.java:334)
	at org.springframework.boot.SpringApplication.run(SpringApplication.java:1354)
	at org.springframework.boot.SpringApplication.run(SpringApplication.java:1343)
	at com.example.BE.BeApplication.main(BeApplication.java:17)
	at java.base/jdk.internal.reflect.NativeMethodAccessorImpl.invoke0(Native Method)
	at java.base/jdk.internal.reflect.NativeMethodAccessorImpl.invoke(NativeMethodAccessorImpl.java:77)
	at java.base/jdk.internal.reflect.DelegatingMethodAccessorImpl.invoke(DelegatingMethodAccessorImpl.java:43)
	at java.base/java.lang.reflect.Method.invoke(Method.java:569)
	at org.springframework.boot.devtools.restart.RestartLauncher.run(RestartLauncher.java:50)
Caused by: org.hibernate.service.spi.ServiceException: Unable to create requested service [org.hibernate.engine.jdbc.env.spi.JdbcEnvironment] due to: Unable to determine Dialect without JDBC metadata (please set 'jakarta.persistence.jdbc.url' for common cases or 'hibernate.dialect' when a custom Dialect implementation must be provided)
	at org.hibernate.service.internal.AbstractServiceRegistryImpl.createService(AbstractServiceRegistryImpl.java:276)
	at org.hibernate.service.internal.AbstractServiceRegistryImpl.initializeService(AbstractServiceRegistryImpl.java:238)
	at org.hibernate.service.internal.AbstractServiceRegistryImpl.getService(AbstractServiceRegistryImpl.java:215)
	at org.hibernate.boot.model.relational.Database.<init>(Database.java:45)
	at org.hibernate.boot.internal.InFlightMetadataCollectorImpl.getDatabase(InFlightMetadataCollectorImpl.java:223)
	at org.hibernate.boot.internal.InFlightMetadataCollectorImpl.<init>(InFlightMetadataCollectorImpl.java:191)
	at org.hibernate.boot.model.process.spi.MetadataBuildingProcess.complete(MetadataBuildingProcess.java:170)
	at org.hibernate.jpa.boot.internal.EntityManagerFactoryBuilderImpl.metadata(EntityManagerFactoryBuilderImpl.java:1432)
	at org.hibernate.jpa.boot.internal.EntityManagerFactoryBuilderImpl.build(EntityManagerFactoryBuilderImpl.java:1503)
	at org.springframework.orm.jpa.vendor.SpringHibernateJpaPersistenceProvider.createContainerEntityManagerFactory(SpringHibernateJpaPersistenceProvider.java:75)
	at org.springframework.orm.jpa.LocalContainerEntityManagerFactoryBean.createNativeEntityManagerFactory(LocalContainerEntityManagerFactoryBean.java:390)
	at org.springframework.orm.jpa.AbstractEntityManagerFactoryBean.buildNativeEntityManagerFactory(AbstractEntityManagerFactoryBean.java:409)
	at org.springframework.orm.jpa.AbstractEntityManagerFactoryBean.afterPropertiesSet(AbstractEntityManagerFactoryBean.java:396)
	at org.springframework.orm.jpa.LocalContainerEntityManagerFactoryBean.afterPropertiesSet(LocalContainerEntityManagerFactoryBean.java:366)
	at org.springframework.beans.factory.support.AbstractAutowireCapableBeanFactory.invokeInitMethods(AbstractAutowireCapableBeanFactory.java:1833)
	at org.springframework.beans.factory.support.AbstractAutowireCapableBeanFactory.initializeBean(AbstractAutowireCapableBeanFactory.java:1782)
	... 21 common frames omitted
Caused by: org.hibernate.HibernateException: Unable to determine Dialect without JDBC metadata (please set 'jakarta.persistence.jdbc.url' for common cases or 'hibernate.dialect' when a custom Dialect implementation must be provided)
	at org.hibernate.engine.jdbc.dialect.internal.DialectFactoryImpl.determineDialect(DialectFactoryImpl.java:191)
	at org.hibernate.engine.jdbc.dialect.internal.DialectFactoryImpl.buildDialect(DialectFactoryImpl.java:87)
	at org.hibernate.engine.jdbc.env.internal.JdbcEnvironmentInitiator.getJdbcEnvironmentWithDefaults(JdbcEnvironmentInitiator.java:143)
	at org.hibernate.engine.jdbc.env.internal.JdbcEnvironmentInitiator.getJdbcEnvironmentUsingJdbcMetadata(JdbcEnvironmentInitiator.java:348)
	at org.hibernate.engine.jdbc.env.internal.JdbcEnvironmentInitiator.initiateService(JdbcEnvironmentInitiator.java:107)
	at org.hibernate.engine.jdbc.env.internal.JdbcEnvironmentInitiator.initiateService(JdbcEnvironmentInitiator.java:68)
	at org.hibernate.boot.registry.internal.StandardServiceRegistryImpl.initiateService(StandardServiceRegistryImpl.java:130)
	at org.hibernate.service.internal.AbstractServiceRegistryImpl.createService(AbstractServiceRegistryImpl.java:263)
	... 36 common frames omitted
{"timestamp":"2026-06-16 21:16:00","level":"INFO","logger":"org.hibernate.validator.internal.util.Version","message":"HV000001: Hibernate Validator 8.0.1.Final"}{"timestamp":"2026-06-16 21:16:00","level":"INFO","logger":"com.example.BE.BeApplication","message":"Starting BeApplication using Java 17.0.15 with PID 15976 (D:\PROJECT\Job_Portal\JobPortal\BE\target\classes started by Windows in D:\PROJECT\Job_Portal\JobPortal\BE)"}{"timestamp":"2026-06-16 21:16:00","level":"INFO","logger":"com.example.BE.BeApplication","message":"No active profile set, falling back to 1 default profile: "default""}{"timestamp":"2026-06-16 21:16:00","level":"INFO","logger":"org.springframework.boot.devtools.env.DevToolsPropertyDefaultsPostProcessor","message":"Devtools property defaults active! Set 'spring.devtools.add-properties' to 'false' to disable"}{"timestamp":"2026-06-16 21:16:00","level":"INFO","logger":"org.springframework.boot.devtools.env.DevToolsPropertyDefaultsPostProcessor","message":"For additional web related logging consider setting the 'logging.level.web' property to 'DEBUG'"}{"timestamp":"2026-06-16 21:16:01","level":"INFO","logger":"org.springframework.data.repository.config.RepositoryConfigurationDelegate","message":"Bootstrapping Spring Data JPA repositories in DEFAULT mode."}{"timestamp":"2026-06-16 21:16:02","level":"INFO","logger":"org.springframework.data.repository.config.RepositoryConfigurationDelegate","message":"Finished Spring Data repository scanning in 101 ms. Found 7 JPA repository interfaces."}{"timestamp":"2026-06-16 21:16:03","level":"INFO","logger":"org.springframework.boot.web.embedded.tomcat.TomcatWebServer","message":"Tomcat initialized with port 8082 (http)"}{"timestamp":"2026-06-16 21:16:03","level":"INFO","logger":"org.apache.coyote.http11.Http11NioProtocol","message":"Initializing ProtocolHandler ["http-nio-8082"]"}{"timestamp":"2026-06-16 21:16:03","level":"INFO","logger":"org.apache.catalina.core.StandardService","message":"Starting service [Tomcat]"}{"timestamp":"2026-06-16 21:16:03","level":"INFO","logger":"org.apache.catalina.core.StandardEngine","message":"Starting Servlet engine: [Apache Tomcat/10.1.19]"}{"timestamp":"2026-06-16 21:16:03","level":"INFO","logger":"org.apache.catalina.core.ContainerBase.[Tomcat].[localhost].[/]","message":"Initializing Spring embedded WebApplicationContext"}{"timestamp":"2026-06-16 21:16:03","level":"INFO","logger":"org.springframework.boot.web.servlet.context.ServletWebServerApplicationContext","message":"Root WebApplicationContext: initialization completed in 3124 ms"}{"timestamp":"2026-06-16 21:16:04","level":"INFO","logger":"org.hibernate.jpa.internal.util.LogHelper","message":"HHH000204: Processing PersistenceUnitInfo [name: default]"}{"timestamp":"2026-06-16 21:16:04","level":"INFO","logger":"org.hibernate.Version","message":"HHH000412: Hibernate ORM core version 6.4.4.Final"}{"timestamp":"2026-06-16 21:16:04","level":"INFO","logger":"org.hibernate.cache.internal.RegionFactoryInitiator","message":"HHH000026: Second-level cache disabled"}{"timestamp":"2026-06-16 21:16:04","level":"INFO","logger":"org.springframework.orm.jpa.persistenceunit.SpringPersistenceUnitInfo","message":"No LoadTimeWeaver setup: ignoring JPA class transformer"}{"timestamp":"2026-06-16 21:16:04","level":"INFO","logger":"com.zaxxer.hikari.HikariDataSource","message":"HikariPool-1 - Starting..."}{"timestamp":"2026-06-16 21:16:05","level":"INFO","logger":"com.zaxxer.hikari.pool.HikariPool","message":"HikariPool-1 - Added connection com.mysql.cj.jdbc.ConnectionImpl@185ce42e"}{"timestamp":"2026-06-16 21:16:05","level":"INFO","logger":"com.zaxxer.hikari.HikariDataSource","message":"HikariPool-1 - Start completed."}{"timestamp":"2026-06-16 21:16:07","level":"INFO","logger":"org.hibernate.engine.transaction.jta.platform.internal.JtaPlatformInitiator","message":"HHH000489: No JTA platform available (set 'hibernate.transaction.jta.platform' to enable JTA platform integration)"}{"timestamp":"2026-06-16 21:16:08","level":"INFO","logger":"org.springframework.orm.jpa.LocalContainerEntityManagerFactoryBean","message":"Initialized JPA EntityManagerFactory for persistence unit 'default'"}{"timestamp":"2026-06-16 21:16:09","level":"INFO","logger":"com.example.BE.aspects.LoggingAndPerformanceAspect","message":"➡️ Entering method: JobPortalSecurityConfig.passwordEncoder()"}{"timestamp":"2026-06-16 21:16:09","level":"INFO","logger":"com.example.BE.aspects.LoggingAndPerformanceAspect","message":"📥 Arguments: []"}{"timestamp":"2026-06-16 21:16:09","level":"INFO","logger":"com.example.BE.aspects.LoggingAndPerformanceAspect","message":"✅ Method executed successfully: JobPortalSecurityConfig.passwordEncoder()"}{"timestamp":"2026-06-16 21:16:09","level":"INFO","logger":"com.example.BE.aspects.LoggingAndPerformanceAspect","message":"⏱ Execution time: 6 ms"}{"timestamp":"2026-06-16 21:16:09","level":"INFO","logger":"com.example.BE.aspects.LoggingAndPerformanceAspect","message":"➡️ Entering method: JobPortalSecurityConfig.authenticationManager(..)"}{"timestamp":"2026-06-16 21:16:09","level":"INFO","logger":"com.example.BE.aspects.LoggingAndPerformanceAspect","message":"📥 Arguments: [com.example.BE.security.util.JobPortalUsernamePwdAuthenticationProvider@6b0126d]"}{"timestamp":"2026-06-16 21:16:09","level":"INFO","logger":"com.example.BE.aspects.LoggingAndPerformanceAspect","message":"✅ Method executed successfully: JobPortalSecurityConfig.authenticationManager(..)"}{"timestamp":"2026-06-16 21:16:09","level":"INFO","logger":"com.example.BE.aspects.LoggingAndPerformanceAspect","message":"⏱ Execution time: 7 ms"}{"timestamp":"2026-06-16 21:16:09","level":"INFO","logger":"org.springframework.data.jpa.repository.query.QueryEnhancerFactory","message":"Hibernate is in classpath; If applicable, HQL parser will be used."}{"timestamp":"2026-06-16 21:16:10","level":"INFO","logger":"com.example.BE.aspects.LoggingAndPerformanceAspect","message":"➡️ Entering method: OpenTelemetryConfig.openTelemetry()"}{"timestamp":"2026-06-16 21:16:10","level":"INFO","logger":"com.example.BE.aspects.LoggingAndPerformanceAspect","message":"📥 Arguments: []"}{"timestamp":"2026-06-16 21:16:10","level":"INFO","logger":"com.example.BE.aspects.LoggingAndPerformanceAspect","message":"✅ Method executed successfully: OpenTelemetryConfig.openTelemetry()"}{"timestamp":"2026-06-16 21:16:10","level":"INFO","logger":"com.example.BE.aspects.LoggingAndPerformanceAspect","message":"⏱ Execution time: 6 ms"}{"timestamp":"2026-06-16 21:16:10","level":"WARN","logger":"org.springframework.boot.autoconfigure.orm.jpa.JpaBaseConfiguration$JpaWebConfiguration","message":"spring.jpa.open-in-view is enabled by default. Therefore, database queries may be performed during view rendering. Explicitly configure spring.jpa.open-in-view to disable this warning"}{"timestamp":"2026-06-16 21:16:11","level":"INFO","logger":"org.springframework.boot.actuate.endpoint.web.EndpointLinksResolver","message":"Exposing 13 endpoint(s) beneath base path '/actuator'"}{"timestamp":"2026-06-16 21:16:11","level":"INFO","logger":"com.example.BE.aspects.LoggingAndPerformanceAspect","message":"➡️ Entering method: JobPortalSecurityConfig.securityFilterChain(..)"}{"timestamp":"2026-06-16 21:16:11","level":"INFO","logger":"com.example.BE.aspects.LoggingAndPerformanceAspect","message":"📥 Arguments: [org.springframework.security.config.annotation.web.builders.HttpSecurity@58aff51]"}{"timestamp":"2026-06-16 21:16:11","level":"INFO","logger":"com.example.BE.aspects.LoggingAndPerformanceAspect","message":"➡️ Entering method: JobPortalSecurityConfig.corsConfigurationSource()"}{"timestamp":"2026-06-16 21:16:11","level":"INFO","logger":"com.example.BE.aspects.LoggingAndPerformanceAspect","message":"📥 Arguments: []"}{"timestamp":"2026-06-16 21:16:11","level":"INFO","logger":"com.example.BE.aspects.LoggingAndPerformanceAspect","message":"➡️ Entering method: CorsProperties.getAllowedOrigins()"}{"timestamp":"2026-06-16 21:16:11","level":"INFO","logger":"com.example.BE.aspects.LoggingAndPerformanceAspect","message":"📥 Arguments: []"}{"timestamp":"2026-06-16 21:16:11","level":"INFO","logger":"com.example.BE.aspects.LoggingAndPerformanceAspect","message":"✅ Method executed successfully: CorsProperties.getAllowedOrigins()"}{"timestamp":"2026-06-16 21:16:11","level":"INFO","logger":"com.example.BE.aspects.LoggingAndPerformanceAspect","message":"⏱ Execution time: 1 ms"}{"timestamp":"2026-06-16 21:16:11","level":"INFO","logger":"com.example.BE.aspects.LoggingAndPerformanceAspect","message":"➡️ Entering method: CorsProperties.getAllowedMethods()"}{"timestamp":"2026-06-16 21:16:11","level":"INFO","logger":"com.example.BE.aspects.LoggingAndPerformanceAspect","message":"📥 Arguments: []"}{"timestamp":"2026-06-16 21:16:11","level":"INFO","logger":"com.example.BE.aspects.LoggingAndPerformanceAspect","message":"✅ Method executed successfully: CorsProperties.getAllowedMethods()"}{"timestamp":"2026-06-16 21:16:11","level":"INFO","logger":"com.example.BE.aspects.LoggingAndPerformanceAspect","message":"⏱ Execution time: 1 ms"}{"timestamp":"2026-06-16 21:16:11","level":"INFO","logger":"com.example.BE.aspects.LoggingAndPerformanceAspect","message":"➡️ Entering method: CorsProperties.getAllowedHeaders()"}{"timestamp":"2026-06-16 21:16:11","level":"INFO","logger":"com.example.BE.aspects.LoggingAndPerformanceAspect","message":"📥 Arguments: []"}{"timestamp":"2026-06-16 21:16:11","level":"INFO","logger":"com.example.BE.aspects.LoggingAndPerformanceAspect","message":"✅ Method executed successfully: CorsProperties.getAllowedHeaders()"}{"timestamp":"2026-06-16 21:16:11","level":"INFO","logger":"com.example.BE.aspects.LoggingAndPerformanceAspect","message":"⏱ Execution time: 1 ms"}{"timestamp":"2026-06-16 21:16:11","level":"INFO","logger":"com.example.BE.aspects.LoggingAndPerformanceAspect","message":"➡️ Entering method: CorsProperties.getAllowCredentials()"}{"timestamp":"2026-06-16 21:16:11","level":"INFO","logger":"com.example.BE.aspects.LoggingAndPerformanceAspect","message":"📥 Arguments: []"}{"timestamp":"2026-06-16 21:16:11","level":"INFO","logger":"com.example.BE.aspects.LoggingAndPerformanceAspect","message":"✅ Method executed successfully: CorsProperties.getAllowCredentials()"}{"timestamp":"2026-06-16 21:16:11","level":"INFO","logger":"com.example.BE.aspects.LoggingAndPerformanceAspect","message":"⏱ Execution time: 1 ms"}{"timestamp":"2026-06-16 21:16:11","level":"INFO","logger":"com.example.BE.aspects.LoggingAndPerformanceAspect","message":"➡️ Entering method: CorsProperties.getMaxAge()"}{"timestamp":"2026-06-16 21:16:11","level":"INFO","logger":"com.example.BE.aspects.LoggingAndPerformanceAspect","message":"📥 Arguments: []"}{"timestamp":"2026-06-16 21:16:11","level":"INFO","logger":"com.example.BE.aspects.LoggingAndPerformanceAspect","message":"✅ Method executed successfully: CorsProperties.getMaxAge()"}{"timestamp":"2026-06-16 21:16:11","level":"INFO","logger":"com.example.BE.aspects.LoggingAndPerformanceAspect","message":"⏱ Execution time: 1 ms"}{"timestamp":"2026-06-16 21:16:11","level":"INFO","logger":"com.example.BE.aspects.LoggingAndPerformanceAspect","message":"✅ Method executed successfully: JobPortalSecurityConfig.corsConfigurationSource()"}{"timestamp":"2026-06-16 21:16:11","level":"INFO","logger":"com.example.BE.aspects.LoggingAndPerformanceAspect","message":"⏱ Execution time: 7 ms"}{"timestamp":"2026-06-16 21:16:12","level":"INFO","logger":"org.springframework.security.web.DefaultSecurityFilterChain","message":"Will secure any request with [org.springframework.security.web.session.DisableEncodeUrlFilter@c4a2fd1, org.springframework.security.web.context.request.async.WebAsyncManagerIntegrationFilter@4d0ea10e, org.springframework.security.web.context.SecurityContextHolderFilter@304bc003, org.springframework.security.web.header.HeaderWriterFilter@f175cd9, org.springframework.web.filter.CorsFilter@39049561, org.springframework.security.web.csrf.CsrfFilter@43ba1f79, org.springframework.security.web.authentication.logout.LogoutFilter@126938e1, com.example.BE.security.filter.JwtTokenValidatorFilter@281a326e, org.springframework.security.web.authentication.www.BasicAuthenticationFilter@743e90f7, org.springframework.security.web.savedrequest.RequestCacheAwareFilter@52d86f72, org.springframework.security.web.servletapi.SecurityContextHolderAwareRequestFilter@71b5f72f, org.springframework.security.web.authentication.AnonymousAuthenticationFilter@7573a41b, org.springframework.security.web.access.ExceptionTranslationFilter@26b9596, org.springframework.security.web.access.intercept.AuthorizationFilter@54a3b26a]"}{"timestamp":"2026-06-16 21:16:12","level":"INFO","logger":"com.example.BE.aspects.LoggingAndPerformanceAspect","message":"✅ Method executed successfully: JobPortalSecurityConfig.securityFilterChain(..)"}{"timestamp":"2026-06-16 21:16:12","level":"INFO","logger":"com.example.BE.aspects.LoggingAndPerformanceAspect","message":"⏱ Execution time: 163 ms"}{"timestamp":"2026-06-16 21:16:13","level":"INFO","logger":"org.springframework.boot.devtools.autoconfigure.OptionalLiveReloadServer","message":"LiveReload server is running on port 35729"}{"timestamp":"2026-06-16 21:16:13","level":"INFO","logger":"org.apache.coyote.http11.Http11NioProtocol","message":"Starting ProtocolHandler ["http-nio-8082"]"}{"timestamp":"2026-06-16 21:16:13","level":"INFO","logger":"org.springframework.boot.web.embedded.tomcat.TomcatWebServer","message":"Tomcat started on port 8082 (http) with context path ''"}{"timestamp":"2026-06-16 21:16:13","level":"INFO","logger":"com.example.BE.BeApplication","message":"Started BeApplication in 14.009 seconds (process running for 14.611)"}{"timestamp":"2026-06-16 21:20:51","level":"INFO","logger":"org.apache.catalina.core.ContainerBase.[Tomcat].[localhost].[/]","message":"Initializing Spring DispatcherServlet 'dispatcherServlet'"}{"timestamp":"2026-06-16 21:20:51","level":"INFO","logger":"org.springframework.web.servlet.DispatcherServlet","message":"Initializing Servlet 'dispatcherServlet'"}{"timestamp":"2026-06-16 21:20:51","level":"INFO","logger":"org.springframework.web.servlet.DispatcherServlet","message":"Completed initialization in 18 ms"}{"timestamp":"2026-06-16 21:20:51","level":"INFO","logger":"com.example.BE.aspects.LoggingAndPerformanceAspect","message":"➡️ Entering method: CompanyController.getAllCompanies()"}{"timestamp":"2026-06-16 21:20:51","level":"INFO","logger":"com.example.BE.aspects.LoggingAndPerformanceAspect","message":"📥 Arguments: []"}{"timestamp":"2026-06-16 21:20:51","level":"INFO","logger":"com.example.BE.aspects.LoggingAndPerformanceAspect","message":"➡️ Entering method: ICompanyServiceImpl.getAllCompanies()"}{"timestamp":"2026-06-16 21:20:51","level":"INFO","logger":"com.example.BE.aspects.LoggingAndPerformanceAspect","message":"📥 Arguments: []"}{"timestamp":"2026-06-16 21:20:51","level":"INFO","logger":"com.example.BE.aspects.LoggingAndPerformanceAspect","message":"➡️ Entering method: CompanyRepository.findAllWithJobsByStatus(..)"}{"timestamp":"2026-06-16 21:20:51","level":"INFO","logger":"com.example.BE.aspects.LoggingAndPerformanceAspect","message":"📥 Arguments: [ACTIVE]"}{"timestamp":"2026-06-16 21:20:52","level":"INFO","logger":"com.example.BE.aspects.LoggingAndPerformanceAspect","message":"✅ Method executed successfully: CompanyRepository.findAllWithJobsByStatus(..)"}{"timestamp":"2026-06-16 21:20:52","level":"INFO","logger":"com.example.BE.aspects.LoggingAndPerformanceAspect","message":"⏱ Execution time: 821 ms"}{"timestamp":"2026-06-16 21:20:52","level":"INFO","logger":"com.example.BE.aspects.LoggingAndPerformanceAspect","message":"➡️ Entering method: CompanyMapper.transformCompanyToDto(..)"}{"timestamp":"2026-06-16 21:20:52","level":"INFO","logger":"com.example.BE.aspects.LoggingAndPerformanceAspect","message":"📥 Arguments: [com.example.BE.entity.Company@9b813b2]"}{"timestamp":"2026-06-16 21:20:52","level":"INFO","logger":"com.example.BE.aspects.LoggingAndPerformanceAspect","message":"✅ Method executed successfully: CompanyMapper.transformCompanyToDto(..)"}{"timestamp":"2026-06-16 21:20:52","level":"INFO","logger":"com.example.BE.aspects.LoggingAndPerformanceAspect","message":"⏱ Execution time: 3 ms"}{"timestamp":"2026-06-16 21:20:52","level":"INFO","logger":"com.example.BE.aspects.LoggingAndPerformanceAspect","message":"➡️ Entering method: CompanyMapper.transformCompanyToDto(..)"}{"timestamp":"2026-06-16 21:20:52","level":"INFO","logger":"com.example.BE.aspects.LoggingAndPerformanceAspect","message":"📥 Arguments: [com.example.BE.entity.Company@3ba39059]"}{"timestamp":"2026-06-16 21:20:52","level":"INFO","logger":"com.example.BE.aspects.LoggingAndPerformanceAspect","message":"✅ Method executed successfully: CompanyMapper.transformCompanyToDto(..)"}{"timestamp":"2026-06-16 21:20:52","level":"INFO","logger":"com.example.BE.aspects.LoggingAndPerformanceAspect","message":"⏱ Execution time: 1 ms"}{"timestamp":"2026-06-16 21:20:52","level":"INFO","logger":"com.example.BE.aspects.LoggingAndPerformanceAspect","message":"➡️ Entering method: CompanyMapper.transformCompanyToDto(..)"}{"timestamp":"2026-06-16 21:20:52","level":"INFO","logger":"com.example.BE.aspects.LoggingAndPerformanceAspect","message":"📥 Arguments: [com.example.BE.entity.Company@4dca8e38]"}{"timestamp":"2026-06-16 21:20:52","level":"INFO","logger":"com.example.BE.aspects.LoggingAndPerformanceAspect","message":"✅ Method executed successfully: CompanyMapper.transformCompanyToDto(..)"}{"timestamp":"2026-06-16 21:20:52","level":"INFO","logger":"com.example.BE.aspects.LoggingAndPerformanceAspect","message":"⏱ Execution time: 2 ms"}{"timestamp":"2026-06-16 21:20:52","level":"INFO","logger":"com.example.BE.aspects.LoggingAndPerformanceAspect","message":"➡️ Entering method: CompanyMapper.transformCompanyToDto(..)"}{"timestamp":"2026-06-16 21:20:52","level":"INFO","logger":"com.example.BE.aspects.LoggingAndPerformanceAspect","message":"📥 Arguments: [com.example.BE.entity.Company@360e2aec]"}{"timestamp":"2026-06-16 21:20:52","level":"INFO","logger":"com.example.BE.aspects.LoggingAndPerformanceAspect","message":"✅ Method executed successfully: CompanyMapper.transformCompanyToDto(..)"}{"timestamp":"2026-06-16 21:20:52","level":"INFO","logger":"com.example.BE.aspects.LoggingAndPerformanceAspect","message":"⏱ Execution time: 1 ms"}{"timestamp":"2026-06-16 21:20:52","level":"INFO","logger":"com.example.BE.aspects.LoggingAndPerformanceAspect","message":"➡️ Entering method: CompanyMapper.transformCompanyToDto(..)"}{"timestamp":"2026-06-16 21:20:52","level":"INFO","logger":"com.example.BE.aspects.LoggingAndPerformanceAspect","message":"📥 Arguments: [com.example.BE.entity.Company@5a7ca3b3]"}{"timestamp":"2026-06-16 21:20:52","level":"INFO","logger":"com.example.BE.aspects.LoggingAndPerformanceAspect","message":"✅ Method executed successfully: CompanyMapper.transformCompanyToDto(..)"}{"timestamp":"2026-06-16 21:20:52","level":"INFO","logger":"com.example.BE.aspects.LoggingAndPerformanceAspect","message":"⏱ Execution time: 2 ms"}{"timestamp":"2026-06-16 21:20:52","level":"INFO","logger":"com.example.BE.aspects.LoggingAndPerformanceAspect","message":"➡️ Entering method: CompanyMapper.transformCompanyToDto(..)"}{"timestamp":"2026-06-16 21:20:52","level":"INFO","logger":"com.example.BE.aspects.LoggingAndPerformanceAspect","message":"📥 Arguments: [com.example.BE.entity.Company@43ca1343]"}{"timestamp":"2026-06-16 21:20:52","level":"INFO","logger":"com.example.BE.aspects.LoggingAndPerformanceAspect","message":"✅ Method executed successfully: CompanyMapper.transformCompanyToDto(..)"}{"timestamp":"2026-06-16 21:20:52","level":"INFO","logger":"com.example.BE.aspects.LoggingAndPerformanceAspect","message":"⏱ Execution time: 0 ms"}{"timestamp":"2026-06-16 21:20:52","level":"INFO","logger":"com.example.BE.aspects.LoggingAndPerformanceAspect","message":"➡️ Entering method: CompanyMapper.transformCompanyToDto(..)"}{"timestamp":"2026-06-16 21:20:52","level":"INFO","logger":"com.example.BE.aspects.LoggingAndPerformanceAspect","message":"📥 Arguments: [com.example.BE.entity.Company@469bbff7]"}{"timestamp":"2026-06-16 21:20:52","level":"INFO","logger":"com.example.BE.aspects.LoggingAndPerformanceAspect","message":"✅ Method executed successfully: CompanyMapper.transformCompanyToDto(..)"}{"timestamp":"2026-06-16 21:20:52","level":"INFO","logger":"com.example.BE.aspects.LoggingAndPerformanceAspect","message":"⏱ Execution time: 1 ms"}{"timestamp":"2026-06-16 21:20:52","level":"INFO","logger":"com.example.BE.aspects.LoggingAndPerformanceAspect","message":"➡️ Entering method: CompanyMapper.transformCompanyToDto(..)"}{"timestamp":"2026-06-16 21:20:52","level":"INFO","logger":"com.example.BE.aspects.LoggingAndPerformanceAspect","message":"📥 Arguments: [com.example.BE.entity.Company@2a86294d]"}{"timestamp":"2026-06-16 21:20:52","level":"INFO","logger":"com.example.BE.aspects.LoggingAndPerformanceAspect","message":"✅ Method executed successfully: CompanyMapper.transformCompanyToDto(..)"}{"timestamp":"2026-06-16 21:20:52","level":"INFO","logger":"com.example.BE.aspects.LoggingAndPerformanceAspect","message":"⏱ Execution time: 2 ms"}{"timestamp":"2026-06-16 21:20:52","level":"INFO","logger":"com.example.BE.aspects.LoggingAndPerformanceAspect","message":"➡️ Entering method: CompanyMapper.transformCompanyToDto(..)"}{"timestamp":"2026-06-16 21:20:52","level":"INFO","logger":"com.example.BE.aspects.LoggingAndPerformanceAspect","message":"📥 Arguments: [com.example.BE.entity.Company@4cb98415]"}{"timestamp":"2026-06-16 21:20:52","level":"INFO","logger":"com.example.BE.aspects.LoggingAndPerformanceAspect","message":"✅ Method executed successfully: CompanyMapper.transformCompanyToDto(..)"}{"timestamp":"2026-06-16 21:20:52","level":"INFO","logger":"com.example.BE.aspects.LoggingAndPerformanceAspect","message":"⏱ Execution time: 0 ms"}{"timestamp":"2026-06-16 21:20:52","level":"INFO","logger":"com.example.BE.aspects.LoggingAndPerformanceAspect","message":"➡️ Entering method: CompanyMapper.transformCompanyToDto(..)"}{"timestamp":"2026-06-16 21:20:52","level":"INFO","logger":"com.example.BE.aspects.LoggingAndPerformanceAspect","message":"📥 Arguments: [com.example.BE.entity.Company@18e0b02e]"}{"timestamp":"2026-06-16 21:20:52","level":"INFO","logger":"com.example.BE.aspects.LoggingAndPerformanceAspect","message":"✅ Method executed successfully: CompanyMapper.transformCompanyToDto(..)"}{"timestamp":"2026-06-16 21:20:52","level":"INFO","logger":"com.example.BE.aspects.LoggingAndPerformanceAspect","message":"⏱ Execution time: 1 ms"}{"timestamp":"2026-06-16 21:20:52","level":"INFO","logger":"com.example.BE.aspects.LoggingAndPerformanceAspect","message":"➡️ Entering method: CompanyMapper.transformCompanyToDto(..)"}{"timestamp":"2026-06-16 21:20:52","level":"INFO","logger":"com.example.BE.aspects.LoggingAndPerformanceAspect","message":"📥 Arguments: [com.example.BE.entity.Company@71fa533]"}{"timestamp":"2026-06-16 21:20:52","level":"INFO","logger":"com.example.BE.aspects.LoggingAndPerformanceAspect","message":"✅ Method executed successfully: CompanyMapper.transformCompanyToDto(..)"}{"timestamp":"2026-06-16 21:20:52","level":"INFO","logger":"com.example.BE.aspects.LoggingAndPerformanceAspect","message":"⏱ Execution time: 1 ms"}{"timestamp":"2026-06-16 21:20:52","level":"INFO","logger":"com.example.BE.aspects.LoggingAndPerformanceAspect","message":"➡️ Entering method: CompanyMapper.transformCompanyToDto(..)"}{"timestamp":"2026-06-16 21:20:52","level":"INFO","logger":"com.example.BE.aspects.LoggingAndPerformanceAspect","message":"📥 Arguments: [com.example.BE.entity.Company@46394c14]"}{"timestamp":"2026-06-16 21:20:52","level":"INFO","logger":"com.example.BE.aspects.LoggingAndPerformanceAspect","message":"✅ Method executed successfully: CompanyMapper.transformCompanyToDto(..)"}{"timestamp":"2026-06-16 21:20:52","level":"INFO","logger":"com.example.BE.aspects.LoggingAndPerformanceAspect","message":"⏱ Execution time: 1 ms"}{"timestamp":"2026-06-16 21:20:52","level":"INFO","logger":"com.example.BE.aspects.LoggingAndPerformanceAspect","message":"➡️ Entering method: CompanyMapper.transformCompanyToDto(..)"}{"timestamp":"2026-06-16 21:20:52","level":"INFO","logger":"com.example.BE.aspects.LoggingAndPerformanceAspect","message":"📥 Arguments: [com.example.BE.entity.Company@248b7ea0]"}{"timestamp":"2026-06-16 21:20:52","level":"INFO","logger":"com.example.BE.aspects.LoggingAndPerformanceAspect","message":"✅ Method executed successfully: CompanyMapper.transformCompanyToDto(..)"}{"timestamp":"2026-06-16 21:20:52","level":"INFO","logger":"com.example.BE.aspects.LoggingAndPerformanceAspect","message":"⏱ Execution time: 2 ms"}{"timestamp":"2026-06-16 21:20:52","level":"INFO","logger":"com.example.BE.aspects.LoggingAndPerformanceAspect","message":"➡️ Entering method: CompanyMapper.transformCompanyToDto(..)"}{"timestamp":"2026-06-16 21:20:52","level":"INFO","logger":"com.example.BE.aspects.LoggingAndPerformanceAspect","message":"📥 Arguments: [com.example.BE.entity.Company@3ae567c3]"}{"timestamp":"2026-06-16 21:20:52","level":"INFO","logger":"com.example.BE.aspects.LoggingAndPerformanceAspect","message":"✅ Method executed successfully: CompanyMapper.transformCompanyToDto(..)"}{"timestamp":"2026-06-16 21:20:52","level":"INFO","logger":"com.example.BE.aspects.LoggingAndPerformanceAspect","message":"⏱ Execution time: 2 ms"}{"timestamp":"2026-06-16 21:20:52","level":"INFO","logger":"com.example.BE.aspects.LoggingAndPerformanceAspect","message":"➡️ Entering method: CompanyMapper.transformCompanyToDto(..)"}{"timestamp":"2026-06-16 21:20:52","level":"INFO","logger":"com.example.BE.aspects.LoggingAndPerformanceAspect","message":"📥 Arguments: [com.example.BE.entity.Company@62012e54]"}{"timestamp":"2026-06-16 21:20:52","level":"INFO","logger":"com.example.BE.aspects.LoggingAndPerformanceAspect","message":"✅ Method executed successfully: CompanyMapper.transformCompanyToDto(..)"}{"timestamp":"2026-06-16 21:20:52","level":"INFO","logger":"com.example.BE.aspects.LoggingAndPerformanceAspect","message":"⏱ Execution time: 1 ms"}{"timestamp":"2026-06-16 21:20:52","level":"INFO","logger":"com.example.BE.aspects.LoggingAndPerformanceAspect","message":"➡️ Entering method: CompanyMapper.transformCompanyToDto(..)"}{"timestamp":"2026-06-16 21:20:52","level":"INFO","logger":"com.example.BE.aspects.LoggingAndPerformanceAspect","message":"📥 Arguments: [com.example.BE.entity.Company@19182b8e]"}{"timestamp":"2026-06-16 21:20:52","level":"INFO","logger":"com.example.BE.aspects.LoggingAndPerformanceAspect","message":"✅ Method executed successfully: CompanyMapper.transformCompanyToDto(..)"}{"timestamp":"2026-06-16 21:20:52","level":"INFO","logger":"com.example.BE.aspects.LoggingAndPerformanceAspect","message":"⏱ Execution time: 2 ms"}{"timestamp":"2026-06-16 21:20:52","level":"INFO","logger":"com.example.BE.aspects.LoggingAndPerformanceAspect","message":"➡️ Entering method: CompanyMapper.transformCompanyToDto(..)"}{"timestamp":"2026-06-16 21:20:52","level":"INFO","logger":"com.example.BE.aspects.LoggingAndPerformanceAspect","message":"📥 Arguments: [com.example.BE.entity.Company@2b3cad6b]"}{"timestamp":"2026-06-16 21:20:52","level":"INFO","logger":"com.example.BE.aspects.LoggingAndPerformanceAspect","message":"✅ Method executed successfully: CompanyMapper.transformCompanyToDto(..)"}{"timestamp":"2026-06-16 21:20:52","level":"INFO","logger":"com.example.BE.aspects.LoggingAndPerformanceAspect","message":"⏱ Execution time: 1 ms"}{"timestamp":"2026-06-16 21:20:52","level":"INFO","logger":"com.example.BE.aspects.LoggingAndPerformanceAspect","message":"➡️ Entering method: CompanyMapper.transformCompanyToDto(..)"}{"timestamp":"2026-06-16 21:20:52","level":"INFO","logger":"com.example.BE.aspects.LoggingAndPerformanceAspect","message":"📥 Arguments: [com.example.BE.entity.Company@544d6ee1]"}{"timestamp":"2026-06-16 21:20:52","level":"INFO","logger":"com.example.BE.aspects.LoggingAndPerformanceAspect","message":"✅ Method executed successfully: CompanyMapper.transformCompanyToDto(..)"}{"timestamp":"2026-06-16 21:20:52","level":"INFO","logger":"com.example.BE.aspects.LoggingAndPerformanceAspect","message":"⏱ Execution time: 1 ms"}{"timestamp":"2026-06-16 21:20:52","level":"INFO","logger":"com.example.BE.aspects.LoggingAndPerformanceAspect","message":"➡️ Entering method: CompanyMapper.transformCompanyToDto(..)"}{"timestamp":"2026-06-16 21:20:52","level":"INFO","logger":"com.example.BE.aspects.LoggingAndPerformanceAspect","message":"📥 Arguments: [com.example.BE.entity.Company@50a160c9]"}{"timestamp":"2026-06-16 21:20:52","level":"INFO","logger":"com.example.BE.aspects.LoggingAndPerformanceAspect","message":"✅ Method executed successfully: CompanyMapper.transformCompanyToDto(..)"}{"timestamp":"2026-06-16 21:20:52","level":"INFO","logger":"com.example.BE.aspects.LoggingAndPerformanceAspect","message":"⏱ Execution time: 2 ms"}{"timestamp":"2026-06-16 21:20:52","level":"INFO","logger":"com.example.BE.aspects.LoggingAndPerformanceAspect","message":"➡️ Entering method: CompanyMapper.transformCompanyToDto(..)"}{"timestamp":"2026-06-16 21:20:52","level":"INFO","logger":"com.example.BE.aspects.LoggingAndPerformanceAspect","message":"📥 Arguments: [com.example.BE.entity.Company@567d41fe]"}{"timestamp":"2026-06-16 21:20:52","level":"INFO","logger":"com.example.BE.aspects.LoggingAndPerformanceAspect","message":"✅ Method executed successfully: CompanyMapper.transformCompanyToDto(..)"}{"timestamp":"2026-06-16 21:20:52","level":"INFO","logger":"com.example.BE.aspects.LoggingAndPerformanceAspect","message":"⏱ Execution time: 1 ms"}{"timestamp":"2026-06-16 21:20:52","level":"INFO","logger":"com.example.BE.aspects.LoggingAndPerformanceAspect","message":"➡️ Entering method: CompanyMapper.transformCompanyToDto(..)"}{"timestamp":"2026-06-16 21:20:52","level":"INFO","logger":"com.example.BE.aspects.LoggingAndPerformanceAspect","message":"📥 Arguments: [com.example.BE.entity.Company@23394e40]"}{"timestamp":"2026-06-16 21:20:52","level":"INFO","logger":"com.example.BE.aspects.LoggingAndPerformanceAspect","message":"✅ Method executed successfully: CompanyMapper.transformCompanyToDto(..)"}{"timestamp":"2026-06-16 21:20:52","level":"INFO","logger":"com.example.BE.aspects.LoggingAndPerformanceAspect","message":"⏱ Execution time: 2 ms"}{"timestamp":"2026-06-16 21:20:52","level":"INFO","logger":"com.example.BE.aspects.LoggingAndPerformanceAspect","message":"➡️ Entering method: CompanyMapper.transformCompanyToDto(..)"}{"timestamp":"2026-06-16 21:20:52","level":"INFO","logger":"com.example.BE.aspects.LoggingAndPerformanceAspect","message":"📥 Arguments: [com.example.BE.entity.Company@3e6f1770]"}{"timestamp":"2026-06-16 21:20:52","level":"INFO","logger":"com.example.BE.aspects.LoggingAndPerformanceAspect","message":"✅ Method executed successfully: CompanyMapper.transformCompanyToDto(..)"}{"timestamp":"2026-06-16 21:20:52","level":"INFO","logger":"com.example.BE.aspects.LoggingAndPerformanceAspect","message":"⏱ Execution time: 2 ms"}{"timestamp":"2026-06-16 21:20:52","level":"INFO","logger":"com.example.BE.aspects.LoggingAndPerformanceAspect","message":"➡️ Entering method: CompanyMapper.transformCompanyToDto(..)"}{"timestamp":"2026-06-16 21:20:52","level":"INFO","logger":"com.example.BE.aspects.LoggingAndPerformanceAspect","message":"📥 Arguments: [com.example.BE.entity.Company@37408d6e]"}{"timestamp":"2026-06-16 21:20:52","level":"INFO","logger":"com.example.BE.aspects.LoggingAndPerformanceAspect","message":"✅ Method executed successfully: CompanyMapper.transformCompanyToDto(..)"}{"timestamp":"2026-06-16 21:20:52","level":"INFO","logger":"com.example.BE.aspects.LoggingAndPerformanceAspect","message":"⏱ Execution time: 1 ms"}{"timestamp":"2026-06-16 21:20:52","level":"INFO","logger":"com.example.BE.aspects.LoggingAndPerformanceAspect","message":"➡️ Entering method: CompanyMapper.transformCompanyToDto(..)"}{"timestamp":"2026-06-16 21:20:52","level":"INFO","logger":"com.example.BE.aspects.LoggingAndPerformanceAspect","message":"📥 Arguments: [com.example.BE.entity.Company@570f981f]"}{"timestamp":"2026-06-16 21:20:52","level":"INFO","logger":"com.example.BE.aspects.LoggingAndPerformanceAspect","message":"✅ Method executed successfully: CompanyMapper.transformCompanyToDto(..)"}{"timestamp":"2026-06-16 21:20:52","level":"INFO","logger":"com.example.BE.aspects.LoggingAndPerformanceAspect","message":"⏱ Execution time: 1 ms"}{"timestamp":"2026-06-16 21:20:52","level":"INFO","logger":"com.example.BE.aspects.LoggingAndPerformanceAspect","message":"➡️ Entering method: CompanyMapper.transformCompanyToDto(..)"}{"timestamp":"2026-06-16 21:20:52","level":"INFO","logger":"com.example.BE.aspects.LoggingAndPerformanceAspect","message":"📥 Arguments: [com.example.BE.entity.Company@1f05c661]"}{"timestamp":"2026-06-16 21:20:52","level":"INFO","logger":"com.example.BE.aspects.LoggingAndPerformanceAspect","message":"✅ Method executed successfully: CompanyMapper.transformCompanyToDto(..)"}{"timestamp":"2026-06-16 21:20:52","level":"INFO","logger":"com.example.BE.aspects.LoggingAndPerformanceAspect","message":"⏱ Execution time: 1 ms"}{"timestamp":"2026-06-16 21:20:52","level":"INFO","logger":"com.example.BE.aspects.LoggingAndPerformanceAspect","message":"➡️ Entering method: CompanyMapper.transformCompanyToDto(..)"}{"timestamp":"2026-06-16 21:20:52","level":"INFO","logger":"com.example.BE.aspects.LoggingAndPerformanceAspect","message":"📥 Arguments: [com.example.BE.entity.Company@31bed146]"}{"timestamp":"2026-06-16 21:20:52","level":"INFO","logger":"com.example.BE.aspects.LoggingAndPerformanceAspect","message":"✅ Method executed successfully: CompanyMapper.transformCompanyToDto(..)"}{"timestamp":"2026-06-16 21:20:52","level":"INFO","logger":"com.example.BE.aspects.LoggingAndPerformanceAspect","message":"⏱ Execution time: 1 ms"}{"timestamp":"2026-06-16 21:20:52","level":"INFO","logger":"com.example.BE.aspects.LoggingAndPerformanceAspect","message":"➡️ Entering method: CompanyMapper.transformCompanyToDto(..)"}{"timestamp":"2026-06-16 21:20:52","level":"INFO","logger":"com.example.BE.aspects.LoggingAndPerformanceAspect","message":"📥 Arguments: [com.example.BE.entity.Company@601f4b2b]"}{"timestamp":"2026-06-16 21:20:52","level":"INFO","logger":"com.example.BE.aspects.LoggingAndPerformanceAspect","message":"✅ Method executed successfully: CompanyMapper.transformCompanyToDto(..)"}{"timestamp":"2026-06-16 21:20:52","level":"INFO","logger":"com.example.BE.aspects.LoggingAndPerformanceAspect","message":"⏱ Execution time: 1 ms"}{"timestamp":"2026-06-16 21:20:52","level":"INFO","logger":"com.example.BE.aspects.LoggingAndPerformanceAspect","message":"➡️ Entering method: CompanyMapper.transformCompanyToDto(..)"}{"timestamp":"2026-06-16 21:20:52","level":"INFO","logger":"com.example.BE.aspects.LoggingAndPerformanceAspect","message":"📥 Arguments: [com.example.BE.entity.Company@600f8257]"}{"timestamp":"2026-06-16 21:20:52","level":"INFO","logger":"com.example.BE.aspects.LoggingAndPerformanceAspect","message":"✅ Method executed successfully: CompanyMapper.transformCompanyToDto(..)"}{"timestamp":"2026-06-16 21:20:52","level":"INFO","logger":"com.example.BE.aspects.LoggingAndPerformanceAspect","message":"⏱ Execution time: 2 ms"}{"timestamp":"2026-06-16 21:20:52","level":"INFO","logger":"com.example.BE.aspects.LoggingAndPerformanceAspect","message":"➡️ Entering method: CompanyMapper.transformCompanyToDto(..)"}{"timestamp":"2026-06-16 21:20:52","level":"INFO","logger":"com.example.BE.aspects.LoggingAndPerformanceAspect","message":"📥 Arguments: [com.example.BE.entity.Company@33071a37]"}{"timestamp":"2026-06-16 21:20:52","level":"INFO","logger":"com.example.BE.aspects.LoggingAndPerformanceAspect","message":"✅ Method executed successfully: CompanyMapper.transformCompanyToDto(..)"}{"timestamp":"2026-06-16 21:20:52","level":"INFO","logger":"com.example.BE.aspects.LoggingAndPerformanceAspect","message":"⏱ Execution time: 1 ms"}{"timestamp":"2026-06-16 21:20:52","level":"INFO","logger":"com.example.BE.aspects.LoggingAndPerformanceAspect","message":"➡️ Entering method: CompanyMapper.transformCompanyToDto(..)"}{"timestamp":"2026-06-16 21:20:52","level":"INFO","logger":"com.example.BE.aspects.LoggingAndPerformanceAspect","message":"📥 Arguments: [com.example.BE.entity.Company@48b63a98]"}{"timestamp":"2026-06-16 21:20:52","level":"INFO","logger":"com.example.BE.aspects.LoggingAndPerformanceAspect","message":"✅ Method executed successfully: CompanyMapper.transformCompanyToDto(..)"}{"timestamp":"2026-06-16 21:20:52","level":"INFO","logger":"com.example.BE.aspects.LoggingAndPerformanceAspect","message":"⏱ Execution time: 0 ms"}{"timestamp":"2026-06-16 21:20:52","level":"INFO","logger":"com.example.BE.aspects.LoggingAndPerformanceAspect","message":"✅ Method executed successfully: ICompanyServiceImpl.getAllCompanies()"}{"timestamp":"2026-06-16 21:20:52","level":"INFO","logger":"com.example.BE.aspects.LoggingAndPerformanceAspect","message":"⏱ Execution time: 916 ms"}{"timestamp":"2026-06-16 21:20:52","level":"INFO","logger":"com.example.BE.aspects.LoggingAndPerformanceAspect","message":"✅ Method executed successfully: CompanyController.getAllCompanies()"}{"timestamp":"2026-06-16 21:20:52","level":"INFO","logger":"com.example.BE.aspects.LoggingAndPerformanceAspect","message":"⏱ Execution time: 968 ms"}{"timestamp":"2026-06-16 21:20:52","level":"INFO","logger":"com.example.BE.aspects.LoggingAndPerformanceAspect","message":"➡️ Entering method: CompanyController.getAllCompanies()"}{"timestamp":"2026-06-16 21:20:52","level":"INFO","logger":"com.example.BE.aspects.LoggingAndPerformanceAspect","message":"📥 Arguments: []"}{"timestamp":"2026-06-16 21:20:52","level":"INFO","logger":"com.example.BE.aspects.LoggingAndPerformanceAspect","message":"➡️ Entering method: ICompanyServiceImpl.getAllCompanies()"}{"timestamp":"2026-06-16 21:20:52","level":"INFO","logger":"com.example.BE.aspects.LoggingAndPerformanceAspect","message":"📥 Arguments: []"}{"timestamp":"2026-06-16 21:20:52","level":"INFO","logger":"com.example.BE.aspects.LoggingAndPerformanceAspect","message":"➡️ Entering method: CompanyRepository.findAllWithJobsByStatus(..)"}{"timestamp":"2026-06-16 21:20:52","level":"INFO","logger":"com.example.BE.aspects.LoggingAndPerformanceAspect","message":"📥 Arguments: [ACTIVE]"}{"timestamp":"2026-06-16 21:20:53","level":"INFO","logger":"com.example.BE.aspects.LoggingAndPerformanceAspect","message":"✅ Method executed successfully: CompanyRepository.findAllWithJobsByStatus(..)"}{"timestamp":"2026-06-16 21:20:53","level":"INFO","logger":"com.example.BE.aspects.LoggingAndPerformanceAspect","message":"⏱ Execution time: 226 ms"}{"timestamp":"2026-06-16 21:20:53","level":"INFO","logger":"com.example.BE.aspects.LoggingAndPerformanceAspect","message":"➡️ Entering method: CompanyMapper.transformCompanyToDto(..)"}{"timestamp":"2026-06-16 21:20:53","level":"INFO","logger":"com.example.BE.aspects.LoggingAndPerformanceAspect","message":"📥 Arguments: [com.example.BE.entity.Company@3f4a0097]"}{"timestamp":"2026-06-16 21:20:53","level":"INFO","logger":"com.example.BE.aspects.LoggingAndPerformanceAspect","message":"✅ Method executed successfully: CompanyMapper.transformCompanyToDto(..)"}{"timestamp":"2026-06-16 21:20:53","level":"INFO","logger":"com.example.BE.aspects.LoggingAndPerformanceAspect","message":"⏱ Execution time: 1 ms"}{"timestamp":"2026-06-16 21:20:53","level":"INFO","logger":"com.example.BE.aspects.LoggingAndPerformanceAspect","message":"➡️ Entering method: CompanyMapper.transformCompanyToDto(..)"}{"timestamp":"2026-06-16 21:20:53","level":"INFO","logger":"com.example.BE.aspects.LoggingAndPerformanceAspect","message":"📥 Arguments: [com.example.BE.entity.Company@1e7939c4]"}{"timestamp":"2026-06-16 21:20:53","level":"INFO","logger":"com.example.BE.aspects.LoggingAndPerformanceAspect","message":"✅ Method executed successfully: CompanyMapper.transformCompanyToDto(..)"}{"timestamp":"2026-06-16 21:20:53","level":"INFO","logger":"com.example.BE.aspects.LoggingAndPerformanceAspect","message":"⏱ Execution time: 5 ms"}{"timestamp":"2026-06-16 21:20:53","level":"INFO","logger":"com.example.BE.aspects.LoggingAndPerformanceAspect","message":"➡️ Entering method: CompanyMapper.transformCompanyToDto(..)"}{"timestamp":"2026-06-16 21:20:53","level":"INFO","logger":"com.example.BE.aspects.LoggingAndPerformanceAspect","message":"📥 Arguments: [com.example.BE.entity.Company@35628537]"}{"timestamp":"2026-06-16 21:20:53","level":"INFO","logger":"com.example.BE.aspects.LoggingAndPerformanceAspect","message":"✅ Method executed successfully: CompanyMapper.transformCompanyToDto(..)"}{"timestamp":"2026-06-16 21:20:53","level":"INFO","logger":"com.example.BE.aspects.LoggingAndPerformanceAspect","message":"⏱ Execution time: 5 ms"}{"timestamp":"2026-06-16 21:20:53","level":"INFO","logger":"com.example.BE.aspects.LoggingAndPerformanceAspect","message":"➡️ Entering method: CompanyMapper.transformCompanyToDto(..)"}{"timestamp":"2026-06-16 21:20:53","level":"INFO","logger":"com.example.BE.aspects.LoggingAndPerformanceAspect","message":"📥 Arguments: [com.example.BE.entity.Company@2da9ff0e]"}{"timestamp":"2026-06-16 21:20:53","level":"INFO","logger":"com.example.BE.aspects.LoggingAndPerformanceAspect","message":"✅ Method executed successfully: CompanyMapper.transformCompanyToDto(..)"}{"timestamp":"2026-06-16 21:20:53","level":"INFO","logger":"com.example.BE.aspects.LoggingAndPerformanceAspect","message":"⏱ Execution time: 13 ms"}{"timestamp":"2026-06-16 21:20:53","level":"INFO","logger":"com.example.BE.aspects.LoggingAndPerformanceAspect","message":"➡️ Entering method: CompanyMapper.transformCompanyToDto(..)"}{"timestamp":"2026-06-16 21:20:53","level":"INFO","logger":"com.example.BE.aspects.LoggingAndPerformanceAspect","message":"📥 Arguments: [com.example.BE.entity.Company@2876c345]"}{"timestamp":"2026-06-16 21:20:53","level":"INFO","logger":"com.example.BE.aspects.LoggingAndPerformanceAspect","message":"✅ Method executed successfully: CompanyMapper.transformCompanyToDto(..)"}{"timestamp":"2026-06-16 21:20:53","level":"INFO","logger":"com.example.BE.aspects.LoggingAndPerformanceAspect","message":"⏱ Execution time: 1 ms"}{"timestamp":"2026-06-16 21:20:53","level":"INFO","logger":"com.example.BE.aspects.LoggingAndPerformanceAspect","message":"➡️ Entering method: CompanyMapper.transformCompanyToDto(..)"}{"timestamp":"2026-06-16 21:20:53","level":"INFO","logger":"com.example.BE.aspects.LoggingAndPerformanceAspect","message":"📥 Arguments: [com.example.BE.entity.Company@25da2620]"}{"timestamp":"2026-06-16 21:20:53","level":"INFO","logger":"com.example.BE.aspects.LoggingAndPerformanceAspect","message":"✅ Method executed successfully: CompanyMapper.transformCompanyToDto(..)"}{"timestamp":"2026-06-16 21:20:53","level":"INFO","logger":"com.example.BE.aspects.LoggingAndPerformanceAspect","message":"⏱ Execution time: 1 ms"}{"timestamp":"2026-06-16 21:20:53","level":"INFO","logger":"com.example.BE.aspects.LoggingAndPerformanceAspect","message":"➡️ Entering method: CompanyMapper.transformCompanyToDto(..)"}{"timestamp":"2026-06-16 21:20:53","level":"INFO","logger":"com.example.BE.aspects.LoggingAndPerformanceAspect","message":"📥 Arguments: [com.example.BE.entity.Company@7f42aa87]"}{"timestamp":"2026-06-16 21:20:53","level":"INFO","logger":"com.example.BE.aspects.LoggingAndPerformanceAspect","message":"✅ Method executed successfully: CompanyMapper.transformCompanyToDto(..)"}{"timestamp":"2026-06-16 21:20:53","level":"INFO","logger":"com.example.BE.aspects.LoggingAndPerformanceAspect","message":"⏱ Execution time: 3 ms"}{"timestamp":"2026-06-16 21:20:53","level":"INFO","logger":"com.example.BE.aspects.LoggingAndPerformanceAspect","message":"➡️ Entering method: CompanyMapper.transformCompanyToDto(..)"}{"timestamp":"2026-06-16 21:20:53","level":"INFO","logger":"com.example.BE.aspects.LoggingAndPerformanceAspect","message":"📥 Arguments: [com.example.BE.entity.Company@488da45d]"}{"timestamp":"2026-06-16 21:20:53","level":"INFO","logger":"com.example.BE.aspects.LoggingAndPerformanceAspect","message":"✅ Method executed successfully: CompanyMapper.transformCompanyToDto(..)"}{"timestamp":"2026-06-16 21:20:53","level":"INFO","logger":"com.example.BE.aspects.LoggingAndPerformanceAspect","message":"⏱ Execution time: 3 ms"}{"timestamp":"2026-06-16 21:20:53","level":"INFO","logger":"com.example.BE.aspects.LoggingAndPerformanceAspect","message":"➡️ Entering method: CompanyMapper.transformCompanyToDto(..)"}{"timestamp":"2026-06-16 21:20:53","level":"INFO","logger":"com.example.BE.aspects.LoggingAndPerformanceAspect","message":"📥 Arguments: [com.example.BE.entity.Company@26a624d4]"}{"timestamp":"2026-06-16 21:20:53","level":"INFO","logger":"com.example.BE.aspects.LoggingAndPerformanceAspect","message":"✅ Method executed successfully: CompanyMapper.transformCompanyToDto(..)"}{"timestamp":"2026-06-16 21:20:53","level":"INFO","logger":"com.example.BE.aspects.LoggingAndPerformanceAspect","message":"⏱ Execution time: 2 ms"}{"timestamp":"2026-06-16 21:20:53","level":"INFO","logger":"com.example.BE.aspects.LoggingAndPerformanceAspect","message":"➡️ Entering method: CompanyMapper.transformCompanyToDto(..)"}{"timestamp":"2026-06-16 21:20:53","level":"INFO","logger":"com.example.BE.aspects.LoggingAndPerformanceAspect","message":"📥 Arguments: [com.example.BE.entity.Company@3cb0f2f0]"}{"timestamp":"2026-06-16 21:20:53","level":"INFO","logger":"com.example.BE.aspects.LoggingAndPerformanceAspect","message":"✅ Method executed successfully: CompanyMapper.transformCompanyToDto(..)"}{"timestamp":"2026-06-16 21:20:53","level":"INFO","logger":"com.example.BE.aspects.LoggingAndPerformanceAspect","message":"⏱ Execution time: 2 ms"}{"timestamp":"2026-06-16 21:20:53","level":"INFO","logger":"com.example.BE.aspects.LoggingAndPerformanceAspect","message":"➡️ Entering method: CompanyMapper.transformCompanyToDto(..)"}{"timestamp":"2026-06-16 21:20:53","level":"INFO","logger":"com.example.BE.aspects.LoggingAndPerformanceAspect","message":"📥 Arguments: [com.example.BE.entity.Company@fe0e4af]"}{"timestamp":"2026-06-16 21:20:53","level":"INFO","logger":"com.example.BE.aspects.LoggingAndPerformanceAspect","message":"✅ Method executed successfully: CompanyMapper.transformCompanyToDto(..)"}{"timestamp":"2026-06-16 21:20:53","level":"INFO","logger":"com.example.BE.aspects.LoggingAndPerformanceAspect","message":"⏱ Execution time: 1 ms"}{"timestamp":"2026-06-16 21:20:53","level":"INFO","logger":"com.example.BE.aspects.LoggingAndPerformanceAspect","message":"➡️ Entering method: CompanyMapper.transformCompanyToDto(..)"}{"timestamp":"2026-06-16 21:20:53","level":"INFO","logger":"com.example.BE.aspects.LoggingAndPerformanceAspect","message":"📥 Arguments: [com.example.BE.entity.Company@6c13020]"}{"timestamp":"2026-06-16 21:20:53","level":"INFO","logger":"com.example.BE.aspects.LoggingAndPerformanceAspect","message":"✅ Method executed successfully: CompanyMapper.transformCompanyToDto(..)"}{"timestamp":"2026-06-16 21:20:53","level":"INFO","logger":"com.example.BE.aspects.LoggingAndPerformanceAspect","message":"⏱ Execution time: 2 ms"}{"timestamp":"2026-06-16 21:20:53","level":"INFO","logger":"com.example.BE.aspects.LoggingAndPerformanceAspect","message":"➡️ Entering method: CompanyMapper.transformCompanyToDto(..)"}{"timestamp":"2026-06-16 21:20:53","level":"INFO","logger":"com.example.BE.aspects.LoggingAndPerformanceAspect","message":"📥 Arguments: [com.example.BE.entity.Company@4bf84433]"}{"timestamp":"2026-06-16 21:20:53","level":"INFO","logger":"com.example.BE.aspects.LoggingAndPerformanceAspect","message":"✅ Method executed successfully: CompanyMapper.transformCompanyToDto(..)"}{"timestamp":"2026-06-16 21:20:53","level":"INFO","logger":"com.example.BE.aspects.LoggingAndPerformanceAspect","message":"⏱ Execution time: 1 ms"}{"timestamp":"2026-06-16 21:20:53","level":"INFO","logger":"com.example.BE.aspects.LoggingAndPerformanceAspect","message":"➡️ Entering method: CompanyMapper.transformCompanyToDto(..)"}{"timestamp":"2026-06-16 21:20:53","level":"INFO","logger":"com.example.BE.aspects.LoggingAndPerformanceAspect","message":"📥 Arguments: [com.example.BE.entity.Company@40493451]"}{"timestamp":"2026-06-16 21:20:53","level":"INFO","logger":"com.example.BE.aspects.LoggingAndPerformanceAspect","message":"✅ Method executed successfully: CompanyMapper.transformCompanyToDto(..)"}{"timestamp":"2026-06-16 21:20:53","level":"INFO","logger":"com.example.BE.aspects.LoggingAndPerformanceAspect","message":"⏱ Execution time: 1 ms"}{"timestamp":"2026-06-16 21:20:53","level":"INFO","logger":"com.example.BE.aspects.LoggingAndPerformanceAspect","message":"➡️ Entering method: CompanyMapper.transformCompanyToDto(..)"}{"timestamp":"2026-06-16 21:20:53","level":"INFO","logger":"com.example.BE.aspects.LoggingAndPerformanceAspect","message":"📥 Arguments: [com.example.BE.entity.Company@1de87119]"}{"timestamp":"2026-06-16 21:20:53","level":"INFO","logger":"com.example.BE.aspects.LoggingAndPerformanceAspect","message":"✅ Method executed successfully: CompanyMapper.transformCompanyToDto(..)"}{"timestamp":"2026-06-16 21:20:53","level":"INFO","logger":"com.example.BE.aspects.LoggingAndPerformanceAspect","message":"⏱ Execution time: 1 ms"}{"timestamp":"2026-06-16 21:20:53","level":"INFO","logger":"com.example.BE.aspects.LoggingAndPerformanceAspect","message":"➡️ Entering method: CompanyMapper.transformCompanyToDto(..)"}{"timestamp":"2026-06-16 21:20:53","level":"INFO","logger":"com.example.BE.aspects.LoggingAndPerformanceAspect","message":"📥 Arguments: [com.example.BE.entity.Company@3221dc70]"}{"timestamp":"2026-06-16 21:20:53","level":"INFO","logger":"com.example.BE.aspects.LoggingAndPerformanceAspect","message":"✅ Method executed successfully: CompanyMapper.transformCompanyToDto(..)"}{"timestamp":"2026-06-16 21:20:53","level":"INFO","logger":"com.example.BE.aspects.LoggingAndPerformanceAspect","message":"⏱ Execution time: 1 ms"}{"timestamp":"2026-06-16 21:20:53","level":"INFO","logger":"com.example.BE.aspects.LoggingAndPerformanceAspect","message":"➡️ Entering method: CompanyMapper.transformCompanyToDto(..)"}{"timestamp":"2026-06-16 21:20:53","level":"INFO","logger":"com.example.BE.aspects.LoggingAndPerformanceAspect","message":"📥 Arguments: [com.example.BE.entity.Company@4f51f491]"}{"timestamp":"2026-06-16 21:20:53","level":"INFO","logger":"com.example.BE.aspects.LoggingAndPerformanceAspect","message":"✅ Method executed successfully: CompanyMapper.transformCompanyToDto(..)"}{"timestamp":"2026-06-16 21:20:53","level":"INFO","logger":"com.example.BE.aspects.LoggingAndPerformanceAspect","message":"⏱ Execution time: 1 ms"}{"timestamp":"2026-06-16 21:20:53","level":"INFO","logger":"com.example.BE.aspects.LoggingAndPerformanceAspect","message":"➡️ Entering method: CompanyMapper.transformCompanyToDto(..)"}{"timestamp":"2026-06-16 21:20:53","level":"INFO","logger":"com.example.BE.aspects.LoggingAndPerformanceAspect","message":"📥 Arguments: [com.example.BE.entity.Company@2c6148cc]"}{"timestamp":"2026-06-16 21:20:53","level":"INFO","logger":"com.example.BE.aspects.LoggingAndPerformanceAspect","message":"✅ Method executed successfully: CompanyMapper.transformCompanyToDto(..)"}{"timestamp":"2026-06-16 21:20:53","level":"INFO","logger":"com.example.BE.aspects.LoggingAndPerformanceAspect","message":"⏱ Execution time: 1 ms"}{"timestamp":"2026-06-16 21:20:53","level":"INFO","logger":"com.example.BE.aspects.LoggingAndPerformanceAspect","message":"➡️ Entering method: CompanyMapper.transformCompanyToDto(..)"}{"timestamp":"2026-06-16 21:20:53","level":"INFO","logger":"com.example.BE.aspects.LoggingAndPerformanceAspect","message":"📥 Arguments: [com.example.BE.entity.Company@5955ca94]"}{"timestamp":"2026-06-16 21:20:53","level":"INFO","logger":"com.example.BE.aspects.LoggingAndPerformanceAspect","message":"✅ Method executed successfully: CompanyMapper.transformCompanyToDto(..)"}{"timestamp":"2026-06-16 21:20:53","level":"INFO","logger":"com.example.BE.aspects.LoggingAndPerformanceAspect","message":"⏱ Execution time: 2 ms"}{"timestamp":"2026-06-16 21:20:53","level":"INFO","logger":"com.example.BE.aspects.LoggingAndPerformanceAspect","message":"➡️ Entering method: CompanyMapper.transformCompanyToDto(..)"}{"timestamp":"2026-06-16 21:20:53","level":"INFO","logger":"com.example.BE.aspects.LoggingAndPerformanceAspect","message":"📥 Arguments: [com.example.BE.entity.Company@684b5970]"}{"timestamp":"2026-06-16 21:20:53","level":"INFO","logger":"com.example.BE.aspects.LoggingAndPerformanceAspect","message":"✅ Method executed successfully: CompanyMapper.transformCompanyToDto(..)"}{"timestamp":"2026-06-16 21:20:53","level":"INFO","logger":"com.example.BE.aspects.LoggingAndPerformanceAspect","message":"⏱ Execution time: 1 ms"}{"timestamp":"2026-06-16 21:20:53","level":"INFO","logger":"com.example.BE.aspects.LoggingAndPerformanceAspect","message":"➡️ Entering method: CompanyMapper.transformCompanyToDto(..)"}{"timestamp":"2026-06-16 21:20:53","level":"INFO","logger":"com.example.BE.aspects.LoggingAndPerformanceAspect","message":"📥 Arguments: [com.example.BE.entity.Company@1692f794]"}{"timestamp":"2026-06-16 21:20:53","level":"INFO","logger":"com.example.BE.aspects.LoggingAndPerformanceAspect","message":"✅ Method executed successfully: CompanyMapper.transformCompanyToDto(..)"}{"timestamp":"2026-06-16 21:20:53","level":"INFO","logger":"com.example.BE.aspects.LoggingAndPerformanceAspect","message":"⏱ Execution time: 1 ms"}{"timestamp":"2026-06-16 21:20:53","level":"INFO","logger":"com.example.BE.aspects.LoggingAndPerformanceAspect","message":"➡️ Entering method: CompanyMapper.transformCompanyToDto(..)"}{"timestamp":"2026-06-16 21:20:53","level":"INFO","logger":"com.example.BE.aspects.LoggingAndPerformanceAspect","message":"📥 Arguments: [com.example.BE.entity.Company@c61620e]"}{"timestamp":"2026-06-16 21:20:53","level":"INFO","logger":"com.example.BE.aspects.LoggingAndPerformanceAspect","message":"✅ Method executed successfully: CompanyMapper.transformCompanyToDto(..)"}{"timestamp":"2026-06-16 21:20:53","level":"INFO","logger":"com.example.BE.aspects.LoggingAndPerformanceAspect","message":"⏱ Execution time: 1 ms"}{"timestamp":"2026-06-16 21:20:53","level":"INFO","logger":"com.example.BE.aspects.LoggingAndPerformanceAspect","message":"➡️ Entering method: CompanyMapper.transformCompanyToDto(..)"}{"timestamp":"2026-06-16 21:20:53","level":"INFO","logger":"com.example.BE.aspects.LoggingAndPerformanceAspect","message":"📥 Arguments: [com.example.BE.entity.Company@aaefa54]"}{"timestamp":"2026-06-16 21:20:53","level":"INFO","logger":"com.example.BE.aspects.LoggingAndPerformanceAspect","message":"✅ Method executed successfully: CompanyMapper.transformCompanyToDto(..)"}{"timestamp":"2026-06-16 21:20:53","level":"INFO","logger":"com.example.BE.aspects.LoggingAndPerformanceAspect","message":"⏱ Execution time: 1 ms"}{"timestamp":"2026-06-16 21:20:53","level":"INFO","logger":"com.example.BE.aspects.LoggingAndPerformanceAspect","message":"➡️ Entering method: CompanyMapper.transformCompanyToDto(..)"}{"timestamp":"2026-06-16 21:20:53","level":"INFO","logger":"com.example.BE.aspects.LoggingAndPerformanceAspect","message":"📥 Arguments: [com.example.BE.entity.Company@6d4b73cc]"}{"timestamp":"2026-06-16 21:20:53","level":"INFO","logger":"com.example.BE.aspects.LoggingAndPerformanceAspect","message":"✅ Method executed successfully: CompanyMapper.transformCompanyToDto(..)"}{"timestamp":"2026-06-16 21:20:53","level":"INFO","logger":"com.example.BE.aspects.LoggingAndPerformanceAspect","message":"⏱ Execution time: 0 ms"}{"timestamp":"2026-06-16 21:20:53","level":"INFO","logger":"com.example.BE.aspects.LoggingAndPerformanceAspect","message":"➡️ Entering method: CompanyMapper.transformCompanyToDto(..)"}{"timestamp":"2026-06-16 21:20:53","level":"INFO","logger":"com.example.BE.aspects.LoggingAndPerformanceAspect","message":"📥 Arguments: [com.example.BE.entity.Company@714a5ab4]"}{"timestamp":"2026-06-16 21:20:53","level":"INFO","logger":"com.example.BE.aspects.LoggingAndPerformanceAspect","message":"✅ Method executed successfully: CompanyMapper.transformCompanyToDto(..)"}{"timestamp":"2026-06-16 21:20:53","level":"INFO","logger":"com.example.BE.aspects.LoggingAndPerformanceAspect","message":"⏱ Execution time: 1 ms"}{"timestamp":"2026-06-16 21:20:53","level":"INFO","logger":"com.example.BE.aspects.LoggingAndPerformanceAspect","message":"➡️ Entering method: CompanyMapper.transformCompanyToDto(..)"}{"timestamp":"2026-06-16 21:20:53","level":"INFO","logger":"com.example.BE.aspects.LoggingAndPerformanceAspect","message":"📥 Arguments: [com.example.BE.entity.Company@3d157f1e]"}{"timestamp":"2026-06-16 21:20:53","level":"INFO","logger":"com.example.BE.aspects.LoggingAndPerformanceAspect","message":"✅ Method executed successfully: CompanyMapper.transformCompanyToDto(..)"}{"timestamp":"2026-06-16 21:20:53","level":"INFO","logger":"com.example.BE.aspects.LoggingAndPerformanceAspect","message":"⏱ Execution time: 2 ms"}{"timestamp":"2026-06-16 21:20:53","level":"INFO","logger":"com.example.BE.aspects.LoggingAndPerformanceAspect","message":"➡️ Entering method: CompanyMapper.transformCompanyToDto(..)"}{"timestamp":"2026-06-16 21:20:53","level":"INFO","logger":"com.example.BE.aspects.LoggingAndPerformanceAspect","message":"📥 Arguments: [com.example.BE.entity.Company@1c149e7d]"}{"timestamp":"2026-06-16 21:20:53","level":"INFO","logger":"com.example.BE.aspects.LoggingAndPerformanceAspect","message":"✅ Method executed successfully: CompanyMapper.transformCompanyToDto(..)"}{"timestamp":"2026-06-16 21:20:53","level":"INFO","logger":"com.example.BE.aspects.LoggingAndPerformanceAspect","message":"⏱ Execution time: 2 ms"}{"timestamp":"2026-06-16 21:20:53","level":"INFO","logger":"com.example.BE.aspects.LoggingAndPerformanceAspect","message":"➡️ Entering method: CompanyMapper.transformCompanyToDto(..)"}{"timestamp":"2026-06-16 21:20:53","level":"INFO","logger":"com.example.BE.aspects.LoggingAndPerformanceAspect","message":"📥 Arguments: [com.example.BE.entity.Company@21283d85]"}{"timestamp":"2026-06-16 21:20:53","level":"INFO","logger":"com.example.BE.aspects.LoggingAndPerformanceAspect","message":"✅ Method executed successfully: CompanyMapper.transformCompanyToDto(..)"}{"timestamp":"2026-06-16 21:20:53","level":"INFO","logger":"com.example.BE.aspects.LoggingAndPerformanceAspect","message":"⏱ Execution time: 2 ms"}{"timestamp":"2026-06-16 21:20:53","level":"INFO","logger":"com.example.BE.aspects.LoggingAndPerformanceAspect","message":"➡️ Entering method: CompanyMapper.transformCompanyToDto(..)"}{"timestamp":"2026-06-16 21:20:53","level":"INFO","logger":"com.example.BE.aspects.LoggingAndPerformanceAspect","message":"📥 Arguments: [com.example.BE.entity.Company@514ce8c3]"}{"timestamp":"2026-06-16 21:20:53","level":"INFO","logger":"com.example.BE.aspects.LoggingAndPerformanceAspect","message":"✅ Method executed successfully: CompanyMapper.transformCompanyToDto(..)"}{"timestamp":"2026-06-16 21:20:53","level":"INFO","logger":"com.example.BE.aspects.LoggingAndPerformanceAspect","message":"⏱ Execution time: 1 ms"}{"timestamp":"2026-06-16 21:20:53","level":"INFO","logger":"com.example.BE.aspects.LoggingAndPerformanceAspect","message":"➡️ Entering method: CompanyMapper.transformCompanyToDto(..)"}{"timestamp":"2026-06-16 21:20:53","level":"INFO","logger":"com.example.BE.aspects.LoggingAndPerformanceAspect","message":"📥 Arguments: [com.example.BE.entity.Company@71fa1cb8]"}{"timestamp":"2026-06-16 21:20:53","level":"INFO","logger":"com.example.BE.aspects.LoggingAndPerformanceAspect","message":"✅ Method executed successfully: CompanyMapper.transformCompanyToDto(..)"}{"timestamp":"2026-06-16 21:20:53","level":"INFO","logger":"com.example.BE.aspects.LoggingAndPerformanceAspect","message":"⏱ Execution time: 1 ms"}{"timestamp":"2026-06-16 21:20:53","level":"INFO","logger":"com.example.BE.aspects.LoggingAndPerformanceAspect","message":"✅ Method executed successfully: ICompanyServiceImpl.getAllCompanies()"}{"timestamp":"2026-06-16 21:20:53","level":"INFO","logger":"com.example.BE.aspects.LoggingAndPerformanceAspect","message":"⏱ Execution time: 343 ms"}{"timestamp":"2026-06-16 21:20:53","level":"INFO","logger":"com.example.BE.aspects.LoggingAndPerformanceAspect","message":"✅ Method executed successfully: CompanyController.getAllCompanies()"}{"timestamp":"2026-06-16 21:20:53","level":"INFO","logger":"com.example.BE.aspects.LoggingAndPerformanceAspect","message":"⏱ Execution time: 359 ms"}{"timestamp":"2026-06-16 21:22:04","level":"INFO","logger":"com.example.BE.aspects.LoggingAndPerformanceAspect","message":"➡️ Entering method: CsrfController.csrfToken(..)"}{"timestamp":"2026-06-16 21:22:04","level":"INFO","logger":"com.example.BE.aspects.LoggingAndPerformanceAspect","message":"📥 Arguments: [SecurityContextHolderAwareRequestWrapper[ org.springframework.security.web.header.HeaderWriterFilter$HeaderWriterRequest@418898e7]]"}{"timestamp":"2026-06-16 21:22:04","level":"INFO","logger":"com.example.BE.aspects.LoggingAndPerformanceAspect","message":"✅ Method executed successfully: CsrfController.csrfToken(..)"}{"timestamp":"2026-06-16 21:22:04","level":"INFO","logger":"com.example.BE.aspects.LoggingAndPerformanceAspect","message":"⏱ Execution time: 1 ms"}{"timestamp":"2026-06-16 21:22:04","level":"INFO","logger":"com.example.BE.aspects.LoggingAndPerformanceAspect","message":"➡️ Entering method: AuthController.registerUser(..)"}{"timestamp":"2026-06-16 21:22:04","level":"INFO","logger":"com.example.BE.aspects.LoggingAndPerformanceAspect","message":"📥 Arguments: [RegisterRequestDto[name=jobseeker, email=jobseeker@gmail.com, mobileNumber=1111111111, password=jobseeker]]"}{"timestamp":"2026-06-16 21:22:04","level":"INFO","logger":"com.example.BE.aspects.RegisterValidationAspect","message":"🔍 Validating user registration request"}{"timestamp":"2026-06-16 21:22:04","level":"INFO","logger":"com.example.BE.aspects.LoggingAndPerformanceAspect","message":"➡️ Entering method: JobPortalUserRepository.readUserByEmailOrMobileNumber(..)"}{"timestamp":"2026-06-16 21:22:04","level":"INFO","logger":"com.example.BE.aspects.LoggingAndPerformanceAspect","message":"📥 Arguments: [jobseeker@gmail.com, 1111111111]"}{"timestamp":"2026-06-16 21:22:04","level":"INFO","logger":"com.example.BE.aspects.LoggingAndPerformanceAspect","message":"✅ Method executed successfully: JobPortalUserRepository.readUserByEmailOrMobileNumber(..)"}{"timestamp":"2026-06-16 21:22:04","level":"INFO","logger":"com.example.BE.aspects.LoggingAndPerformanceAspect","message":"⏱ Execution time: 34 ms"}{"timestamp":"2026-06-16 21:22:04","level":"INFO","logger":"com.example.BE.aspects.RegisterValidationAspect","message":"✅ Registration validation passed"}{"timestamp":"2026-06-16 21:22:04","level":"INFO","logger":"com.example.BE.aspects.LoggingAndPerformanceAspect","message":"➡️ Entering method: RoleRepository.findRoleByName(..)"}{"timestamp":"2026-06-16 21:22:04","level":"INFO","logger":"com.example.BE.aspects.LoggingAndPerformanceAspect","message":"📥 Arguments: [ROLE_JOB_SEEKER]"}{"timestamp":"2026-06-16 21:22:04","level":"INFO","logger":"com.example.BE.aspects.LoggingAndPerformanceAspect","message":"✅ Method executed successfully: RoleRepository.findRoleByName(..)"}{"timestamp":"2026-06-16 21:22:04","level":"INFO","logger":"com.example.BE.aspects.LoggingAndPerformanceAspect","message":"⏱ Execution time: 5 ms"}{"timestamp":"2026-06-16 21:22:04","level":"INFO","logger":"com.example.BE.aspects.LoggingAndPerformanceAspect","message":"➡️ Entering method: CrudRepository.save(..)"}{"timestamp":"2026-06-16 21:22:04","level":"INFO","logger":"com.example.BE.aspects.LoggingAndPerformanceAspect","message":"📥 Arguments: [com.example.BE.entity.JobPortalUser@26155148]"}{"timestamp":"2026-06-16 21:22:04","level":"INFO","logger":"com.example.BE.aspects.LoggingAndPerformanceAspect","message":"➡️ Entering method: AuditorAwareImpl.getCurrentAuditor()"}{"timestamp":"2026-06-16 21:22:04","level":"INFO","logger":"com.example.BE.aspects.LoggingAndPerformanceAspect","message":"📥 Arguments: []"}{"timestamp":"2026-06-16 21:22:04","level":"INFO","logger":"com.example.BE.aspects.LoggingAndPerformanceAspect","message":"✅ Method executed successfully: AuditorAwareImpl.getCurrentAuditor()"}{"timestamp":"2026-06-16 21:22:04","level":"INFO","logger":"com.example.BE.aspects.LoggingAndPerformanceAspect","message":"⏱ Execution time: 1 ms"}{"timestamp":"2026-06-16 21:22:04","level":"INFO","logger":"com.example.BE.aspects.LoggingAndPerformanceAspect","message":"✅ Method executed successfully: CrudRepository.save(..)"}{"timestamp":"2026-06-16 21:22:04","level":"INFO","logger":"com.example.BE.aspects.LoggingAndPerformanceAspect","message":"⏱ Execution time: 163 ms"}{"timestamp":"2026-06-16 21:22:04","level":"INFO","logger":"com.example.BE.aspects.LoggingAndPerformanceAspect","message":"✅ Method executed successfully: AuthController.registerUser(..)"}{"timestamp":"2026-06-16 21:22:04","level":"INFO","logger":"com.example.BE.aspects.LoggingAndPerformanceAspect","message":"⏱ Execution time: 292 ms"}{"timestamp":"2026-06-16 21:22:14","level":"INFO","logger":"com.example.BE.aspects.LoggingAndPerformanceAspect","message":"➡️ Entering method: AuthController.apiLogin(..)"}{"timestamp":"2026-06-16 21:22:14","level":"INFO","logger":"com.example.BE.aspects.LoggingAndPerformanceAspect","message":"📥 Arguments: [LoginRequestDto[username=jobseeker@gmail.com, password=jobseeker]]"}{"timestamp":"2026-06-16 21:22:14","level":"INFO","logger":"com.example.BE.aspects.LoggingAndPerformanceAspect","message":"➡️ Entering method: JobPortalUsernamePwdAuthenticationProvider.supports(..)"}{"timestamp":"2026-06-16 21:22:14","level":"INFO","logger":"com.example.BE.aspects.LoggingAndPerformanceAspect","message":"📥 Arguments: [class org.springframework.security.authentication.UsernamePasswordAuthenticationToken]"}{"timestamp":"2026-06-16 21:22:14","level":"INFO","logger":"com.example.BE.aspects.LoggingAndPerformanceAspect","message":"✅ Method executed successfully: JobPortalUsernamePwdAuthenticationProvider.supports(..)"}{"timestamp":"2026-06-16 21:22:14","level":"INFO","logger":"com.example.BE.aspects.LoggingAndPerformanceAspect","message":"⏱ Execution time: 1 ms"}{"timestamp":"2026-06-16 21:22:14","level":"INFO","logger":"com.example.BE.aspects.LoggingAndPerformanceAspect","message":"➡️ Entering method: JobPortalUsernamePwdAuthenticationProvider.authenticate(..)"}{"timestamp":"2026-06-16 21:22:14","level":"INFO","logger":"com.example.BE.aspects.LoggingAndPerformanceAspect","message":"📥 Arguments: [UsernamePasswordAuthenticationToken [Principal=jobseeker@gmail.com, Credentials=[PROTECTED], Authenticated=false, Details=null, Granted Authorities=[]]]"}{"timestamp":"2026-06-16 21:22:14","level":"INFO","logger":"com.example.BE.aspects.LoggingAndPerformanceAspect","message":"➡️ Entering method: JobPortalUserRepository.findJobPortalUserByEmail(..)"}{"timestamp":"2026-06-16 21:22:14","level":"INFO","logger":"com.example.BE.aspects.LoggingAndPerformanceAspect","message":"📥 Arguments: [jobseeker@gmail.com]"}{"timestamp":"2026-06-16 21:22:14","level":"INFO","logger":"com.example.BE.aspects.LoggingAndPerformanceAspect","message":"✅ Method executed successfully: JobPortalUserRepository.findJobPortalUserByEmail(..)"}{"timestamp":"2026-06-16 21:22:14","level":"INFO","logger":"com.example.BE.aspects.LoggingAndPerformanceAspect","message":"⏱ Execution time: 24 ms"}{"timestamp":"2026-06-16 21:22:14","level":"INFO","logger":"com.example.BE.aspects.LoggingAndPerformanceAspect","message":"✅ Method executed successfully: JobPortalUsernamePwdAuthenticationProvider.authenticate(..)"}{"timestamp":"2026-06-16 21:22:14","level":"INFO","logger":"com.example.BE.aspects.LoggingAndPerformanceAspect","message":"⏱ Execution time: 94 ms"}{"timestamp":"2026-06-16 21:22:14","level":"INFO","logger":"com.example.BE.aspects.LoggingAndPerformanceAspect","message":"➡️ Entering method: JwtUtil.generateJwtToken(..)"}{"timestamp":"2026-06-16 21:22:14","level":"INFO","logger":"com.example.BE.aspects.LoggingAndPerformanceAspect","message":"📥 Arguments: [UsernamePasswordAuthenticationToken [Principal=com.example.BE.entity.JobPortalUser@4302c4ec, Credentials=[PROTECTED], Authenticated=true, Details=null, Granted Authorities=[ROLE_JOB_SEEKER]]]"}{"timestamp":"2026-06-16 21:22:14","level":"INFO","logger":"com.example.BE.aspects.LoggingAndPerformanceAspect","message":"✅ Method executed successfully: JwtUtil.generateJwtToken(..)"}{"timestamp":"2026-06-16 21:22:14","level":"INFO","logger":"com.example.BE.aspects.LoggingAndPerformanceAspect","message":"⏱ Execution time: 98 ms"}{"timestamp":"2026-06-16 21:22:14","level":"INFO","logger":"com.example.BE.aspects.LoggingAndPerformanceAspect","message":"✅ Method executed successfully: AuthController.apiLogin(..)"}{"timestamp":"2026-06-16 21:22:14","level":"INFO","logger":"com.example.BE.aspects.LoggingAndPerformanceAspect","message":"⏱ Execution time: 202 ms"}{"timestamp":"2026-06-16 21:22:14","level":"INFO","logger":"com.example.BE.aspects.LoggingAndPerformanceAspect","message":"➡️ Entering method: UserController.getProfile(..)"}{"timestamp":"2026-06-16 21:22:14","level":"INFO","logger":"com.example.BE.aspects.LoggingAndPerformanceAspect","message":"📥 Arguments: [UsernamePasswordAuthenticationToken [Principal=jobseeker@gmail.com, Credentials=[PROTECTED], Authenticated=true, Details=null, Granted Authorities=[ROLE_JOB_SEEKER]]]"}{"timestamp":"2026-06-16 21:22:14","level":"INFO","logger":"com.example.BE.aspects.LoggingAndPerformanceAspect","message":"➡️ Entering method: UserServiceImpl.getProfile(..)"}{"timestamp":"2026-06-16 21:22:14","level":"INFO","logger":"com.example.BE.aspects.LoggingAndPerformanceAspect","message":"📥 Arguments: [jobseeker@gmail.com]"}{"timestamp":"2026-06-16 21:22:14","level":"INFO","logger":"com.example.BE.aspects.LoggingAndPerformanceAspect","message":"➡️ Entering method: JobPortalUserRepository.findJobPortalUserByEmail(..)"}{"timestamp":"2026-06-16 21:22:14","level":"INFO","logger":"com.example.BE.aspects.LoggingAndPerformanceAspect","message":"📥 Arguments: [jobseeker@gmail.com]"}{"timestamp":"2026-06-16 21:22:14","level":"INFO","logger":"com.example.BE.aspects.LoggingAndPerformanceAspect","message":"✅ Method executed successfully: JobPortalUserRepository.findJobPortalUserByEmail(..)"}{"timestamp":"2026-06-16 21:22:14","level":"INFO","logger":"com.example.BE.aspects.LoggingAndPerformanceAspect","message":"⏱ Execution time: 11 ms"}{"timestamp":"2026-06-16 21:22:14","level":"INFO","logger":"com.example.BE.aspects.LoggingAndPerformanceAspect","message":"✅ Method executed successfully: UserServiceImpl.getProfile(..)"}{"timestamp":"2026-06-16 21:22:14","level":"INFO","logger":"com.example.BE.aspects.LoggingAndPerformanceAspect","message":"⏱ Execution time: 12 ms"}{"timestamp":"2026-06-16 21:22:14","level":"INFO","logger":"com.example.BE.aspects.LoggingAndPerformanceAspect","message":"✅ Method executed successfully: UserController.getProfile(..)"}{"timestamp":"2026-06-16 21:22:14","level":"INFO","logger":"com.example.BE.aspects.LoggingAndPerformanceAspect","message":"⏱ Execution time: 20 ms"}{"timestamp":"2026-06-16 21:22:14","level":"INFO","logger":"com.example.BE.aspects.LoggingAndPerformanceAspect","message":"➡️ Entering method: UserController.getJobSeekerApplications(..)"}{"timestamp":"2026-06-16 21:22:14","level":"INFO","logger":"com.example.BE.aspects.LoggingAndPerformanceAspect","message":"📥 Arguments: [UsernamePasswordAuthenticationToken [Principal=jobseeker@gmail.com, Credentials=[PROTECTED], Authenticated=true, Details=null, Granted Authorities=[ROLE_JOB_SEEKER]]]"}{"timestamp":"2026-06-16 21:22:14","level":"INFO","logger":"com.example.BE.aspects.LoggingAndPerformanceAspect","message":"➡️ Entering method: UserController.getSavedJobs(..)"}{"timestamp":"2026-06-16 21:22:14","level":"INFO","logger":"com.example.BE.aspects.LoggingAndPerformanceAspect","message":"📥 Arguments: [UsernamePasswordAuthenticationToken [Principal=jobseeker@gmail.com, Credentials=[PROTECTED], Authenticated=true, Details=null, Granted Authorities=[ROLE_JOB_SEEKER]]]"}{"timestamp":"2026-06-16 21:22:14","level":"INFO","logger":"com.example.BE.aspects.LoggingAndPerformanceAspect","message":"➡️ Entering method: UserServiceImpl.getJobSeekerApplications(..)"}{"timestamp":"2026-06-16 21:22:14","level":"INFO","logger":"com.example.BE.aspects.LoggingAndPerformanceAspect","message":"📥 Arguments: [jobseeker@gmail.com]"}{"timestamp":"2026-06-16 21:22:14","level":"INFO","logger":"com.example.BE.aspects.LoggingAndPerformanceAspect","message":"➡️ Entering method: JobPortalUserRepository.findJobPortalUserByEmail(..)"}{"timestamp":"2026-06-16 21:22:14","level":"INFO","logger":"com.example.BE.aspects.LoggingAndPerformanceAspect","message":"📥 Arguments: [jobseeker@gmail.com]"}{"timestamp":"2026-06-16 21:22:14","level":"INFO","logger":"com.example.BE.aspects.LoggingAndPerformanceAspect","message":"➡️ Entering method: UserServiceImpl.getSavedJobs(..)"}{"timestamp":"2026-06-16 21:22:14","level":"INFO","logger":"com.example.BE.aspects.LoggingAndPerformanceAspect","message":"📥 Arguments: [jobseeker@gmail.com]"}{"timestamp":"2026-06-16 21:22:14","level":"INFO","logger":"com.example.BE.aspects.LoggingAndPerformanceAspect","message":"➡️ Entering method: JobPortalUserRepository.findJobPortalUserByEmail(..)"}{"timestamp":"2026-06-16 21:22:14","level":"INFO","logger":"com.example.BE.aspects.LoggingAndPerformanceAspect","message":"📥 Arguments: [jobseeker@gmail.com]"}{"timestamp":"2026-06-16 21:22:14","level":"INFO","logger":"com.example.BE.aspects.LoggingAndPerformanceAspect","message":"✅ Method executed successfully: JobPortalUserRepository.findJobPortalUserByEmail(..)"}{"timestamp":"2026-06-16 21:22:14","level":"INFO","logger":"com.example.BE.aspects.LoggingAndPerformanceAspect","message":"✅ Method executed successfully: JobPortalUserRepository.findJobPortalUserByEmail(..)"}{"timestamp":"2026-06-16 21:22:14","level":"INFO","logger":"com.example.BE.aspects.LoggingAndPerformanceAspect","message":"⏱ Execution time: 12 ms"}{"timestamp":"2026-06-16 21:22:14","level":"INFO","logger":"com.example.BE.aspects.LoggingAndPerformanceAspect","message":"⏱ Execution time: 13 ms"}{"timestamp":"2026-06-16 21:22:14","level":"INFO","logger":"com.example.BE.aspects.LoggingAndPerformanceAspect","message":"✅ Method executed successfully: UserServiceImpl.getJobSeekerApplications(..)"}{"timestamp":"2026-06-16 21:22:14","level":"INFO","logger":"com.example.BE.aspects.LoggingAndPerformanceAspect","message":"✅ Method executed successfully: UserServiceImpl.getSavedJobs(..)"}{"timestamp":"2026-06-16 21:22:14","level":"INFO","logger":"com.example.BE.aspects.LoggingAndPerformanceAspect","message":"⏱ Execution time: 27 ms"}{"timestamp":"2026-06-16 21:22:14","level":"INFO","logger":"com.example.BE.aspects.LoggingAndPerformanceAspect","message":"⏱ Execution time: 26 ms"}{"timestamp":"2026-06-16 21:22:14","level":"INFO","logger":"com.example.BE.aspects.LoggingAndPerformanceAspect","message":"✅ Method executed successfully: UserController.getSavedJobs(..)"}{"timestamp":"2026-06-16 21:22:14","level":"INFO","logger":"com.example.BE.aspects.LoggingAndPerformanceAspect","message":"⏱ Execution time: 37 ms"}{"timestamp":"2026-06-16 21:22:14","level":"INFO","logger":"com.example.BE.aspects.LoggingAndPerformanceAspect","message":"✅ Method executed successfully: UserController.getJobSeekerApplications(..)"}{"timestamp":"2026-06-16 21:22:14","level":"INFO","logger":"com.example.BE.aspects.LoggingAndPerformanceAspect","message":"⏱ Execution time: 37 ms"}{"timestamp":"2026-06-16 21:22:24","level":"INFO","logger":"com.example.BE.aspects.LoggingAndPerformanceAspect","message":"➡️ Entering method: UserController.getProfile(..)"}{"timestamp":"2026-06-16 21:22:24","level":"INFO","logger":"com.example.BE.aspects.LoggingAndPerformanceAspect","message":"📥 Arguments: [UsernamePasswordAuthenticationToken [Principal=jobseeker@gmail.com, Credentials=[PROTECTED], Authenticated=true, Details=null, Granted Authorities=[ROLE_JOB_SEEKER]]]"}{"timestamp":"2026-06-16 21:22:24","level":"INFO","logger":"com.example.BE.aspects.LoggingAndPerformanceAspect","message":"➡️ Entering method: UserServiceImpl.getProfile(..)"}{"timestamp":"2026-06-16 21:22:24","level":"INFO","logger":"com.example.BE.aspects.LoggingAndPerformanceAspect","message":"📥 Arguments: [jobseeker@gmail.com]"}{"timestamp":"2026-06-16 21:22:24","level":"INFO","logger":"com.example.BE.aspects.LoggingAndPerformanceAspect","message":"➡️ Entering method: JobPortalUserRepository.findJobPortalUserByEmail(..)"}{"timestamp":"2026-06-16 21:22:24","level":"INFO","logger":"com.example.BE.aspects.LoggingAndPerformanceAspect","message":"📥 Arguments: [jobseeker@gmail.com]"}{"timestamp":"2026-06-16 21:22:24","level":"INFO","logger":"com.example.BE.aspects.LoggingAndPerformanceAspect","message":"✅ Method executed successfully: JobPortalUserRepository.findJobPortalUserByEmail(..)"}{"timestamp":"2026-06-16 21:22:24","level":"INFO","logger":"com.example.BE.aspects.LoggingAndPerformanceAspect","message":"⏱ Execution time: 11 ms"}{"timestamp":"2026-06-16 21:22:24","level":"INFO","logger":"com.example.BE.aspects.LoggingAndPerformanceAspect","message":"✅ Method executed successfully: UserServiceImpl.getProfile(..)"}{"timestamp":"2026-06-16 21:22:24","level":"INFO","logger":"com.example.BE.aspects.LoggingAndPerformanceAspect","message":"⏱ Execution time: 11 ms"}{"timestamp":"2026-06-16 21:22:24","level":"INFO","logger":"com.example.BE.aspects.LoggingAndPerformanceAspect","message":"✅ Method executed successfully: UserController.getProfile(..)"}{"timestamp":"2026-06-16 21:22:24","level":"INFO","logger":"com.example.BE.aspects.LoggingAndPerformanceAspect","message":"⏱ Execution time: 21 ms"}{"timestamp":"2026-06-16 21:22:24","level":"INFO","logger":"com.example.BE.aspects.LoggingAndPerformanceAspect","message":"➡️ Entering method: UserController.getProfile(..)"}{"timestamp":"2026-06-16 21:22:24","level":"INFO","logger":"com.example.BE.aspects.LoggingAndPerformanceAspect","message":"📥 Arguments: [UsernamePasswordAuthenticationToken [Principal=jobseeker@gmail.com, Credentials=[PROTECTED], Authenticated=true, Details=null, Granted Authorities=[ROLE_JOB_SEEKER]]]"}{"timestamp":"2026-06-16 21:22:24","level":"INFO","logger":"com.example.BE.aspects.LoggingAndPerformanceAspect","message":"➡️ Entering method: UserServiceImpl.getProfile(..)"}{"timestamp":"2026-06-16 21:22:24","level":"INFO","logger":"com.example.BE.aspects.LoggingAndPerformanceAspect","message":"📥 Arguments: [jobseeker@gmail.com]"}{"timestamp":"2026-06-16 21:22:24","level":"INFO","logger":"com.example.BE.aspects.LoggingAndPerformanceAspect","message":"➡️ Entering method: JobPortalUserRepository.findJobPortalUserByEmail(..)"}{"timestamp":"2026-06-16 21:22:24","level":"INFO","logger":"com.example.BE.aspects.LoggingAndPerformanceAspect","message":"📥 Arguments: [jobseeker@gmail.com]"}{"timestamp":"2026-06-16 21:22:24","level":"INFO","logger":"com.example.BE.aspects.LoggingAndPerformanceAspect","message":"✅ Method executed successfully: JobPortalUserRepository.findJobPortalUserByEmail(..)"}{"timestamp":"2026-06-16 21:22:24","level":"INFO","logger":"com.example.BE.aspects.LoggingAndPerformanceAspect","message":"⏱ Execution time: 8 ms"}{"timestamp":"2026-06-16 21:22:24","level":"INFO","logger":"com.example.BE.aspects.LoggingAndPerformanceAspect","message":"✅ Method executed successfully: UserServiceImpl.getProfile(..)"}{"timestamp":"2026-06-16 21:22:24","level":"INFO","logger":"com.example.BE.aspects.LoggingAndPerformanceAspect","message":"⏱ Execution time: 10 ms"}{"timestamp":"2026-06-16 21:22:24","level":"INFO","logger":"com.example.BE.aspects.LoggingAndPerformanceAspect","message":"✅ Method executed successfully: UserController.getProfile(..)"}{"timestamp":"2026-06-16 21:22:24","level":"INFO","logger":"com.example.BE.aspects.LoggingAndPerformanceAspect","message":"⏱ Execution time: 18 ms"}{"timestamp":"2026-06-16 21:22:55","level":"INFO","logger":"com.example.BE.aspects.LoggingAndPerformanceAspect","message":"➡️ Entering method: UserController.createOrUpdateProfile(..)"}{"timestamp":"2026-06-16 21:22:55","level":"INFO","logger":"com.example.BE.aspects.LoggingAndPerformanceAspect","message":"📥 Arguments: [{"jobTitle":"Software Engineer","location":"viet nam","experienceLevel":"Mid Level","professionalBio":"thank ","portfolioWebsite":null}, null, org.springframework.web.multipart.support.StandardMultipartHttpServletRequest$StandardMultipartFile@5980fd09, UsernamePasswordAuthenticationToken [Principal=jobseeker@gmail.com, Credentials=[PROTECTED], Authenticated=true, Details=null, Granted Authorities=[ROLE_JOB_SEEKER]]]"}{"timestamp":"2026-06-16 21:22:55","level":"INFO","logger":"com.example.BE.aspects.LoggingAndPerformanceAspect","message":"➡️ Entering method: UserServiceImpl.createOrUpdateProfile(..)"}{"timestamp":"2026-06-16 21:22:55","level":"INFO","logger":"com.example.BE.aspects.LoggingAndPerformanceAspect","message":"📥 Arguments: [jobseeker@gmail.com, {"jobTitle":"Software Engineer","location":"viet nam","experienceLevel":"Mid Level","professionalBio":"thank ","portfolioWebsite":null}, null, org.springframework.web.multipart.support.StandardMultipartHttpServletRequest$StandardMultipartFile@5980fd09]"}{"timestamp":"2026-06-16 21:22:55","level":"INFO","logger":"com.example.BE.aspects.LoggingAndPerformanceAspect","message":"➡️ Entering method: JobPortalUserRepository.findJobPortalUserByEmail(..)"}{"timestamp":"2026-06-16 21:22:55","level":"INFO","logger":"com.example.BE.aspects.LoggingAndPerformanceAspect","message":"📥 Arguments: [jobseeker@gmail.com]"}{"timestamp":"2026-06-16 21:22:55","level":"INFO","logger":"com.example.BE.aspects.LoggingAndPerformanceAspect","message":"✅ Method executed successfully: JobPortalUserRepository.findJobPortalUserByEmail(..)"}{"timestamp":"2026-06-16 21:22:55","level":"INFO","logger":"com.example.BE.aspects.LoggingAndPerformanceAspect","message":"⏱ Execution time: 11 ms"}{"timestamp":"2026-06-16 21:22:55","level":"INFO","logger":"com.example.BE.aspects.LoggingAndPerformanceAspect","message":"➡️ Entering method: UserMapper.mapToProfile(..)"}{"timestamp":"2026-06-16 21:22:55","level":"INFO","logger":"com.example.BE.aspects.LoggingAndPerformanceAspect","message":"📥 Arguments: [com.example.BE.entity.Profile@7d0aeec2, ProfileDto[id=null, userId=null, jobTitle=Software Engineer, location=viet nam, experienceLevel=Mid Level, professionalBio=thank , portfolioWebsite=null, profilePicture=null, profilePictureName=null, profilePictureType=null, resume=null, resumeName=null, resumeType=null, createdAt=null, updatedAt=null], null, org.springframework.web.multipart.support.StandardMultipartHttpServletRequest$StandardMultipartFile@5980fd09]"}{"timestamp":"2026-06-16 21:22:55","level":"INFO","logger":"com.example.BE.aspects.LoggingAndPerformanceAspect","message":"✅ Method executed successfully: UserMapper.mapToProfile(..)"}{"timestamp":"2026-06-16 21:22:55","level":"INFO","logger":"com.example.BE.aspects.LoggingAndPerformanceAspect","message":"⏱ Execution time: 109 ms"}{"timestamp":"2026-06-16 21:22:55","level":"INFO","logger":"com.example.BE.aspects.LoggingAndPerformanceAspect","message":"➡️ Entering method: CrudRepository.save(..)"}{"timestamp":"2026-06-16 21:22:55","level":"INFO","logger":"com.example.BE.aspects.LoggingAndPerformanceAspect","message":"📥 Arguments: [com.example.BE.entity.Profile@7d0aeec2]"}{"timestamp":"2026-06-16 21:22:55","level":"INFO","logger":"com.example.BE.aspects.LoggingAndPerformanceAspect","message":"➡️ Entering method: AuditorAwareImpl.getCurrentAuditor()"}{"timestamp":"2026-06-16 21:22:55","level":"INFO","logger":"com.example.BE.aspects.LoggingAndPerformanceAspect","message":"📥 Arguments: []"}{"timestamp":"2026-06-16 21:22:55","level":"INFO","logger":"com.example.BE.aspects.LoggingAndPerformanceAspect","message":"✅ Method executed successfully: AuditorAwareImpl.getCurrentAuditor()"}{"timestamp":"2026-06-16 21:22:55","level":"INFO","logger":"com.example.BE.aspects.LoggingAndPerformanceAspect","message":"⏱ Execution time: 1 ms"}{"timestamp":"2026-06-16 21:22:56","level":"INFO","logger":"com.example.BE.aspects.LoggingAndPerformanceAspect","message":"✅ Method executed successfully: CrudRepository.save(..)"}{"timestamp":"2026-06-16 21:22:56","level":"INFO","logger":"com.example.BE.aspects.LoggingAndPerformanceAspect","message":"⏱ Execution time: 135 ms"}{"timestamp":"2026-06-16 21:22:56","level":"INFO","logger":"com.example.BE.aspects.LoggingAndPerformanceAspect","message":"➡️ Entering method: UserMapper.mapToProfileDto(..)"}{"timestamp":"2026-06-16 21:22:56","level":"INFO","logger":"com.example.BE.aspects.LoggingAndPerformanceAspect","message":"📥 Arguments: [com.example.BE.entity.Profile@7d0aeec2, false]"}{"timestamp":"2026-06-16 21:22:56","level":"INFO","logger":"com.example.BE.aspects.LoggingAndPerformanceAspect","message":"✅ Method executed successfully: UserMapper.mapToProfileDto(..)"}{"timestamp":"2026-06-16 21:22:56","level":"INFO","logger":"com.example.BE.aspects.LoggingAndPerformanceAspect","message":"⏱ Execution time: 1 ms"}{"timestamp":"2026-06-16 21:22:56","level":"INFO","logger":"com.example.BE.aspects.LoggingAndPerformanceAspect","message":"✅ Method executed successfully: UserServiceImpl.createOrUpdateProfile(..)"}{"timestamp":"2026-06-16 21:22:56","level":"INFO","logger":"com.example.BE.aspects.LoggingAndPerformanceAspect","message":"⏱ Execution time: 271 ms"}{"timestamp":"2026-06-16 21:22:56","level":"INFO","logger":"com.example.BE.aspects.LoggingAndPerformanceAspect","message":"✅ Method executed successfully: UserController.createOrUpdateProfile(..)"}{"timestamp":"2026-06-16 21:22:56","level":"INFO","logger":"com.example.BE.aspects.LoggingAndPerformanceAspect","message":"⏱ Execution time: 295 ms"}{"timestamp":"2026-06-16 21:22:56","level":"INFO","logger":"com.example.BE.aspects.LoggingAndPerformanceAspect","message":"➡️ Entering method: UserController.getSavedJobs(..)"}{"timestamp":"2026-06-16 21:22:56","level":"INFO","logger":"com.example.BE.aspects.LoggingAndPerformanceAspect","message":"➡️ Entering method: UserController.getJobSeekerApplications(..)"}{"timestamp":"2026-06-16 21:22:56","level":"INFO","logger":"com.example.BE.aspects.LoggingAndPerformanceAspect","message":"📥 Arguments: [UsernamePasswordAuthenticationToken [Principal=jobseeker@gmail.com, Credentials=[PROTECTED], Authenticated=true, Details=null, Granted Authorities=[ROLE_JOB_SEEKER]]]"}{"timestamp":"2026-06-16 21:22:56","level":"INFO","logger":"com.example.BE.aspects.LoggingAndPerformanceAspect","message":"📥 Arguments: [UsernamePasswordAuthenticationToken [Principal=jobseeker@gmail.com, Credentials=[PROTECTED], Authenticated=true, Details=null, Granted Authorities=[ROLE_JOB_SEEKER]]]"}{"timestamp":"2026-06-16 21:22:56","level":"INFO","logger":"com.example.BE.aspects.LoggingAndPerformanceAspect","message":"➡️ Entering method: UserServiceImpl.getSavedJobs(..)"}{"timestamp":"2026-06-16 21:22:56","level":"INFO","logger":"com.example.BE.aspects.LoggingAndPerformanceAspect","message":"📥 Arguments: [jobseeker@gmail.com]"}{"timestamp":"2026-06-16 21:22:56","level":"INFO","logger":"com.example.BE.aspects.LoggingAndPerformanceAspect","message":"➡️ Entering method: JobPortalUserRepository.findJobPortalUserByEmail(..)"}{"timestamp":"2026-06-16 21:22:56","level":"INFO","logger":"com.example.BE.aspects.LoggingAndPerformanceAspect","message":"📥 Arguments: [jobseeker@gmail.com]"}{"timestamp":"2026-06-16 21:22:56","level":"INFO","logger":"com.example.BE.aspects.LoggingAndPerformanceAspect","message":"➡️ Entering method: UserServiceImpl.getJobSeekerApplications(..)"}{"timestamp":"2026-06-16 21:22:56","level":"INFO","logger":"com.example.BE.aspects.LoggingAndPerformanceAspect","message":"📥 Arguments: [jobseeker@gmail.com]"}{"timestamp":"2026-06-16 21:22:56","level":"INFO","logger":"com.example.BE.aspects.LoggingAndPerformanceAspect","message":"➡️ Entering method: JobPortalUserRepository.findJobPortalUserByEmail(..)"}{"timestamp":"2026-06-16 21:22:56","level":"INFO","logger":"com.example.BE.aspects.LoggingAndPerformanceAspect","message":"📥 Arguments: [jobseeker@gmail.com]"}{"timestamp":"2026-06-16 21:22:56","level":"INFO","logger":"com.example.BE.aspects.LoggingAndPerformanceAspect","message":"✅ Method executed successfully: JobPortalUserRepository.findJobPortalUserByEmail(..)"}{"timestamp":"2026-06-16 21:22:56","level":"INFO","logger":"com.example.BE.aspects.LoggingAndPerformanceAspect","message":"✅ Method executed successfully: JobPortalUserRepository.findJobPortalUserByEmail(..)"}{"timestamp":"2026-06-16 21:22:56","level":"INFO","logger":"com.example.BE.aspects.LoggingAndPerformanceAspect","message":"⏱ Execution time: 14 ms"}{"timestamp":"2026-06-16 21:22:56","level":"INFO","logger":"com.example.BE.aspects.LoggingAndPerformanceAspect","message":"⏱ Execution time: 13 ms"}{"timestamp":"2026-06-16 21:22:56","level":"INFO","logger":"com.example.BE.aspects.LoggingAndPerformanceAspect","message":"✅ Method executed successfully: UserServiceImpl.getSavedJobs(..)"}{"timestamp":"2026-06-16 21:22:56","level":"INFO","logger":"com.example.BE.aspects.LoggingAndPerformanceAspect","message":"✅ Method executed successfully: UserServiceImpl.getJobSeekerApplications(..)"}{"timestamp":"2026-06-16 21:22:56","level":"INFO","logger":"com.example.BE.aspects.LoggingAndPerformanceAspect","message":"⏱ Execution time: 18 ms"}{"timestamp":"2026-06-16 21:22:56","level":"INFO","logger":"com.example.BE.aspects.LoggingAndPerformanceAspect","message":"⏱ Execution time: 16 ms"}{"timestamp":"2026-06-16 21:22:56","level":"INFO","logger":"com.example.BE.aspects.LoggingAndPerformanceAspect","message":"✅ Method executed successfully: UserController.getJobSeekerApplications(..)"}{"timestamp":"2026-06-16 21:22:56","level":"INFO","logger":"com.example.BE.aspects.LoggingAndPerformanceAspect","message":"✅ Method executed successfully: UserController.getSavedJobs(..)"}{"timestamp":"2026-06-16 21:22:56","level":"INFO","logger":"com.example.BE.aspects.LoggingAndPerformanceAspect","message":"⏱ Execution time: 27 ms"}{"timestamp":"2026-06-16 21:22:56","level":"INFO","logger":"com.example.BE.aspects.LoggingAndPerformanceAspect","message":"⏱ Execution time: 27 ms"}{"timestamp":"2026-06-16 21:23:17","level":"INFO","logger":"com.example.BE.aspects.LoggingAndPerformanceAspect","message":"➡️ Entering method: UserController.getProfile(..)"}{"timestamp":"2026-06-16 21:23:17","level":"INFO","logger":"com.example.BE.aspects.LoggingAndPerformanceAspect","message":"📥 Arguments: [UsernamePasswordAuthenticationToken [Principal=jobseeker@gmail.com, Credentials=[PROTECTED], Authenticated=true, Details=null, Granted Authorities=[ROLE_JOB_SEEKER]]]"}{"timestamp":"2026-06-16 21:23:17","level":"INFO","logger":"com.example.BE.aspects.LoggingAndPerformanceAspect","message":"➡️ Entering method: UserServiceImpl.getProfile(..)"}{"timestamp":"2026-06-16 21:23:17","level":"INFO","logger":"com.example.BE.aspects.LoggingAndPerformanceAspect","message":"📥 Arguments: [jobseeker@gmail.com]"}{"timestamp":"2026-06-16 21:23:17","level":"INFO","logger":"com.example.BE.aspects.LoggingAndPerformanceAspect","message":"➡️ Entering method: JobPortalUserRepository.findJobPortalUserByEmail(..)"}{"timestamp":"2026-06-16 21:23:17","level":"INFO","logger":"com.example.BE.aspects.LoggingAndPerformanceAspect","message":"📥 Arguments: [jobseeker@gmail.com]"}{"timestamp":"2026-06-16 21:23:17","level":"INFO","logger":"com.example.BE.aspects.LoggingAndPerformanceAspect","message":"✅ Method executed successfully: JobPortalUserRepository.findJobPortalUserByEmail(..)"}{"timestamp":"2026-06-16 21:23:17","level":"INFO","logger":"com.example.BE.aspects.LoggingAndPerformanceAspect","message":"⏱ Execution time: 21 ms"}{"timestamp":"2026-06-16 21:23:17","level":"INFO","logger":"com.example.BE.aspects.LoggingAndPerformanceAspect","message":"➡️ Entering method: UserMapper.mapToProfileDto(..)"}{"timestamp":"2026-06-16 21:23:17","level":"INFO","logger":"com.example.BE.aspects.LoggingAndPerformanceAspect","message":"📥 Arguments: [com.example.BE.entity.Profile@7055ccf, false]"}{"timestamp":"2026-06-16 21:23:17","level":"INFO","logger":"com.example.BE.aspects.LoggingAndPerformanceAspect","message":"✅ Method executed successfully: UserMapper.mapToProfileDto(..)"}{"timestamp":"2026-06-16 21:23:17","level":"INFO","logger":"com.example.BE.aspects.LoggingAndPerformanceAspect","message":"⏱ Execution time: 1 ms"}{"timestamp":"2026-06-16 21:23:17","level":"INFO","logger":"com.example.BE.aspects.LoggingAndPerformanceAspect","message":"✅ Method executed successfully: UserServiceImpl.getProfile(..)"}{"timestamp":"2026-06-16 21:23:17","level":"INFO","logger":"com.example.BE.aspects.LoggingAndPerformanceAspect","message":"⏱ Execution time: 24 ms"}{"timestamp":"2026-06-16 21:23:17","level":"INFO","logger":"com.example.BE.aspects.LoggingAndPerformanceAspect","message":"✅ Method executed successfully: UserController.getProfile(..)"}{"timestamp":"2026-06-16 21:23:17","level":"INFO","logger":"com.example.BE.aspects.LoggingAndPerformanceAspect","message":"⏱ Execution time: 32 ms"}{"timestamp":"2026-06-16 21:23:17","level":"INFO","logger":"com.example.BE.aspects.LoggingAndPerformanceAspect","message":"➡️ Entering method: UserController.getProfile(..)"}{"timestamp":"2026-06-16 21:23:17","level":"INFO","logger":"com.example.BE.aspects.LoggingAndPerformanceAspect","message":"📥 Arguments: [UsernamePasswordAuthenticationToken [Principal=jobseeker@gmail.com, Credentials=[PROTECTED], Authenticated=true, Details=null, Granted Authorities=[ROLE_JOB_SEEKER]]]"}{"timestamp":"2026-06-16 21:23:17","level":"INFO","logger":"com.example.BE.aspects.LoggingAndPerformanceAspect","message":"➡️ Entering method: UserServiceImpl.getProfile(..)"}{"timestamp":"2026-06-16 21:23:17","level":"INFO","logger":"com.example.BE.aspects.LoggingAndPerformanceAspect","message":"📥 Arguments: [jobseeker@gmail.com]"}{"timestamp":"2026-06-16 21:23:17","level":"INFO","logger":"com.example.BE.aspects.LoggingAndPerformanceAspect","message":"➡️ Entering method: JobPortalUserRepository.findJobPortalUserByEmail(..)"}{"timestamp":"2026-06-16 21:23:17","level":"INFO","logger":"com.example.BE.aspects.LoggingAndPerformanceAspect","message":"📥 Arguments: [jobseeker@gmail.com]"}{"timestamp":"2026-06-16 21:23:17","level":"INFO","logger":"com.example.BE.aspects.LoggingAndPerformanceAspect","message":"✅ Method executed successfully: JobPortalUserRepository.findJobPortalUserByEmail(..)"}{"timestamp":"2026-06-16 21:23:17","level":"INFO","logger":"com.example.BE.aspects.LoggingAndPerformanceAspect","message":"⏱ Execution time: 11 ms"}{"timestamp":"2026-06-16 21:23:17","level":"INFO","logger":"com.example.BE.aspects.LoggingAndPerformanceAspect","message":"➡️ Entering method: UserMapper.mapToProfileDto(..)"}{"timestamp":"2026-06-16 21:23:17","level":"INFO","logger":"com.example.BE.aspects.LoggingAndPerformanceAspect","message":"📥 Arguments: [com.example.BE.entity.Profile@4caf4d55, false]"}{"timestamp":"2026-06-16 21:23:17","level":"INFO","logger":"com.example.BE.aspects.LoggingAndPerformanceAspect","message":"✅ Method executed successfully: UserMapper.mapToProfileDto(..)"}{"timestamp":"2026-06-16 21:23:17","level":"INFO","logger":"com.example.BE.aspects.LoggingAndPerformanceAspect","message":"⏱ Execution time: 0 ms"}{"timestamp":"2026-06-16 21:23:17","level":"INFO","logger":"com.example.BE.aspects.LoggingAndPerformanceAspect","message":"✅ Method executed successfully: UserServiceImpl.getProfile(..)"}{"timestamp":"2026-06-16 21:23:17","level":"INFO","logger":"com.example.BE.aspects.LoggingAndPerformanceAspect","message":"⏱ Execution time: 14 ms"}{"timestamp":"2026-06-16 21:23:17","level":"INFO","logger":"com.example.BE.aspects.LoggingAndPerformanceAspect","message":"✅ Method executed successfully: UserController.getProfile(..)"}{"timestamp":"2026-06-16 21:23:17","level":"INFO","logger":"com.example.BE.aspects.LoggingAndPerformanceAspect","message":"⏱ Execution time: 21 ms"}{"timestamp":"2026-06-16 21:23:25","level":"INFO","logger":"com.example.BE.aspects.LoggingAndPerformanceAspect","message":"➡️ Entering method: UserController.createOrUpdateProfile(..)"}{"timestamp":"2026-06-16 21:23:25","level":"INFO","logger":"com.example.BE.aspects.LoggingAndPerformanceAspect","message":"📥 Arguments: [{"jobTitle":"Software Engineer","location":"viet nam","experienceLevel":"Mid Level","professionalBio":"thank ","portfolioWebsite":null}, null, null, UsernamePasswordAuthenticationToken [Principal=jobseeker@gmail.com, Credentials=[PROTECTED], Authenticated=true, Details=null, Granted Authorities=[ROLE_JOB_SEEKER]]]"}{"timestamp":"2026-06-16 21:23:25","level":"INFO","logger":"com.example.BE.aspects.LoggingAndPerformanceAspect","message":"➡️ Entering method: UserServiceImpl.createOrUpdateProfile(..)"}{"timestamp":"2026-06-16 21:23:25","level":"INFO","logger":"com.example.BE.aspects.LoggingAndPerformanceAspect","message":"📥 Arguments: [jobseeker@gmail.com, {"jobTitle":"Software Engineer","location":"viet nam","experienceLevel":"Mid Level","professionalBio":"thank ","portfolioWebsite":null}, null, null]"}{"timestamp":"2026-06-16 21:23:25","level":"INFO","logger":"com.example.BE.aspects.LoggingAndPerformanceAspect","message":"➡️ Entering method: JobPortalUserRepository.findJobPortalUserByEmail(..)"}{"timestamp":"2026-06-16 21:23:25","level":"INFO","logger":"com.example.BE.aspects.LoggingAndPerformanceAspect","message":"📥 Arguments: [jobseeker@gmail.com]"}{"timestamp":"2026-06-16 21:23:25","level":"INFO","logger":"com.example.BE.aspects.LoggingAndPerformanceAspect","message":"✅ Method executed successfully: JobPortalUserRepository.findJobPortalUserByEmail(..)"}{"timestamp":"2026-06-16 21:23:25","level":"INFO","logger":"com.example.BE.aspects.LoggingAndPerformanceAspect","message":"⏱ Execution time: 11 ms"}{"timestamp":"2026-06-16 21:23:25","level":"INFO","logger":"com.example.BE.aspects.LoggingAndPerformanceAspect","message":"➡️ Entering method: UserMapper.mapToProfile(..)"}{"timestamp":"2026-06-16 21:23:25","level":"INFO","logger":"com.example.BE.aspects.LoggingAndPerformanceAspect","message":"📥 Arguments: [com.example.BE.entity.Profile@4c31ee7, ProfileDto[id=null, userId=null, jobTitle=Software Engineer, location=viet nam, experienceLevel=Mid Level, professionalBio=thank , portfolioWebsite=null, profilePicture=null, profilePictureName=null, profilePictureType=null, resume=null, resumeName=null, resumeType=null, createdAt=null, updatedAt=null], null, null]"}{"timestamp":"2026-06-16 21:23:25","level":"INFO","logger":"com.example.BE.aspects.LoggingAndPerformanceAspect","message":"✅ Method executed successfully: UserMapper.mapToProfile(..)"}{"timestamp":"2026-06-16 21:23:25","level":"INFO","logger":"com.example.BE.aspects.LoggingAndPerformanceAspect","message":"⏱ Execution time: 1 ms"}{"timestamp":"2026-06-16 21:23:25","level":"INFO","logger":"com.example.BE.aspects.LoggingAndPerformanceAspect","message":"➡️ Entering method: CrudRepository.save(..)"}{"timestamp":"2026-06-16 21:23:25","level":"INFO","logger":"com.example.BE.aspects.LoggingAndPerformanceAspect","message":"📥 Arguments: [com.example.BE.entity.Profile@4c31ee7]"}{"timestamp":"2026-06-16 21:23:25","level":"INFO","logger":"com.example.BE.aspects.LoggingAndPerformanceAspect","message":"✅ Method executed successfully: CrudRepository.save(..)"}{"timestamp":"2026-06-16 21:23:25","level":"INFO","logger":"com.example.BE.aspects.LoggingAndPerformanceAspect","message":"⏱ Execution time: 4 ms"}{"timestamp":"2026-06-16 21:23:25","level":"INFO","logger":"com.example.BE.aspects.LoggingAndPerformanceAspect","message":"➡️ Entering method: UserMapper.mapToProfileDto(..)"}{"timestamp":"2026-06-16 21:23:25","level":"INFO","logger":"com.example.BE.aspects.LoggingAndPerformanceAspect","message":"📥 Arguments: [com.example.BE.entity.Profile@4c31ee7, false]"}{"timestamp":"2026-06-16 21:23:25","level":"INFO","logger":"com.example.BE.aspects.LoggingAndPerformanceAspect","message":"✅ Method executed successfully: UserMapper.mapToProfileDto(..)"}{"timestamp":"2026-06-16 21:23:25","level":"INFO","logger":"com.example.BE.aspects.LoggingAndPerformanceAspect","message":"⏱ Execution time: 0 ms"}{"timestamp":"2026-06-16 21:23:25","level":"INFO","logger":"com.example.BE.aspects.LoggingAndPerformanceAspect","message":"✅ Method executed successfully: UserServiceImpl.createOrUpdateProfile(..)"}{"timestamp":"2026-06-16 21:23:25","level":"INFO","logger":"com.example.BE.aspects.LoggingAndPerformanceAspect","message":"⏱ Execution time: 21 ms"}{"timestamp":"2026-06-16 21:23:25","level":"INFO","logger":"com.example.BE.aspects.LoggingAndPerformanceAspect","message":"✅ Method executed successfully: UserController.createOrUpdateProfile(..)"}{"timestamp":"2026-06-16 21:23:25","level":"INFO","logger":"com.example.BE.aspects.LoggingAndPerformanceAspect","message":"⏱ Execution time: 28 ms"}{"timestamp":"2026-06-16 21:23:25","level":"INFO","logger":"com.example.BE.aspects.LoggingAndPerformanceAspect","message":"➡️ Entering method: UserController.getSavedJobs(..)"}{"timestamp":"2026-06-16 21:23:25","level":"INFO","logger":"com.example.BE.aspects.LoggingAndPerformanceAspect","message":"➡️ Entering method: UserController.getJobSeekerApplications(..)"}{"timestamp":"2026-06-16 21:23:25","level":"INFO","logger":"com.example.BE.aspects.LoggingAndPerformanceAspect","message":"📥 Arguments: [UsernamePasswordAuthenticationToken [Principal=jobseeker@gmail.com, Credentials=[PROTECTED], Authenticated=true, Details=null, Granted Authorities=[ROLE_JOB_SEEKER]]]"}{"timestamp":"2026-06-16 21:23:25","level":"INFO","logger":"com.example.BE.aspects.LoggingAndPerformanceAspect","message":"📥 Arguments: [UsernamePasswordAuthenticationToken [Principal=jobseeker@gmail.com, Credentials=[PROTECTED], Authenticated=true, Details=null, Granted Authorities=[ROLE_JOB_SEEKER]]]"}{"timestamp":"2026-06-16 21:23:25","level":"INFO","logger":"com.example.BE.aspects.LoggingAndPerformanceAspect","message":"➡️ Entering method: UserServiceImpl.getJobSeekerApplications(..)"}{"timestamp":"2026-06-16 21:23:25","level":"INFO","logger":"com.example.BE.aspects.LoggingAndPerformanceAspect","message":"📥 Arguments: [jobseeker@gmail.com]"}{"timestamp":"2026-06-16 21:23:25","level":"INFO","logger":"com.example.BE.aspects.LoggingAndPerformanceAspect","message":"➡️ Entering method: JobPortalUserRepository.findJobPortalUserByEmail(..)"}{"timestamp":"2026-06-16 21:23:25","level":"INFO","logger":"com.example.BE.aspects.LoggingAndPerformanceAspect","message":"📥 Arguments: [jobseeker@gmail.com]"}{"timestamp":"2026-06-16 21:23:25","level":"INFO","logger":"com.example.BE.aspects.LoggingAndPerformanceAspect","message":"➡️ Entering method: UserServiceImpl.getSavedJobs(..)"}{"timestamp":"2026-06-16 21:23:25","level":"INFO","logger":"com.example.BE.aspects.LoggingAndPerformanceAspect","message":"📥 Arguments: [jobseeker@gmail.com]"}{"timestamp":"2026-06-16 21:23:25","level":"INFO","logger":"com.example.BE.aspects.LoggingAndPerformanceAspect","message":"➡️ Entering method: JobPortalUserRepository.findJobPortalUserByEmail(..)"}{"timestamp":"2026-06-16 21:23:25","level":"INFO","logger":"com.example.BE.aspects.LoggingAndPerformanceAspect","message":"📥 Arguments: [jobseeker@gmail.com]"}{"timestamp":"2026-06-16 21:23:25","level":"INFO","logger":"com.example.BE.aspects.LoggingAndPerformanceAspect","message":"✅ Method executed successfully: JobPortalUserRepository.findJobPortalUserByEmail(..)"}{"timestamp":"2026-06-16 21:23:25","level":"INFO","logger":"com.example.BE.aspects.LoggingAndPerformanceAspect","message":"⏱ Execution time: 16 ms"}{"timestamp":"2026-06-16 21:23:25","level":"INFO","logger":"com.example.BE.aspects.LoggingAndPerformanceAspect","message":"✅ Method executed successfully: JobPortalUserRepository.findJobPortalUserByEmail(..)"}{"timestamp":"2026-06-16 21:23:25","level":"INFO","logger":"com.example.BE.aspects.LoggingAndPerformanceAspect","message":"⏱ Execution time: 16 ms"}{"timestamp":"2026-06-16 21:23:25","level":"INFO","logger":"com.example.BE.aspects.LoggingAndPerformanceAspect","message":"✅ Method executed successfully: UserServiceImpl.getJobSeekerApplications(..)"}{"timestamp":"2026-06-16 21:23:25","level":"INFO","logger":"com.example.BE.aspects.LoggingAndPerformanceAspect","message":"⏱ Execution time: 21 ms"}{"timestamp":"2026-06-16 21:23:25","level":"INFO","logger":"com.example.BE.aspects.LoggingAndPerformanceAspect","message":"✅ Method executed successfully: UserServiceImpl.getSavedJobs(..)"}{"timestamp":"2026-06-16 21:23:25","level":"INFO","logger":"com.example.BE.aspects.LoggingAndPerformanceAspect","message":"⏱ Execution time: 21 ms"}{"timestamp":"2026-06-16 21:23:25","level":"INFO","logger":"com.example.BE.aspects.LoggingAndPerformanceAspect","message":"✅ Method executed successfully: UserController.getJobSeekerApplications(..)"}{"timestamp":"2026-06-16 21:23:25","level":"INFO","logger":"com.example.BE.aspects.LoggingAndPerformanceAspect","message":"⏱ Execution time: 31 ms"}{"timestamp":"2026-06-16 21:23:25","level":"INFO","logger":"com.example.BE.aspects.LoggingAndPerformanceAspect","message":"✅ Method executed successfully: UserController.getSavedJobs(..)"}{"timestamp":"2026-06-16 21:23:25","level":"INFO","logger":"com.example.BE.aspects.LoggingAndPerformanceAspect","message":"⏱ Execution time: 32 ms"}{"timestamp":"2026-06-16 21:23:32","level":"INFO","logger":"com.example.BE.aspects.LoggingAndPerformanceAspect","message":"➡️ Entering method: UserController.saveJob(..)"}{"timestamp":"2026-06-16 21:23:32","level":"INFO","logger":"com.example.BE.aspects.LoggingAndPerformanceAspect","message":"📥 Arguments: [112, UsernamePasswordAuthenticationToken [Principal=jobseeker@gmail.com, Credentials=[PROTECTED], Authenticated=true, Details=null, Granted Authorities=[ROLE_JOB_SEEKER]]]"}{"timestamp":"2026-06-16 21:23:32","level":"INFO","logger":"com.example.BE.aspects.LoggingAndPerformanceAspect","message":"➡️ Entering method: UserServiceImpl.saveJob(..)"}{"timestamp":"2026-06-16 21:23:32","level":"INFO","logger":"com.example.BE.aspects.LoggingAndPerformanceAspect","message":"📥 Arguments: [jobseeker@gmail.com, 112]"}{"timestamp":"2026-06-16 21:23:32","level":"INFO","logger":"com.example.BE.aspects.LoggingAndPerformanceAspect","message":"➡️ Entering method: JobPortalUserRepository.findJobPortalUserByEmail(..)"}{"timestamp":"2026-06-16 21:23:32","level":"INFO","logger":"com.example.BE.aspects.LoggingAndPerformanceAspect","message":"📥 Arguments: [jobseeker@gmail.com]"}{"timestamp":"2026-06-16 21:23:32","level":"INFO","logger":"com.example.BE.aspects.LoggingAndPerformanceAspect","message":"✅ Method executed successfully: JobPortalUserRepository.findJobPortalUserByEmail(..)"}{"timestamp":"2026-06-16 21:23:32","level":"INFO","logger":"com.example.BE.aspects.LoggingAndPerformanceAspect","message":"⏱ Execution time: 12 ms"}{"timestamp":"2026-06-16 21:23:32","level":"INFO","logger":"com.example.BE.aspects.LoggingAndPerformanceAspect","message":"➡️ Entering method: CrudRepository.findById(..)"}{"timestamp":"2026-06-16 21:23:32","level":"INFO","logger":"com.example.BE.aspects.LoggingAndPerformanceAspect","message":"📥 Arguments: [112]"}{"timestamp":"2026-06-16 21:23:32","level":"INFO","logger":"com.example.BE.aspects.LoggingAndPerformanceAspect","message":"✅ Method executed successfully: CrudRepository.findById(..)"}{"timestamp":"2026-06-16 21:23:32","level":"INFO","logger":"com.example.BE.aspects.LoggingAndPerformanceAspect","message":"⏱ Execution time: 13 ms"}{"timestamp":"2026-06-16 21:23:32","level":"INFO","logger":"com.example.BE.aspects.LoggingAndPerformanceAspect","message":"➡️ Entering method: UserMapper.transformJobToDto(..)"}{"timestamp":"2026-06-16 21:23:32","level":"INFO","logger":"com.example.BE.aspects.LoggingAndPerformanceAspect","message":"📥 Arguments: [com.example.BE.entity.Job@4201da48]"}{"timestamp":"2026-06-16 21:23:32","level":"INFO","logger":"com.example.BE.aspects.LoggingAndPerformanceAspect","message":"✅ Method executed successfully: UserMapper.transformJobToDto(..)"}{"timestamp":"2026-06-16 21:23:32","level":"INFO","logger":"com.example.BE.aspects.LoggingAndPerformanceAspect","message":"⏱ Execution time: 5 ms"}{"timestamp":"2026-06-16 21:23:32","level":"INFO","logger":"com.example.BE.aspects.LoggingAndPerformanceAspect","message":"✅ Method executed successfully: UserServiceImpl.saveJob(..)"}{"timestamp":"2026-06-16 21:23:32","level":"INFO","logger":"com.example.BE.aspects.LoggingAndPerformanceAspect","message":"⏱ Execution time: 35 ms"}{"timestamp":"2026-06-16 21:23:32","level":"INFO","logger":"com.example.BE.aspects.LoggingAndPerformanceAspect","message":"✅ Method executed successfully: UserController.saveJob(..)"}{"timestamp":"2026-06-16 21:23:32","level":"INFO","logger":"com.example.BE.aspects.LoggingAndPerformanceAspect","message":"⏱ Execution time: 55 ms"}{"timestamp":"2026-06-16 21:23:41","level":"INFO","logger":"com.example.BE.aspects.LoggingAndPerformanceAspect","message":"➡️ Entering method: UserController.getProfile(..)"}{"timestamp":"2026-06-16 21:23:41","level":"INFO","logger":"com.example.BE.aspects.LoggingAndPerformanceAspect","message":"📥 Arguments: [UsernamePasswordAuthenticationToken [Principal=jobseeker@gmail.com, Credentials=[PROTECTED], Authenticated=true, Details=null, Granted Authorities=[ROLE_JOB_SEEKER]]]"}{"timestamp":"2026-06-16 21:23:41","level":"INFO","logger":"com.example.BE.aspects.LoggingAndPerformanceAspect","message":"➡️ Entering method: UserServiceImpl.getProfile(..)"}{"timestamp":"2026-06-16 21:23:41","level":"INFO","logger":"com.example.BE.aspects.LoggingAndPerformanceAspect","message":"📥 Arguments: [jobseeker@gmail.com]"}{"timestamp":"2026-06-16 21:23:41","level":"INFO","logger":"com.example.BE.aspects.LoggingAndPerformanceAspect","message":"➡️ Entering method: JobPortalUserRepository.findJobPortalUserByEmail(..)"}{"timestamp":"2026-06-16 21:23:41","level":"INFO","logger":"com.example.BE.aspects.LoggingAndPerformanceAspect","message":"📥 Arguments: [jobseeker@gmail.com]"}{"timestamp":"2026-06-16 21:23:41","level":"INFO","logger":"com.example.BE.aspects.LoggingAndPerformanceAspect","message":"✅ Method executed successfully: JobPortalUserRepository.findJobPortalUserByEmail(..)"}{"timestamp":"2026-06-16 21:23:41","level":"INFO","logger":"com.example.BE.aspects.LoggingAndPerformanceAspect","message":"⏱ Execution time: 12 ms"}{"timestamp":"2026-06-16 21:23:41","level":"INFO","logger":"com.example.BE.aspects.LoggingAndPerformanceAspect","message":"➡️ Entering method: UserMapper.mapToProfileDto(..)"}{"timestamp":"2026-06-16 21:23:41","level":"INFO","logger":"com.example.BE.aspects.LoggingAndPerformanceAspect","message":"📥 Arguments: [com.example.BE.entity.Profile@321cc567, false]"}{"timestamp":"2026-06-16 21:23:41","level":"INFO","logger":"com.example.BE.aspects.LoggingAndPerformanceAspect","message":"✅ Method executed successfully: UserMapper.mapToProfileDto(..)"}{"timestamp":"2026-06-16 21:23:41","level":"INFO","logger":"com.example.BE.aspects.LoggingAndPerformanceAspect","message":"⏱ Execution time: 0 ms"}{"timestamp":"2026-06-16 21:23:41","level":"INFO","logger":"com.example.BE.aspects.LoggingAndPerformanceAspect","message":"✅ Method executed successfully: UserServiceImpl.getProfile(..)"}{"timestamp":"2026-06-16 21:23:41","level":"INFO","logger":"com.example.BE.aspects.LoggingAndPerformanceAspect","message":"⏱ Execution time: 13 ms"}{"timestamp":"2026-06-16 21:23:41","level":"INFO","logger":"com.example.BE.aspects.LoggingAndPerformanceAspect","message":"✅ Method executed successfully: UserController.getProfile(..)"}{"timestamp":"2026-06-16 21:23:41","level":"INFO","logger":"com.example.BE.aspects.LoggingAndPerformanceAspect","message":"⏱ Execution time: 21 ms"}{"timestamp":"2026-06-16 21:23:41","level":"INFO","logger":"com.example.BE.aspects.LoggingAndPerformanceAspect","message":"➡️ Entering method: UserController.getProfile(..)"}{"timestamp":"2026-06-16 21:23:41","level":"INFO","logger":"com.example.BE.aspects.LoggingAndPerformanceAspect","message":"📥 Arguments: [UsernamePasswordAuthenticationToken [Principal=jobseeker@gmail.com, Credentials=[PROTECTED], Authenticated=true, Details=null, Granted Authorities=[ROLE_JOB_SEEKER]]]"}{"timestamp":"2026-06-16 21:23:41","level":"INFO","logger":"com.example.BE.aspects.LoggingAndPerformanceAspect","message":"➡️ Entering method: UserServiceImpl.getProfile(..)"}{"timestamp":"2026-06-16 21:23:41","level":"INFO","logger":"com.example.BE.aspects.LoggingAndPerformanceAspect","message":"📥 Arguments: [jobseeker@gmail.com]"}{"timestamp":"2026-06-16 21:23:41","level":"INFO","logger":"com.example.BE.aspects.LoggingAndPerformanceAspect","message":"➡️ Entering method: JobPortalUserRepository.findJobPortalUserByEmail(..)"}{"timestamp":"2026-06-16 21:23:41","level":"INFO","logger":"com.example.BE.aspects.LoggingAndPerformanceAspect","message":"📥 Arguments: [jobseeker@gmail.com]"}{"timestamp":"2026-06-16 21:23:41","level":"INFO","logger":"com.example.BE.aspects.LoggingAndPerformanceAspect","message":"✅ Method executed successfully: JobPortalUserRepository.findJobPortalUserByEmail(..)"}{"timestamp":"2026-06-16 21:23:41","level":"INFO","logger":"com.example.BE.aspects.LoggingAndPerformanceAspect","message":"⏱ Execution time: 9 ms"}{"timestamp":"2026-06-16 21:23:41","level":"INFO","logger":"com.example.BE.aspects.LoggingAndPerformanceAspect","message":"➡️ Entering method: UserMapper.mapToProfileDto(..)"}{"timestamp":"2026-06-16 21:23:41","level":"INFO","logger":"com.example.BE.aspects.LoggingAndPerformanceAspect","message":"📥 Arguments: [com.example.BE.entity.Profile@996545c, false]"}{"timestamp":"2026-06-16 21:23:41","level":"INFO","logger":"com.example.BE.aspects.LoggingAndPerformanceAspect","message":"✅ Method executed successfully: UserMapper.mapToProfileDto(..)"}{"timestamp":"2026-06-16 21:23:41","level":"INFO","logger":"com.example.BE.aspects.LoggingAndPerformanceAspect","message":"⏱ Execution time: 0 ms"}{"timestamp":"2026-06-16 21:23:41","level":"INFO","logger":"com.example.BE.aspects.LoggingAndPerformanceAspect","message":"✅ Method executed successfully: UserServiceImpl.getProfile(..)"}{"timestamp":"2026-06-16 21:23:41","level":"INFO","logger":"com.example.BE.aspects.LoggingAndPerformanceAspect","message":"⏱ Execution time: 10 ms"}{"timestamp":"2026-06-16 21:23:41","level":"INFO","logger":"com.example.BE.aspects.LoggingAndPerformanceAspect","message":"✅ Method executed successfully: UserController.getProfile(..)"}{"timestamp":"2026-06-16 21:23:41","level":"INFO","logger":"com.example.BE.aspects.LoggingAndPerformanceAspect","message":"⏱ Execution time: 20 ms"}{"timestamp":"2026-06-16 21:24:38","level":"INFO","logger":"com.example.BE.aspects.LoggingAndPerformanceAspect","message":"➡️ Entering method: AuthController.registerUser(..)"}{"timestamp":"2026-06-16 21:24:38","level":"INFO","logger":"com.example.BE.aspects.LoggingAndPerformanceAspect","message":"📥 Arguments: [RegisterRequestDto[name=employee, email=employee@gmail.com, mobileNumber=2222222222, password=employee]]"}{"timestamp":"2026-06-16 21:24:38","level":"INFO","logger":"com.example.BE.aspects.RegisterValidationAspect","message":"🔍 Validating user registration request"}{"timestamp":"2026-06-16 21:24:38","level":"INFO","logger":"com.example.BE.aspects.LoggingAndPerformanceAspect","message":"➡️ Entering method: JobPortalUserRepository.readUserByEmailOrMobileNumber(..)"}{"timestamp":"2026-06-16 21:24:38","level":"INFO","logger":"com.example.BE.aspects.LoggingAndPerformanceAspect","message":"📥 Arguments: [employee@gmail.com, 2222222222]"}{"timestamp":"2026-06-16 21:24:38","level":"INFO","logger":"com.example.BE.aspects.LoggingAndPerformanceAspect","message":"✅ Method executed successfully: JobPortalUserRepository.readUserByEmailOrMobileNumber(..)"}{"timestamp":"2026-06-16 21:24:38","level":"INFO","logger":"com.example.BE.aspects.LoggingAndPerformanceAspect","message":"⏱ Execution time: 6 ms"}{"timestamp":"2026-06-16 21:24:38","level":"INFO","logger":"com.example.BE.aspects.RegisterValidationAspect","message":"✅ Registration validation passed"}{"timestamp":"2026-06-16 21:24:38","level":"INFO","logger":"com.example.BE.aspects.LoggingAndPerformanceAspect","message":"➡️ Entering method: CrudRepository.save(..)"}{"timestamp":"2026-06-16 21:24:38","level":"INFO","logger":"com.example.BE.aspects.LoggingAndPerformanceAspect","message":"📥 Arguments: [com.example.BE.entity.JobPortalUser@5495c151]"}{"timestamp":"2026-06-16 21:24:38","level":"INFO","logger":"com.example.BE.aspects.LoggingAndPerformanceAspect","message":"➡️ Entering method: AuditorAwareImpl.getCurrentAuditor()"}{"timestamp":"2026-06-16 21:24:38","level":"INFO","logger":"com.example.BE.aspects.LoggingAndPerformanceAspect","message":"📥 Arguments: []"}{"timestamp":"2026-06-16 21:24:38","level":"INFO","logger":"com.example.BE.aspects.LoggingAndPerformanceAspect","message":"✅ Method executed successfully: AuditorAwareImpl.getCurrentAuditor()"}{"timestamp":"2026-06-16 21:24:38","level":"INFO","logger":"com.example.BE.aspects.LoggingAndPerformanceAspect","message":"⏱ Execution time: 0 ms"}{"timestamp":"2026-06-16 21:24:38","level":"INFO","logger":"com.example.BE.aspects.LoggingAndPerformanceAspect","message":"✅ Method executed successfully: CrudRepository.save(..)"}{"timestamp":"2026-06-16 21:24:38","level":"INFO","logger":"com.example.BE.aspects.LoggingAndPerformanceAspect","message":"⏱ Execution time: 20 ms"}{"timestamp":"2026-06-16 21:24:38","level":"INFO","logger":"com.example.BE.aspects.LoggingAndPerformanceAspect","message":"✅ Method executed successfully: AuthController.registerUser(..)"}{"timestamp":"2026-06-16 21:24:38","level":"INFO","logger":"com.example.BE.aspects.LoggingAndPerformanceAspect","message":"⏱ Execution time: 94 ms"}{"timestamp":"2026-06-16 21:25:53","level":"INFO","logger":"com.example.BE.aspects.LoggingAndPerformanceAspect","message":"➡️ Entering method: CompanyController.getAllCompanies()"}{"timestamp":"2026-06-16 21:25:53","level":"INFO","logger":"com.example.BE.aspects.LoggingAndPerformanceAspect","message":"📥 Arguments: []"}{"timestamp":"2026-06-16 21:25:53","level":"INFO","logger":"com.example.BE.aspects.LoggingAndPerformanceAspect","message":"➡️ Entering method: ICompanyServiceImpl.getAllCompanies()"}{"timestamp":"2026-06-16 21:25:53","level":"INFO","logger":"com.example.BE.aspects.LoggingAndPerformanceAspect","message":"📥 Arguments: []"}{"timestamp":"2026-06-16 21:25:53","level":"INFO","logger":"com.example.BE.aspects.LoggingAndPerformanceAspect","message":"➡️ Entering method: CompanyRepository.findAllWithJobsByStatus(..)"}{"timestamp":"2026-06-16 21:25:53","level":"INFO","logger":"com.example.BE.aspects.LoggingAndPerformanceAspect","message":"📥 Arguments: [ACTIVE]"}{"timestamp":"2026-06-16 21:25:53","level":"INFO","logger":"com.example.BE.aspects.LoggingAndPerformanceAspect","message":"✅ Method executed successfully: CompanyRepository.findAllWithJobsByStatus(..)"}{"timestamp":"2026-06-16 21:25:53","level":"INFO","logger":"com.example.BE.aspects.LoggingAndPerformanceAspect","message":"⏱ Execution time: 65 ms"}{"timestamp":"2026-06-16 21:25:53","level":"INFO","logger":"com.example.BE.aspects.LoggingAndPerformanceAspect","message":"➡️ Entering method: CompanyMapper.transformCompanyToDto(..)"}{"timestamp":"2026-06-16 21:25:53","level":"INFO","logger":"com.example.BE.aspects.LoggingAndPerformanceAspect","message":"📥 Arguments: [com.example.BE.entity.Company@292ab35a]"}{"timestamp":"2026-06-16 21:25:53","level":"INFO","logger":"com.example.BE.aspects.LoggingAndPerformanceAspect","message":"✅ Method executed successfully: CompanyMapper.transformCompanyToDto(..)"}{"timestamp":"2026-06-16 21:25:53","level":"INFO","logger":"com.example.BE.aspects.LoggingAndPerformanceAspect","message":"⏱ Execution time: 1 ms"}{"timestamp":"2026-06-16 21:25:53","level":"INFO","logger":"com.example.BE.aspects.LoggingAndPerformanceAspect","message":"➡️ Entering method: CompanyMapper.transformCompanyToDto(..)"}{"timestamp":"2026-06-16 21:25:53","level":"INFO","logger":"com.example.BE.aspects.LoggingAndPerformanceAspect","message":"📥 Arguments: [com.example.BE.entity.Company@763646dd]"}{"timestamp":"2026-06-16 21:25:53","level":"INFO","logger":"com.example.BE.aspects.LoggingAndPerformanceAspect","message":"✅ Method executed successfully: CompanyMapper.transformCompanyToDto(..)"}{"timestamp":"2026-06-16 21:25:53","level":"INFO","logger":"com.example.BE.aspects.LoggingAndPerformanceAspect","message":"⏱ Execution time: 1 ms"}{"timestamp":"2026-06-16 21:25:53","level":"INFO","logger":"com.example.BE.aspects.LoggingAndPerformanceAspect","message":"➡️ Entering method: CompanyMapper.transformCompanyToDto(..)"}{"timestamp":"2026-06-16 21:25:53","level":"INFO","logger":"com.example.BE.aspects.LoggingAndPerformanceAspect","message":"📥 Arguments: [com.example.BE.entity.Company@7b5d5a0d]"}{"timestamp":"2026-06-16 21:25:53","level":"INFO","logger":"com.example.BE.aspects.LoggingAndPerformanceAspect","message":"✅ Method executed successfully: CompanyMapper.transformCompanyToDto(..)"}{"timestamp":"2026-06-16 21:25:53","level":"INFO","logger":"com.example.BE.aspects.LoggingAndPerformanceAspect","message":"⏱ Execution time: 0 ms"}{"timestamp":"2026-06-16 21:25:53","level":"INFO","logger":"com.example.BE.aspects.LoggingAndPerformanceAspect","message":"➡️ Entering method: CompanyMapper.transformCompanyToDto(..)"}{"timestamp":"2026-06-16 21:25:53","level":"INFO","logger":"com.example.BE.aspects.LoggingAndPerformanceAspect","message":"📥 Arguments: [com.example.BE.entity.Company@6dce0857]"}{"timestamp":"2026-06-16 21:25:53","level":"INFO","logger":"com.example.BE.aspects.LoggingAndPerformanceAspect","message":"✅ Method executed successfully: CompanyMapper.transformCompanyToDto(..)"}{"timestamp":"2026-06-16 21:25:53","level":"INFO","logger":"com.example.BE.aspects.LoggingAndPerformanceAspect","message":"⏱ Execution time: 1 ms"}{"timestamp":"2026-06-16 21:25:53","level":"INFO","logger":"com.example.BE.aspects.LoggingAndPerformanceAspect","message":"➡️ Entering method: CompanyMapper.transformCompanyToDto(..)"}{"timestamp":"2026-06-16 21:25:53","level":"INFO","logger":"com.example.BE.aspects.LoggingAndPerformanceAspect","message":"📥 Arguments: [com.example.BE.entity.Company@1ee0f8a9]"}{"timestamp":"2026-06-16 21:25:53","level":"INFO","logger":"com.example.BE.aspects.LoggingAndPerformanceAspect","message":"✅ Method executed successfully: CompanyMapper.transformCompanyToDto(..)"}{"timestamp":"2026-06-16 21:25:53","level":"INFO","logger":"com.example.BE.aspects.LoggingAndPerformanceAspect","message":"⏱ Execution time: 0 ms"}{"timestamp":"2026-06-16 21:25:53","level":"INFO","logger":"com.example.BE.aspects.LoggingAndPerformanceAspect","message":"➡️ Entering method: CompanyMapper.transformCompanyToDto(..)"}{"timestamp":"2026-06-16 21:25:53","level":"INFO","logger":"com.example.BE.aspects.LoggingAndPerformanceAspect","message":"📥 Arguments: [com.example.BE.entity.Company@3709a2db]"}{"timestamp":"2026-06-16 21:25:53","level":"INFO","logger":"com.example.BE.aspects.LoggingAndPerformanceAspect","message":"✅ Method executed successfully: CompanyMapper.transformCompanyToDto(..)"}{"timestamp":"2026-06-16 21:25:53","level":"INFO","logger":"com.example.BE.aspects.LoggingAndPerformanceAspect","message":"⏱ Execution time: 0 ms"}{"timestamp":"2026-06-16 21:25:53","level":"INFO","logger":"com.example.BE.aspects.LoggingAndPerformanceAspect","message":"➡️ Entering method: CompanyMapper.transformCompanyToDto(..)"}{"timestamp":"2026-06-16 21:25:53","level":"INFO","logger":"com.example.BE.aspects.LoggingAndPerformanceAspect","message":"📥 Arguments: [com.example.BE.entity.Company@39d701bc]"}{"timestamp":"2026-06-16 21:25:53","level":"INFO","logger":"com.example.BE.aspects.LoggingAndPerformanceAspect","message":"✅ Method executed successfully: CompanyMapper.transformCompanyToDto(..)"}{"timestamp":"2026-06-16 21:25:53","level":"INFO","logger":"com.example.BE.aspects.LoggingAndPerformanceAspect","message":"⏱ Execution time: 0 ms"}{"timestamp":"2026-06-16 21:25:53","level":"INFO","logger":"com.example.BE.aspects.LoggingAndPerformanceAspect","message":"➡️ Entering method: CompanyMapper.transformCompanyToDto(..)"}{"timestamp":"2026-06-16 21:25:53","level":"INFO","logger":"com.example.BE.aspects.LoggingAndPerformanceAspect","message":"📥 Arguments: [com.example.BE.entity.Company@ee1d7cd]"}{"timestamp":"2026-06-16 21:25:53","level":"INFO","logger":"com.example.BE.aspects.LoggingAndPerformanceAspect","message":"✅ Method executed successfully: CompanyMapper.transformCompanyToDto(..)"}{"timestamp":"2026-06-16 21:25:53","level":"INFO","logger":"com.example.BE.aspects.LoggingAndPerformanceAspect","message":"⏱ Execution time: 0 ms"}{"timestamp":"2026-06-16 21:25:53","level":"INFO","logger":"com.example.BE.aspects.LoggingAndPerformanceAspect","message":"➡️ Entering method: CompanyMapper.transformCompanyToDto(..)"}{"timestamp":"2026-06-16 21:25:53","level":"INFO","logger":"com.example.BE.aspects.LoggingAndPerformanceAspect","message":"📥 Arguments: [com.example.BE.entity.Company@273b3fcf]"}{"timestamp":"2026-06-16 21:25:53","level":"INFO","logger":"com.example.BE.aspects.LoggingAndPerformanceAspect","message":"✅ Method executed successfully: CompanyMapper.transformCompanyToDto(..)"}{"timestamp":"2026-06-16 21:25:53","level":"INFO","logger":"com.example.BE.aspects.LoggingAndPerformanceAspect","message":"⏱ Execution time: 0 ms"}{"timestamp":"2026-06-16 21:25:53","level":"INFO","logger":"com.example.BE.aspects.LoggingAndPerformanceAspect","message":"➡️ Entering method: CompanyMapper.transformCompanyToDto(..)"}{"timestamp":"2026-06-16 21:25:53","level":"INFO","logger":"com.example.BE.aspects.LoggingAndPerformanceAspect","message":"📥 Arguments: [com.example.BE.entity.Company@18471eee]"}{"timestamp":"2026-06-16 21:25:53","level":"INFO","logger":"com.example.BE.aspects.LoggingAndPerformanceAspect","message":"✅ Method executed successfully: CompanyMapper.transformCompanyToDto(..)"}{"timestamp":"2026-06-16 21:25:53","level":"INFO","logger":"com.example.BE.aspects.LoggingAndPerformanceAspect","message":"⏱ Execution time: 0 ms"}{"timestamp":"2026-06-16 21:25:53","level":"INFO","logger":"com.example.BE.aspects.LoggingAndPerformanceAspect","message":"➡️ Entering method: CompanyMapper.transformCompanyToDto(..)"}{"timestamp":"2026-06-16 21:25:53","level":"INFO","logger":"com.example.BE.aspects.LoggingAndPerformanceAspect","message":"📥 Arguments: [com.example.BE.entity.Company@4a8bee1d]"}{"timestamp":"2026-06-16 21:25:53","level":"INFO","logger":"com.example.BE.aspects.LoggingAndPerformanceAspect","message":"✅ Method executed successfully: CompanyMapper.transformCompanyToDto(..)"}{"timestamp":"2026-06-16 21:25:53","level":"INFO","logger":"com.example.BE.aspects.LoggingAndPerformanceAspect","message":"⏱ Execution time: 0 ms"}{"timestamp":"2026-06-16 21:25:53","level":"INFO","logger":"com.example.BE.aspects.LoggingAndPerformanceAspect","message":"➡️ Entering method: CompanyMapper.transformCompanyToDto(..)"}{"timestamp":"2026-06-16 21:25:53","level":"INFO","logger":"com.example.BE.aspects.LoggingAndPerformanceAspect","message":"📥 Arguments: [com.example.BE.entity.Company@575482b]"}{"timestamp":"2026-06-16 21:25:53","level":"INFO","logger":"com.example.BE.aspects.LoggingAndPerformanceAspect","message":"✅ Method executed successfully: CompanyMapper.transformCompanyToDto(..)"}{"timestamp":"2026-06-16 21:25:53","level":"INFO","logger":"com.example.BE.aspects.LoggingAndPerformanceAspect","message":"⏱ Execution time: 0 ms"}{"timestamp":"2026-06-16 21:25:53","level":"INFO","logger":"com.example.BE.aspects.LoggingAndPerformanceAspect","message":"➡️ Entering method: CompanyMapper.transformCompanyToDto(..)"}{"timestamp":"2026-06-16 21:25:53","level":"INFO","logger":"com.example.BE.aspects.LoggingAndPerformanceAspect","message":"📥 Arguments: [com.example.BE.entity.Company@1f82e15d]"}{"timestamp":"2026-06-16 21:25:53","level":"INFO","logger":"com.example.BE.aspects.LoggingAndPerformanceAspect","message":"✅ Method executed successfully: CompanyMapper.transformCompanyToDto(..)"}{"timestamp":"2026-06-16 21:25:53","level":"INFO","logger":"com.example.BE.aspects.LoggingAndPerformanceAspect","message":"⏱ Execution time: 0 ms"}{"timestamp":"2026-06-16 21:25:53","level":"INFO","logger":"com.example.BE.aspects.LoggingAndPerformanceAspect","message":"➡️ Entering method: CompanyMapper.transformCompanyToDto(..)"}{"timestamp":"2026-06-16 21:25:53","level":"INFO","logger":"com.example.BE.aspects.LoggingAndPerformanceAspect","message":"📥 Arguments: [com.example.BE.entity.Company@195ace69]"}{"timestamp":"2026-06-16 21:25:53","level":"INFO","logger":"com.example.BE.aspects.LoggingAndPerformanceAspect","message":"✅ Method executed successfully: CompanyMapper.transformCompanyToDto(..)"}{"timestamp":"2026-06-16 21:25:53","level":"INFO","logger":"com.example.BE.aspects.LoggingAndPerformanceAspect","message":"⏱ Execution time: 0 ms"}{"timestamp":"2026-06-16 21:25:53","level":"INFO","logger":"com.example.BE.aspects.LoggingAndPerformanceAspect","message":"➡️ Entering method: CompanyMapper.transformCompanyToDto(..)"}{"timestamp":"2026-06-16 21:25:53","level":"INFO","logger":"com.example.BE.aspects.LoggingAndPerformanceAspect","message":"📥 Arguments: [com.example.BE.entity.Company@3002eed8]"}{"timestamp":"2026-06-16 21:25:53","level":"INFO","logger":"com.example.BE.aspects.LoggingAndPerformanceAspect","message":"✅ Method executed successfully: CompanyMapper.transformCompanyToDto(..)"}{"timestamp":"2026-06-16 21:25:53","level":"INFO","logger":"com.example.BE.aspects.LoggingAndPerformanceAspect","message":"⏱ Execution time: 1 ms"}{"timestamp":"2026-06-16 21:25:53","level":"INFO","logger":"com.example.BE.aspects.LoggingAndPerformanceAspect","message":"➡️ Entering method: CompanyMapper.transformCompanyToDto(..)"}{"timestamp":"2026-06-16 21:25:53","level":"INFO","logger":"com.example.BE.aspects.LoggingAndPerformanceAspect","message":"📥 Arguments: [com.example.BE.entity.Company@7da382b5]"}{"timestamp":"2026-06-16 21:25:53","level":"INFO","logger":"com.example.BE.aspects.LoggingAndPerformanceAspect","message":"✅ Method executed successfully: CompanyMapper.transformCompanyToDto(..)"}{"timestamp":"2026-06-16 21:25:53","level":"INFO","logger":"com.example.BE.aspects.LoggingAndPerformanceAspect","message":"⏱ Execution time: 0 ms"}{"timestamp":"2026-06-16 21:25:53","level":"INFO","logger":"com.example.BE.aspects.LoggingAndPerformanceAspect","message":"➡️ Entering method: CompanyMapper.transformCompanyToDto(..)"}{"timestamp":"2026-06-16 21:25:53","level":"INFO","logger":"com.example.BE.aspects.LoggingAndPerformanceAspect","message":"📥 Arguments: [com.example.BE.entity.Company@72e94fef]"}{"timestamp":"2026-06-16 21:25:53","level":"INFO","logger":"com.example.BE.aspects.LoggingAndPerformanceAspect","message":"✅ Method executed successfully: CompanyMapper.transformCompanyToDto(..)"}{"timestamp":"2026-06-16 21:25:53","level":"INFO","logger":"com.example.BE.aspects.LoggingAndPerformanceAspect","message":"⏱ Execution time: 1 ms"}{"timestamp":"2026-06-16 21:25:53","level":"INFO","logger":"com.example.BE.aspects.LoggingAndPerformanceAspect","message":"➡️ Entering method: CompanyMapper.transformCompanyToDto(..)"}{"timestamp":"2026-06-16 21:25:53","level":"INFO","logger":"com.example.BE.aspects.LoggingAndPerformanceAspect","message":"📥 Arguments: [com.example.BE.entity.Company@415ca8b9]"}{"timestamp":"2026-06-16 21:25:53","level":"INFO","logger":"com.example.BE.aspects.LoggingAndPerformanceAspect","message":"✅ Method executed successfully: CompanyMapper.transformCompanyToDto(..)"}{"timestamp":"2026-06-16 21:25:53","level":"INFO","logger":"com.example.BE.aspects.LoggingAndPerformanceAspect","message":"⏱ Execution time: 0 ms"}{"timestamp":"2026-06-16 21:25:53","level":"INFO","logger":"com.example.BE.aspects.LoggingAndPerformanceAspect","message":"➡️ Entering method: CompanyMapper.transformCompanyToDto(..)"}{"timestamp":"2026-06-16 21:25:53","level":"INFO","logger":"com.example.BE.aspects.LoggingAndPerformanceAspect","message":"📥 Arguments: [com.example.BE.entity.Company@4581edd5]"}{"timestamp":"2026-06-16 21:25:53","level":"INFO","logger":"com.example.BE.aspects.LoggingAndPerformanceAspect","message":"✅ Method executed successfully: CompanyMapper.transformCompanyToDto(..)"}{"timestamp":"2026-06-16 21:25:53","level":"INFO","logger":"com.example.BE.aspects.LoggingAndPerformanceAspect","message":"⏱ Execution time: 0 ms"}{"timestamp":"2026-06-16 21:25:53","level":"INFO","logger":"com.example.BE.aspects.LoggingAndPerformanceAspect","message":"➡️ Entering method: CompanyMapper.transformCompanyToDto(..)"}{"timestamp":"2026-06-16 21:25:53","level":"INFO","logger":"com.example.BE.aspects.LoggingAndPerformanceAspect","message":"📥 Arguments: [com.example.BE.entity.Company@1cf31531]"}{"timestamp":"2026-06-16 21:25:53","level":"INFO","logger":"com.example.BE.aspects.LoggingAndPerformanceAspect","message":"✅ Method executed successfully: CompanyMapper.transformCompanyToDto(..)"}{"timestamp":"2026-06-16 21:25:53","level":"INFO","logger":"com.example.BE.aspects.LoggingAndPerformanceAspect","message":"⏱ Execution time: 1 ms"}{"timestamp":"2026-06-16 21:25:53","level":"INFO","logger":"com.example.BE.aspects.LoggingAndPerformanceAspect","message":"➡️ Entering method: CompanyMapper.transformCompanyToDto(..)"}{"timestamp":"2026-06-16 21:25:53","level":"INFO","logger":"com.example.BE.aspects.LoggingAndPerformanceAspect","message":"📥 Arguments: [com.example.BE.entity.Company@47382cea]"}{"timestamp":"2026-06-16 21:25:53","level":"INFO","logger":"com.example.BE.aspects.LoggingAndPerformanceAspect","message":"✅ Method executed successfully: CompanyMapper.transformCompanyToDto(..)"}{"timestamp":"2026-06-16 21:25:53","level":"INFO","logger":"com.example.BE.aspects.LoggingAndPerformanceAspect","message":"⏱ Execution time: 0 ms"}{"timestamp":"2026-06-16 21:25:53","level":"INFO","logger":"com.example.BE.aspects.LoggingAndPerformanceAspect","message":"➡️ Entering method: CompanyMapper.transformCompanyToDto(..)"}{"timestamp":"2026-06-16 21:25:53","level":"INFO","logger":"com.example.BE.aspects.LoggingAndPerformanceAspect","message":"📥 Arguments: [com.example.BE.entity.Company@582a5a43]"}{"timestamp":"2026-06-16 21:25:53","level":"INFO","logger":"com.example.BE.aspects.LoggingAndPerformanceAspect","message":"✅ Method executed successfully: CompanyMapper.transformCompanyToDto(..)"}{"timestamp":"2026-06-16 21:25:53","level":"INFO","logger":"com.example.BE.aspects.LoggingAndPerformanceAspect","message":"⏱ Execution time: 0 ms"}{"timestamp":"2026-06-16 21:25:53","level":"INFO","logger":"com.example.BE.aspects.LoggingAndPerformanceAspect","message":"➡️ Entering method: CompanyMapper.transformCompanyToDto(..)"}{"timestamp":"2026-06-16 21:25:53","level":"INFO","logger":"com.example.BE.aspects.LoggingAndPerformanceAspect","message":"📥 Arguments: [com.example.BE.entity.Company@30cfa076]"}{"timestamp":"2026-06-16 21:25:53","level":"INFO","logger":"com.example.BE.aspects.LoggingAndPerformanceAspect","message":"✅ Method executed successfully: CompanyMapper.transformCompanyToDto(..)"}{"timestamp":"2026-06-16 21:25:53","level":"INFO","logger":"com.example.BE.aspects.LoggingAndPerformanceAspect","message":"⏱ Execution time: 1 ms"}{"timestamp":"2026-06-16 21:25:53","level":"INFO","logger":"com.example.BE.aspects.LoggingAndPerformanceAspect","message":"➡️ Entering method: CompanyMapper.transformCompanyToDto(..)"}{"timestamp":"2026-06-16 21:25:53","level":"INFO","logger":"com.example.BE.aspects.LoggingAndPerformanceAspect","message":"📥 Arguments: [com.example.BE.entity.Company@3fe09096]"}{"timestamp":"2026-06-16 21:25:53","level":"INFO","logger":"com.example.BE.aspects.LoggingAndPerformanceAspect","message":"✅ Method executed successfully: CompanyMapper.transformCompanyToDto(..)"}{"timestamp":"2026-06-16 21:25:53","level":"INFO","logger":"com.example.BE.aspects.LoggingAndPerformanceAspect","message":"⏱ Execution time: 0 ms"}{"timestamp":"2026-06-16 21:25:53","level":"INFO","logger":"com.example.BE.aspects.LoggingAndPerformanceAspect","message":"➡️ Entering method: CompanyMapper.transformCompanyToDto(..)"}{"timestamp":"2026-06-16 21:25:53","level":"INFO","logger":"com.example.BE.aspects.LoggingAndPerformanceAspect","message":"📥 Arguments: [com.example.BE.entity.Company@a39352e]"}{"timestamp":"2026-06-16 21:25:53","level":"INFO","logger":"com.example.BE.aspects.LoggingAndPerformanceAspect","message":"✅ Method executed successfully: CompanyMapper.transformCompanyToDto(..)"}{"timestamp":"2026-06-16 21:25:53","level":"INFO","logger":"com.example.BE.aspects.LoggingAndPerformanceAspect","message":"⏱ Execution time: 1 ms"}{"timestamp":"2026-06-16 21:25:53","level":"INFO","logger":"com.example.BE.aspects.LoggingAndPerformanceAspect","message":"➡️ Entering method: CompanyMapper.transformCompanyToDto(..)"}{"timestamp":"2026-06-16 21:25:53","level":"INFO","logger":"com.example.BE.aspects.LoggingAndPerformanceAspect","message":"📥 Arguments: [com.example.BE.entity.Company@36b43d40]"}{"timestamp":"2026-06-16 21:25:53","level":"INFO","logger":"com.example.BE.aspects.LoggingAndPerformanceAspect","message":"✅ Method executed successfully: CompanyMapper.transformCompanyToDto(..)"}{"timestamp":"2026-06-16 21:25:53","level":"INFO","logger":"com.example.BE.aspects.LoggingAndPerformanceAspect","message":"⏱ Execution time: 0 ms"}{"timestamp":"2026-06-16 21:25:53","level":"INFO","logger":"com.example.BE.aspects.LoggingAndPerformanceAspect","message":"➡️ Entering method: CompanyMapper.transformCompanyToDto(..)"}{"timestamp":"2026-06-16 21:25:53","level":"INFO","logger":"com.example.BE.aspects.LoggingAndPerformanceAspect","message":"📥 Arguments: [com.example.BE.entity.Company@7357bcc8]"}{"timestamp":"2026-06-16 21:25:53","level":"INFO","logger":"com.example.BE.aspects.LoggingAndPerformanceAspect","message":"✅ Method executed successfully: CompanyMapper.transformCompanyToDto(..)"}{"timestamp":"2026-06-16 21:25:53","level":"INFO","logger":"com.example.BE.aspects.LoggingAndPerformanceAspect","message":"⏱ Execution time: 0 ms"}{"timestamp":"2026-06-16 21:25:53","level":"INFO","logger":"com.example.BE.aspects.LoggingAndPerformanceAspect","message":"➡️ Entering method: CompanyMapper.transformCompanyToDto(..)"}{"timestamp":"2026-06-16 21:25:53","level":"INFO","logger":"com.example.BE.aspects.LoggingAndPerformanceAspect","message":"📥 Arguments: [com.example.BE.entity.Company@57469709]"}{"timestamp":"2026-06-16 21:25:53","level":"INFO","logger":"com.example.BE.aspects.LoggingAndPerformanceAspect","message":"✅ Method executed successfully: CompanyMapper.transformCompanyToDto(..)"}{"timestamp":"2026-06-16 21:25:53","level":"INFO","logger":"com.example.BE.aspects.LoggingAndPerformanceAspect","message":"⏱ Execution time: 0 ms"}{"timestamp":"2026-06-16 21:25:53","level":"INFO","logger":"com.example.BE.aspects.LoggingAndPerformanceAspect","message":"➡️ Entering method: CompanyMapper.transformCompanyToDto(..)"}{"timestamp":"2026-06-16 21:25:53","level":"INFO","logger":"com.example.BE.aspects.LoggingAndPerformanceAspect","message":"📥 Arguments: [com.example.BE.entity.Company@76735930]"}{"timestamp":"2026-06-16 21:25:53","level":"INFO","logger":"com.example.BE.aspects.LoggingAndPerformanceAspect","message":"✅ Method executed successfully: CompanyMapper.transformCompanyToDto(..)"}{"timestamp":"2026-06-16 21:25:53","level":"INFO","logger":"com.example.BE.aspects.LoggingAndPerformanceAspect","message":"⏱ Execution time: 2 ms"}{"timestamp":"2026-06-16 21:25:53","level":"INFO","logger":"com.example.BE.aspects.LoggingAndPerformanceAspect","message":"➡️ Entering method: CompanyMapper.transformCompanyToDto(..)"}{"timestamp":"2026-06-16 21:25:53","level":"INFO","logger":"com.example.BE.aspects.LoggingAndPerformanceAspect","message":"📥 Arguments: [com.example.BE.entity.Company@3bd70175]"}{"timestamp":"2026-06-16 21:25:53","level":"INFO","logger":"com.example.BE.aspects.LoggingAndPerformanceAspect","message":"✅ Method executed successfully: CompanyMapper.transformCompanyToDto(..)"}{"timestamp":"2026-06-16 21:25:53","level":"INFO","logger":"com.example.BE.aspects.LoggingAndPerformanceAspect","message":"⏱ Execution time: 0 ms"}{"timestamp":"2026-06-16 21:25:53","level":"INFO","logger":"com.example.BE.aspects.LoggingAndPerformanceAspect","message":"✅ Method executed successfully: ICompanyServiceImpl.getAllCompanies()"}{"timestamp":"2026-06-16 21:25:53","level":"INFO","logger":"com.example.BE.aspects.LoggingAndPerformanceAspect","message":"⏱ Execution time: 94 ms"}{"timestamp":"2026-06-16 21:25:53","level":"INFO","logger":"com.example.BE.aspects.LoggingAndPerformanceAspect","message":"✅ Method executed successfully: CompanyController.getAllCompanies()"}{"timestamp":"2026-06-16 21:25:53","level":"INFO","logger":"com.example.BE.aspects.LoggingAndPerformanceAspect","message":"⏱ Execution time: 105 ms"}{"timestamp":"2026-06-16 21:25:53","level":"INFO","logger":"com.example.BE.aspects.LoggingAndPerformanceAspect","message":"➡️ Entering method: CompanyController.getAllCompanies()"}{"timestamp":"2026-06-16 21:25:53","level":"INFO","logger":"com.example.BE.aspects.LoggingAndPerformanceAspect","message":"📥 Arguments: []"}{"timestamp":"2026-06-16 21:25:53","level":"INFO","logger":"com.example.BE.aspects.LoggingAndPerformanceAspect","message":"➡️ Entering method: ICompanyServiceImpl.getAllCompanies()"}{"timestamp":"2026-06-16 21:25:53","level":"INFO","logger":"com.example.BE.aspects.LoggingAndPerformanceAspect","message":"📥 Arguments: []"}{"timestamp":"2026-06-16 21:25:53","level":"INFO","logger":"com.example.BE.aspects.LoggingAndPerformanceAspect","message":"➡️ Entering method: CompanyRepository.findAllWithJobsByStatus(..)"}{"timestamp":"2026-06-16 21:25:53","level":"INFO","logger":"com.example.BE.aspects.LoggingAndPerformanceAspect","message":"📥 Arguments: [ACTIVE]"}{"timestamp":"2026-06-16 21:25:53","level":"INFO","logger":"com.example.BE.aspects.LoggingAndPerformanceAspect","message":"✅ Method executed successfully: CompanyRepository.findAllWithJobsByStatus(..)"}{"timestamp":"2026-06-16 21:25:53","level":"INFO","logger":"com.example.BE.aspects.LoggingAndPerformanceAspect","message":"⏱ Execution time: 74 ms"}{"timestamp":"2026-06-16 21:25:53","level":"INFO","logger":"com.example.BE.aspects.LoggingAndPerformanceAspect","message":"➡️ Entering method: CompanyMapper.transformCompanyToDto(..)"}{"timestamp":"2026-06-16 21:25:53","level":"INFO","logger":"com.example.BE.aspects.LoggingAndPerformanceAspect","message":"📥 Arguments: [com.example.BE.entity.Company@3c86853d]"}{"timestamp":"2026-06-16 21:25:53","level":"INFO","logger":"com.example.BE.aspects.LoggingAndPerformanceAspect","message":"✅ Method executed successfully: CompanyMapper.transformCompanyToDto(..)"}{"timestamp":"2026-06-16 21:25:53","level":"INFO","logger":"com.example.BE.aspects.LoggingAndPerformanceAspect","message":"⏱ Execution time: 1 ms"}{"timestamp":"2026-06-16 21:25:53","level":"INFO","logger":"com.example.BE.aspects.LoggingAndPerformanceAspect","message":"➡️ Entering method: CompanyMapper.transformCompanyToDto(..)"}{"timestamp":"2026-06-16 21:25:53","level":"INFO","logger":"com.example.BE.aspects.LoggingAndPerformanceAspect","message":"📥 Arguments: [com.example.BE.entity.Company@26c97e4]"}{"timestamp":"2026-06-16 21:25:53","level":"INFO","logger":"com.example.BE.aspects.LoggingAndPerformanceAspect","message":"✅ Method executed successfully: CompanyMapper.transformCompanyToDto(..)"}{"timestamp":"2026-06-16 21:25:53","level":"INFO","logger":"com.example.BE.aspects.LoggingAndPerformanceAspect","message":"⏱ Execution time: 1 ms"}{"timestamp":"2026-06-16 21:25:53","level":"INFO","logger":"com.example.BE.aspects.LoggingAndPerformanceAspect","message":"➡️ Entering method: CompanyMapper.transformCompanyToDto(..)"}{"timestamp":"2026-06-16 21:25:53","level":"INFO","logger":"com.example.BE.aspects.LoggingAndPerformanceAspect","message":"📥 Arguments: [com.example.BE.entity.Company@7bd418d5]"}{"timestamp":"2026-06-16 21:25:53","level":"INFO","logger":"com.example.BE.aspects.LoggingAndPerformanceAspect","message":"✅ Method executed successfully: CompanyMapper.transformCompanyToDto(..)"}{"timestamp":"2026-06-16 21:25:53","level":"INFO","logger":"com.example.BE.aspects.LoggingAndPerformanceAspect","message":"⏱ Execution time: 2 ms"}{"timestamp":"2026-06-16 21:25:53","level":"INFO","logger":"com.example.BE.aspects.LoggingAndPerformanceAspect","message":"➡️ Entering method: CompanyMapper.transformCompanyToDto(..)"}{"timestamp":"2026-06-16 21:25:53","level":"INFO","logger":"com.example.BE.aspects.LoggingAndPerformanceAspect","message":"📥 Arguments: [com.example.BE.entity.Company@7c3a4d92]"}{"timestamp":"2026-06-16 21:25:53","level":"INFO","logger":"com.example.BE.aspects.LoggingAndPerformanceAspect","message":"✅ Method executed successfully: CompanyMapper.transformCompanyToDto(..)"}{"timestamp":"2026-06-16 21:25:53","level":"INFO","logger":"com.example.BE.aspects.LoggingAndPerformanceAspect","message":"⏱ Execution time: 0 ms"}{"timestamp":"2026-06-16 21:25:53","level":"INFO","logger":"com.example.BE.aspects.LoggingAndPerformanceAspect","message":"➡️ Entering method: CompanyMapper.transformCompanyToDto(..)"}{"timestamp":"2026-06-16 21:25:53","level":"INFO","logger":"com.example.BE.aspects.LoggingAndPerformanceAspect","message":"📥 Arguments: [com.example.BE.entity.Company@c979a77]"}{"timestamp":"2026-06-16 21:25:53","level":"INFO","logger":"com.example.BE.aspects.LoggingAndPerformanceAspect","message":"✅ Method executed successfully: CompanyMapper.transformCompanyToDto(..)"}{"timestamp":"2026-06-16 21:25:53","level":"INFO","logger":"com.example.BE.aspects.LoggingAndPerformanceAspect","message":"⏱ Execution time: 1 ms"}{"timestamp":"2026-06-16 21:25:53","level":"INFO","logger":"com.example.BE.aspects.LoggingAndPerformanceAspect","message":"➡️ Entering method: CompanyMapper.transformCompanyToDto(..)"}{"timestamp":"2026-06-16 21:25:53","level":"INFO","logger":"com.example.BE.aspects.LoggingAndPerformanceAspect","message":"📥 Arguments: [com.example.BE.entity.Company@54ae06eb]"}{"timestamp":"2026-06-16 21:25:53","level":"INFO","logger":"com.example.BE.aspects.LoggingAndPerformanceAspect","message":"✅ Method executed successfully: CompanyMapper.transformCompanyToDto(..)"}{"timestamp":"2026-06-16 21:25:53","level":"INFO","logger":"com.example.BE.aspects.LoggingAndPerformanceAspect","message":"⏱ Execution time: 0 ms"}{"timestamp":"2026-06-16 21:25:53","level":"INFO","logger":"com.example.BE.aspects.LoggingAndPerformanceAspect","message":"➡️ Entering method: CompanyMapper.transformCompanyToDto(..)"}{"timestamp":"2026-06-16 21:25:53","level":"INFO","logger":"com.example.BE.aspects.LoggingAndPerformanceAspect","message":"📥 Arguments: [com.example.BE.entity.Company@d87997d]"}{"timestamp":"2026-06-16 21:25:53","level":"INFO","logger":"com.example.BE.aspects.LoggingAndPerformanceAspect","message":"✅ Method executed successfully: CompanyMapper.transformCompanyToDto(..)"}{"timestamp":"2026-06-16 21:25:53","level":"INFO","logger":"com.example.BE.aspects.LoggingAndPerformanceAspect","message":"⏱ Execution time: 1 ms"}{"timestamp":"2026-06-16 21:25:53","level":"INFO","logger":"com.example.BE.aspects.LoggingAndPerformanceAspect","message":"➡️ Entering method: CompanyMapper.transformCompanyToDto(..)"}{"timestamp":"2026-06-16 21:25:53","level":"INFO","logger":"com.example.BE.aspects.LoggingAndPerformanceAspect","message":"📥 Arguments: [com.example.BE.entity.Company@505e11a9]"}{"timestamp":"2026-06-16 21:25:53","level":"INFO","logger":"com.example.BE.aspects.LoggingAndPerformanceAspect","message":"✅ Method executed successfully: CompanyMapper.transformCompanyToDto(..)"}{"timestamp":"2026-06-16 21:25:53","level":"INFO","logger":"com.example.BE.aspects.LoggingAndPerformanceAspect","message":"⏱ Execution time: 0 ms"}{"timestamp":"2026-06-16 21:25:53","level":"INFO","logger":"com.example.BE.aspects.LoggingAndPerformanceAspect","message":"➡️ Entering method: CompanyMapper.transformCompanyToDto(..)"}{"timestamp":"2026-06-16 21:25:53","level":"INFO","logger":"com.example.BE.aspects.LoggingAndPerformanceAspect","message":"📥 Arguments: [com.example.BE.entity.Company@53c1b15]"}{"timestamp":"2026-06-16 21:25:53","level":"INFO","logger":"com.example.BE.aspects.LoggingAndPerformanceAspect","message":"✅ Method executed successfully: CompanyMapper.transformCompanyToDto(..)"}{"timestamp":"2026-06-16 21:25:53","level":"INFO","logger":"com.example.BE.aspects.LoggingAndPerformanceAspect","message":"⏱ Execution time: 0 ms"}{"timestamp":"2026-06-16 21:25:53","level":"INFO","logger":"com.example.BE.aspects.LoggingAndPerformanceAspect","message":"➡️ Entering method: CompanyMapper.transformCompanyToDto(..)"}{"timestamp":"2026-06-16 21:25:53","level":"INFO","logger":"com.example.BE.aspects.LoggingAndPerformanceAspect","message":"📥 Arguments: [com.example.BE.entity.Company@1d88827f]"}{"timestamp":"2026-06-16 21:25:53","level":"INFO","logger":"com.example.BE.aspects.LoggingAndPerformanceAspect","message":"✅ Method executed successfully: CompanyMapper.transformCompanyToDto(..)"}{"timestamp":"2026-06-16 21:25:53","level":"INFO","logger":"com.example.BE.aspects.LoggingAndPerformanceAspect","message":"⏱ Execution time: 1 ms"}{"timestamp":"2026-06-16 21:25:53","level":"INFO","logger":"com.example.BE.aspects.LoggingAndPerformanceAspect","message":"➡️ Entering method: CompanyMapper.transformCompanyToDto(..)"}{"timestamp":"2026-06-16 21:25:53","level":"INFO","logger":"com.example.BE.aspects.LoggingAndPerformanceAspect","message":"📥 Arguments: [com.example.BE.entity.Company@24a2374f]"}{"timestamp":"2026-06-16 21:25:53","level":"INFO","logger":"com.example.BE.aspects.LoggingAndPerformanceAspect","message":"✅ Method executed successfully: CompanyMapper.transformCompanyToDto(..)"}{"timestamp":"2026-06-16 21:25:53","level":"INFO","logger":"com.example.BE.aspects.LoggingAndPerformanceAspect","message":"⏱ Execution time: 1 ms"}{"timestamp":"2026-06-16 21:25:53","level":"INFO","logger":"com.example.BE.aspects.LoggingAndPerformanceAspect","message":"➡️ Entering method: CompanyMapper.transformCompanyToDto(..)"}{"timestamp":"2026-06-16 21:25:53","level":"INFO","logger":"com.example.BE.aspects.LoggingAndPerformanceAspect","message":"📥 Arguments: [com.example.BE.entity.Company@61fe9d30]"}{"timestamp":"2026-06-16 21:25:53","level":"INFO","logger":"com.example.BE.aspects.LoggingAndPerformanceAspect","message":"✅ Method executed successfully: CompanyMapper.transformCompanyToDto(..)"}{"timestamp":"2026-06-16 21:25:53","level":"INFO","logger":"com.example.BE.aspects.LoggingAndPerformanceAspect","message":"⏱ Execution time: 1 ms"}{"timestamp":"2026-06-16 21:25:53","level":"INFO","logger":"com.example.BE.aspects.LoggingAndPerformanceAspect","message":"➡️ Entering method: CompanyMapper.transformCompanyToDto(..)"}{"timestamp":"2026-06-16 21:25:53","level":"INFO","logger":"com.example.BE.aspects.LoggingAndPerformanceAspect","message":"📥 Arguments: [com.example.BE.entity.Company@3a0cd499]"}{"timestamp":"2026-06-16 21:25:53","level":"INFO","logger":"com.example.BE.aspects.LoggingAndPerformanceAspect","message":"✅ Method executed successfully: CompanyMapper.transformCompanyToDto(..)"}{"timestamp":"2026-06-16 21:25:53","level":"INFO","logger":"com.example.BE.aspects.LoggingAndPerformanceAspect","message":"⏱ Execution time: 1 ms"}{"timestamp":"2026-06-16 21:25:53","level":"INFO","logger":"com.example.BE.aspects.LoggingAndPerformanceAspect","message":"➡️ Entering method: CompanyMapper.transformCompanyToDto(..)"}{"timestamp":"2026-06-16 21:25:53","level":"INFO","logger":"com.example.BE.aspects.LoggingAndPerformanceAspect","message":"📥 Arguments: [com.example.BE.entity.Company@2e378adc]"}{"timestamp":"2026-06-16 21:25:53","level":"INFO","logger":"com.example.BE.aspects.LoggingAndPerformanceAspect","message":"✅ Method executed successfully: CompanyMapper.transformCompanyToDto(..)"}{"timestamp":"2026-06-16 21:25:53","level":"INFO","logger":"com.example.BE.aspects.LoggingAndPerformanceAspect","message":"⏱ Execution time: 0 ms"}{"timestamp":"2026-06-16 21:25:53","level":"INFO","logger":"com.example.BE.aspects.LoggingAndPerformanceAspect","message":"➡️ Entering method: CompanyMapper.transformCompanyToDto(..)"}{"timestamp":"2026-06-16 21:25:53","level":"INFO","logger":"com.example.BE.aspects.LoggingAndPerformanceAspect","message":"📥 Arguments: [com.example.BE.entity.Company@71ccb0d5]"}{"timestamp":"2026-06-16 21:25:53","level":"INFO","logger":"com.example.BE.aspects.LoggingAndPerformanceAspect","message":"✅ Method executed successfully: CompanyMapper.transformCompanyToDto(..)"}{"timestamp":"2026-06-16 21:25:53","level":"INFO","logger":"com.example.BE.aspects.LoggingAndPerformanceAspect","message":"⏱ Execution time: 1 ms"}{"timestamp":"2026-06-16 21:25:53","level":"INFO","logger":"com.example.BE.aspects.LoggingAndPerformanceAspect","message":"➡️ Entering method: CompanyMapper.transformCompanyToDto(..)"}{"timestamp":"2026-06-16 21:25:53","level":"INFO","logger":"com.example.BE.aspects.LoggingAndPerformanceAspect","message":"📥 Arguments: [com.example.BE.entity.Company@769eff4f]"}{"timestamp":"2026-06-16 21:25:53","level":"INFO","logger":"com.example.BE.aspects.LoggingAndPerformanceAspect","message":"✅ Method executed successfully: CompanyMapper.transformCompanyToDto(..)"}{"timestamp":"2026-06-16 21:25:53","level":"INFO","logger":"com.example.BE.aspects.LoggingAndPerformanceAspect","message":"⏱ Execution time: 1 ms"}{"timestamp":"2026-06-16 21:25:53","level":"INFO","logger":"com.example.BE.aspects.LoggingAndPerformanceAspect","message":"➡️ Entering method: CompanyMapper.transformCompanyToDto(..)"}{"timestamp":"2026-06-16 21:25:53","level":"INFO","logger":"com.example.BE.aspects.LoggingAndPerformanceAspect","message":"📥 Arguments: [com.example.BE.entity.Company@7bc3f3b3]"}{"timestamp":"2026-06-16 21:25:53","level":"INFO","logger":"com.example.BE.aspects.LoggingAndPerformanceAspect","message":"✅ Method executed successfully: CompanyMapper.transformCompanyToDto(..)"}{"timestamp":"2026-06-16 21:25:53","level":"INFO","logger":"com.example.BE.aspects.LoggingAndPerformanceAspect","message":"⏱ Execution time: 1 ms"}{"timestamp":"2026-06-16 21:25:53","level":"INFO","logger":"com.example.BE.aspects.LoggingAndPerformanceAspect","message":"➡️ Entering method: CompanyMapper.transformCompanyToDto(..)"}{"timestamp":"2026-06-16 21:25:53","level":"INFO","logger":"com.example.BE.aspects.LoggingAndPerformanceAspect","message":"📥 Arguments: [com.example.BE.entity.Company@603f3645]"}{"timestamp":"2026-06-16 21:25:53","level":"INFO","logger":"com.example.BE.aspects.LoggingAndPerformanceAspect","message":"✅ Method executed successfully: CompanyMapper.transformCompanyToDto(..)"}{"timestamp":"2026-06-16 21:25:53","level":"INFO","logger":"com.example.BE.aspects.LoggingAndPerformanceAspect","message":"⏱ Execution time: 1 ms"}{"timestamp":"2026-06-16 21:25:53","level":"INFO","logger":"com.example.BE.aspects.LoggingAndPerformanceAspect","message":"➡️ Entering method: CompanyMapper.transformCompanyToDto(..)"}{"timestamp":"2026-06-16 21:25:53","level":"INFO","logger":"com.example.BE.aspects.LoggingAndPerformanceAspect","message":"📥 Arguments: [com.example.BE.entity.Company@61ad355f]"}{"timestamp":"2026-06-16 21:25:53","level":"INFO","logger":"com.example.BE.aspects.LoggingAndPerformanceAspect","message":"✅ Method executed successfully: CompanyMapper.transformCompanyToDto(..)"}{"timestamp":"2026-06-16 21:25:53","level":"INFO","logger":"com.example.BE.aspects.LoggingAndPerformanceAspect","message":"⏱ Execution time: 0 ms"}{"timestamp":"2026-06-16 21:25:53","level":"INFO","logger":"com.example.BE.aspects.LoggingAndPerformanceAspect","message":"➡️ Entering method: CompanyMapper.transformCompanyToDto(..)"}{"timestamp":"2026-06-16 21:25:53","level":"INFO","logger":"com.example.BE.aspects.LoggingAndPerformanceAspect","message":"📥 Arguments: [com.example.BE.entity.Company@32f5fc60]"}{"timestamp":"2026-06-16 21:25:53","level":"INFO","logger":"com.example.BE.aspects.LoggingAndPerformanceAspect","message":"✅ Method executed successfully: CompanyMapper.transformCompanyToDto(..)"}{"timestamp":"2026-06-16 21:25:53","level":"INFO","logger":"com.example.BE.aspects.LoggingAndPerformanceAspect","message":"⏱ Execution time: 1 ms"}{"timestamp":"2026-06-16 21:25:53","level":"INFO","logger":"com.example.BE.aspects.LoggingAndPerformanceAspect","message":"➡️ Entering method: CompanyMapper.transformCompanyToDto(..)"}{"timestamp":"2026-06-16 21:25:53","level":"INFO","logger":"com.example.BE.aspects.LoggingAndPerformanceAspect","message":"📥 Arguments: [com.example.BE.entity.Company@4e2b9b4f]"}{"timestamp":"2026-06-16 21:25:53","level":"INFO","logger":"com.example.BE.aspects.LoggingAndPerformanceAspect","message":"✅ Method executed successfully: CompanyMapper.transformCompanyToDto(..)"}{"timestamp":"2026-06-16 21:25:53","level":"INFO","logger":"com.example.BE.aspects.LoggingAndPerformanceAspect","message":"⏱ Execution time: 1 ms"}{"timestamp":"2026-06-16 21:25:53","level":"INFO","logger":"com.example.BE.aspects.LoggingAndPerformanceAspect","message":"➡️ Entering method: CompanyMapper.transformCompanyToDto(..)"}{"timestamp":"2026-06-16 21:25:53","level":"INFO","logger":"com.example.BE.aspects.LoggingAndPerformanceAspect","message":"📥 Arguments: [com.example.BE.entity.Company@7757507d]"}{"timestamp":"2026-06-16 21:25:53","level":"INFO","logger":"com.example.BE.aspects.LoggingAndPerformanceAspect","message":"✅ Method executed successfully: CompanyMapper.transformCompanyToDto(..)"}{"timestamp":"2026-06-16 21:25:53","level":"INFO","logger":"com.example.BE.aspects.LoggingAndPerformanceAspect","message":"⏱ Execution time: 0 ms"}{"timestamp":"2026-06-16 21:25:53","level":"INFO","logger":"com.example.BE.aspects.LoggingAndPerformanceAspect","message":"➡️ Entering method: CompanyMapper.transformCompanyToDto(..)"}{"timestamp":"2026-06-16 21:25:53","level":"INFO","logger":"com.example.BE.aspects.LoggingAndPerformanceAspect","message":"📥 Arguments: [com.example.BE.entity.Company@370dcd25]"}{"timestamp":"2026-06-16 21:25:53","level":"INFO","logger":"com.example.BE.aspects.LoggingAndPerformanceAspect","message":"✅ Method executed successfully: CompanyMapper.transformCompanyToDto(..)"}{"timestamp":"2026-06-16 21:25:53","level":"INFO","logger":"com.example.BE.aspects.LoggingAndPerformanceAspect","message":"⏱ Execution time: 0 ms"}{"timestamp":"2026-06-16 21:25:53","level":"INFO","logger":"com.example.BE.aspects.LoggingAndPerformanceAspect","message":"➡️ Entering method: CompanyMapper.transformCompanyToDto(..)"}{"timestamp":"2026-06-16 21:25:53","level":"INFO","logger":"com.example.BE.aspects.LoggingAndPerformanceAspect","message":"📥 Arguments: [com.example.BE.entity.Company@2aee9786]"}{"timestamp":"2026-06-16 21:25:53","level":"INFO","logger":"com.example.BE.aspects.LoggingAndPerformanceAspect","message":"✅ Method executed successfully: CompanyMapper.transformCompanyToDto(..)"}{"timestamp":"2026-06-16 21:25:53","level":"INFO","logger":"com.example.BE.aspects.LoggingAndPerformanceAspect","message":"⏱ Execution time: 1 ms"}{"timestamp":"2026-06-16 21:25:53","level":"INFO","logger":"com.example.BE.aspects.LoggingAndPerformanceAspect","message":"➡️ Entering method: CompanyMapper.transformCompanyToDto(..)"}{"timestamp":"2026-06-16 21:25:53","level":"INFO","logger":"com.example.BE.aspects.LoggingAndPerformanceAspect","message":"📥 Arguments: [com.example.BE.entity.Company@11b87ae1]"}{"timestamp":"2026-06-16 21:25:53","level":"INFO","logger":"com.example.BE.aspects.LoggingAndPerformanceAspect","message":"✅ Method executed successfully: CompanyMapper.transformCompanyToDto(..)"}{"timestamp":"2026-06-16 21:25:53","level":"INFO","logger":"com.example.BE.aspects.LoggingAndPerformanceAspect","message":"⏱ Execution time: 1 ms"}{"timestamp":"2026-06-16 21:25:53","level":"INFO","logger":"com.example.BE.aspects.LoggingAndPerformanceAspect","message":"➡️ Entering method: CompanyMapper.transformCompanyToDto(..)"}{"timestamp":"2026-06-16 21:25:53","level":"INFO","logger":"com.example.BE.aspects.LoggingAndPerformanceAspect","message":"📥 Arguments: [com.example.BE.entity.Company@d38755a]"}{"timestamp":"2026-06-16 21:25:53","level":"INFO","logger":"com.example.BE.aspects.LoggingAndPerformanceAspect","message":"✅ Method executed successfully: CompanyMapper.transformCompanyToDto(..)"}{"timestamp":"2026-06-16 21:25:53","level":"INFO","logger":"com.example.BE.aspects.LoggingAndPerformanceAspect","message":"⏱ Execution time: 0 ms"}{"timestamp":"2026-06-16 21:25:53","level":"INFO","logger":"com.example.BE.aspects.LoggingAndPerformanceAspect","message":"➡️ Entering method: CompanyMapper.transformCompanyToDto(..)"}{"timestamp":"2026-06-16 21:25:53","level":"INFO","logger":"com.example.BE.aspects.LoggingAndPerformanceAspect","message":"📥 Arguments: [com.example.BE.entity.Company@1de87482]"}{"timestamp":"2026-06-16 21:25:53","level":"INFO","logger":"com.example.BE.aspects.LoggingAndPerformanceAspect","message":"✅ Method executed successfully: CompanyMapper.transformCompanyToDto(..)"}{"timestamp":"2026-06-16 21:25:53","level":"INFO","logger":"com.example.BE.aspects.LoggingAndPerformanceAspect","message":"⏱ Execution time: 5 ms"}{"timestamp":"2026-06-16 21:25:53","level":"INFO","logger":"com.example.BE.aspects.LoggingAndPerformanceAspect","message":"➡️ Entering method: CompanyMapper.transformCompanyToDto(..)"}{"timestamp":"2026-06-16 21:25:53","level":"INFO","logger":"com.example.BE.aspects.LoggingAndPerformanceAspect","message":"📥 Arguments: [com.example.BE.entity.Company@4696dbf9]"}{"timestamp":"2026-06-16 21:25:53","level":"INFO","logger":"com.example.BE.aspects.LoggingAndPerformanceAspect","message":"✅ Method executed successfully: CompanyMapper.transformCompanyToDto(..)"}{"timestamp":"2026-06-16 21:25:53","level":"INFO","logger":"com.example.BE.aspects.LoggingAndPerformanceAspect","message":"⏱ Execution time: 1 ms"}{"timestamp":"2026-06-16 21:25:53","level":"INFO","logger":"com.example.BE.aspects.LoggingAndPerformanceAspect","message":"➡️ Entering method: CompanyMapper.transformCompanyToDto(..)"}{"timestamp":"2026-06-16 21:25:53","level":"INFO","logger":"com.example.BE.aspects.LoggingAndPerformanceAspect","message":"📥 Arguments: [com.example.BE.entity.Company@b00be79]"}{"timestamp":"2026-06-16 21:25:53","level":"INFO","logger":"com.example.BE.aspects.LoggingAndPerformanceAspect","message":"✅ Method executed successfully: CompanyMapper.transformCompanyToDto(..)"}{"timestamp":"2026-06-16 21:25:53","level":"INFO","logger":"com.example.BE.aspects.LoggingAndPerformanceAspect","message":"⏱ Execution time: 0 ms"}{"timestamp":"2026-06-16 21:25:53","level":"INFO","logger":"com.example.BE.aspects.LoggingAndPerformanceAspect","message":"➡️ Entering method: CompanyMapper.transformCompanyToDto(..)"}{"timestamp":"2026-06-16 21:25:53","level":"INFO","logger":"com.example.BE.aspects.LoggingAndPerformanceAspect","message":"📥 Arguments: [com.example.BE.entity.Company@2ff1b377]"}{"timestamp":"2026-06-16 21:25:53","level":"INFO","logger":"com.example.BE.aspects.LoggingAndPerformanceAspect","message":"✅ Method executed successfully: CompanyMapper.transformCompanyToDto(..)"}{"timestamp":"2026-06-16 21:25:53","level":"INFO","logger":"com.example.BE.aspects.LoggingAndPerformanceAspect","message":"⏱ Execution time: 1 ms"}{"timestamp":"2026-06-16 21:25:53","level":"INFO","logger":"com.example.BE.aspects.LoggingAndPerformanceAspect","message":"✅ Method executed successfully: ICompanyServiceImpl.getAllCompanies()"}{"timestamp":"2026-06-16 21:25:53","level":"INFO","logger":"com.example.BE.aspects.LoggingAndPerformanceAspect","message":"⏱ Execution time: 111 ms"}{"timestamp":"2026-06-16 21:25:53","level":"INFO","logger":"com.example.BE.aspects.LoggingAndPerformanceAspect","message":"✅ Method executed successfully: CompanyController.getAllCompanies()"}{"timestamp":"2026-06-16 21:25:53","level":"INFO","logger":"com.example.BE.aspects.LoggingAndPerformanceAspect","message":"⏱ Execution time: 123 ms"}{"timestamp":"2026-06-16 21:26:23","level":"INFO","logger":"com.example.BE.aspects.LoggingAndPerformanceAspect","message":"➡️ Entering method: AuthController.apiLogin(..)"}{"timestamp":"2026-06-16 21:26:23","level":"INFO","logger":"com.example.BE.aspects.LoggingAndPerformanceAspect","message":"📥 Arguments: [LoginRequestDto[username=employee@gmail.com, password=employee]]"}{"timestamp":"2026-06-16 21:26:23","level":"INFO","logger":"com.example.BE.aspects.LoggingAndPerformanceAspect","message":"➡️ Entering method: JobPortalUsernamePwdAuthenticationProvider.supports(..)"}{"timestamp":"2026-06-16 21:26:23","level":"INFO","logger":"com.example.BE.aspects.LoggingAndPerformanceAspect","message":"📥 Arguments: [class org.springframework.security.authentication.UsernamePasswordAuthenticationToken]"}{"timestamp":"2026-06-16 21:26:23","level":"INFO","logger":"com.example.BE.aspects.LoggingAndPerformanceAspect","message":"✅ Method executed successfully: JobPortalUsernamePwdAuthenticationProvider.supports(..)"}{"timestamp":"2026-06-16 21:26:23","level":"INFO","logger":"com.example.BE.aspects.LoggingAndPerformanceAspect","message":"⏱ Execution time: 0 ms"}{"timestamp":"2026-06-16 21:26:23","level":"INFO","logger":"com.example.BE.aspects.LoggingAndPerformanceAspect","message":"➡️ Entering method: JobPortalUsernamePwdAuthenticationProvider.authenticate(..)"}{"timestamp":"2026-06-16 21:26:23","level":"INFO","logger":"com.example.BE.aspects.LoggingAndPerformanceAspect","message":"📥 Arguments: [UsernamePasswordAuthenticationToken [Principal=employee@gmail.com, Credentials=[PROTECTED], Authenticated=false, Details=null, Granted Authorities=[]]]"}{"timestamp":"2026-06-16 21:26:23","level":"INFO","logger":"com.example.BE.aspects.LoggingAndPerformanceAspect","message":"➡️ Entering method: JobPortalUserRepository.findJobPortalUserByEmail(..)"}{"timestamp":"2026-06-16 21:26:23","level":"INFO","logger":"com.example.BE.aspects.LoggingAndPerformanceAspect","message":"📥 Arguments: [employee@gmail.com]"}{"timestamp":"2026-06-16 21:26:23","level":"INFO","logger":"com.example.BE.aspects.LoggingAndPerformanceAspect","message":"✅ Method executed successfully: JobPortalUserRepository.findJobPortalUserByEmail(..)"}{"timestamp":"2026-06-16 21:26:23","level":"INFO","logger":"com.example.BE.aspects.LoggingAndPerformanceAspect","message":"⏱ Execution time: 9 ms"}{"timestamp":"2026-06-16 21:26:23","level":"INFO","logger":"com.example.BE.aspects.LoggingAndPerformanceAspect","message":"✅ Method executed successfully: JobPortalUsernamePwdAuthenticationProvider.authenticate(..)"}{"timestamp":"2026-06-16 21:26:23","level":"INFO","logger":"com.example.BE.aspects.LoggingAndPerformanceAspect","message":"⏱ Execution time: 75 ms"}{"timestamp":"2026-06-16 21:26:23","level":"INFO","logger":"com.example.BE.aspects.LoggingAndPerformanceAspect","message":"➡️ Entering method: JwtUtil.generateJwtToken(..)"}{"timestamp":"2026-06-16 21:26:23","level":"INFO","logger":"com.example.BE.aspects.LoggingAndPerformanceAspect","message":"📥 Arguments: [UsernamePasswordAuthenticationToken [Principal=com.example.BE.entity.JobPortalUser@57abbf88, Credentials=[PROTECTED], Authenticated=true, Details=null, Granted Authorities=[ROLE_EMPLOYER]]]"}{"timestamp":"2026-06-16 21:26:23","level":"INFO","logger":"com.example.BE.aspects.LoggingAndPerformanceAspect","message":"✅ Method executed successfully: JwtUtil.generateJwtToken(..)"}{"timestamp":"2026-06-16 21:26:23","level":"INFO","logger":"com.example.BE.aspects.LoggingAndPerformanceAspect","message":"⏱ Execution time: 1 ms"}{"timestamp":"2026-06-16 21:26:23","level":"INFO","logger":"com.example.BE.aspects.LoggingAndPerformanceAspect","message":"✅ Method executed successfully: AuthController.apiLogin(..)"}{"timestamp":"2026-06-16 21:26:23","level":"INFO","logger":"com.example.BE.aspects.LoggingAndPerformanceAspect","message":"⏱ Execution time: 79 ms"}{"timestamp":"2026-06-16 21:26:28","level":"INFO","logger":"com.example.BE.aspects.LoggingAndPerformanceAspect","message":"➡️ Entering method: JobController.getEmployerJobs(..)"}{"timestamp":"2026-06-16 21:26:28","level":"INFO","logger":"com.example.BE.aspects.LoggingAndPerformanceAspect","message":"📥 Arguments: [UsernamePasswordAuthenticationToken [Principal=employee@gmail.com, Credentials=[PROTECTED], Authenticated=true, Details=null, Granted Authorities=[ROLE_EMPLOYER]]]"}{"timestamp":"2026-06-16 21:26:28","level":"INFO","logger":"com.example.BE.aspects.LoggingAndPerformanceAspect","message":"➡️ Entering method: JobServiceImpl.getEmployerJobs(..)"}{"timestamp":"2026-06-16 21:26:28","level":"INFO","logger":"com.example.BE.aspects.LoggingAndPerformanceAspect","message":"📥 Arguments: [employee@gmail.com]"}{"timestamp":"2026-06-16 21:26:28","level":"INFO","logger":"com.example.BE.aspects.LoggingAndPerformanceAspect","message":"➡️ Entering method: JobPortalUserRepository.findJobPortalUserByEmail(..)"}{"timestamp":"2026-06-16 21:26:28","level":"INFO","logger":"com.example.BE.aspects.LoggingAndPerformanceAspect","message":"📥 Arguments: [employee@gmail.com]"}{"timestamp":"2026-06-16 21:26:28","level":"INFO","logger":"com.example.BE.aspects.LoggingAndPerformanceAspect","message":"✅ Method executed successfully: JobPortalUserRepository.findJobPortalUserByEmail(..)"}{"timestamp":"2026-06-16 21:26:28","level":"INFO","logger":"com.example.BE.aspects.LoggingAndPerformanceAspect","message":"⏱ Execution time: 9 ms"}{"timestamp":"2026-06-16 21:26:28","level":"ERROR","logger":"com.example.BE.aspects.ExceptionAuditAspect","message":"❌ Exception occurred in method: JobServiceImpl.getEmployerJobs(..)"}{"timestamp":"2026-06-16 21:26:28","level":"ERROR","logger":"com.example.BE.aspects.ExceptionAuditAspect","message":"📥 Arguments: [employee@gmail.com]"}{"timestamp":"2026-06-16 21:26:28","level":"ERROR","logger":"com.example.BE.aspects.ExceptionAuditAspect","message":"💥 Exception type: RuntimeException"}{"timestamp":"2026-06-16 21:26:28","level":"ERROR","logger":"com.example.BE.aspects.ExceptionAuditAspect","message":"🧾 Exception message: Employer does not have a company assigned"}{"timestamp":"2026-06-16 21:26:28","level":"ERROR","logger":"com.example.BE.aspects.ExceptionAuditAspect","message":"❌ Exception occurred in method: JobController.getEmployerJobs(..)"}{"timestamp":"2026-06-16 21:26:28","level":"ERROR","logger":"com.example.BE.aspects.ExceptionAuditAspect","message":"📥 Arguments: [UsernamePasswordAuthenticationToken [Principal=employee@gmail.com, Credentials=[PROTECTED], Authenticated=true, Details=null, Granted Authorities=[ROLE_EMPLOYER]]]"}{"timestamp":"2026-06-16 21:26:28","level":"ERROR","logger":"com.example.BE.aspects.ExceptionAuditAspect","message":"💥 Exception type: RuntimeException"}{"timestamp":"2026-06-16 21:26:28","level":"ERROR","logger":"com.example.BE.aspects.ExceptionAuditAspect","message":"🧾 Exception message: Employer does not have a company assigned"}{"timestamp":"2026-06-16 21:26:28","level":"INFO","logger":"com.example.BE.aspects.LoggingAndPerformanceAspect","message":"➡️ Entering method: GlobalExceptionHandler.handleException(..)"}{"timestamp":"2026-06-16 21:26:28","level":"INFO","logger":"com.example.BE.aspects.LoggingAndPerformanceAspect","message":"📥 Arguments: [java.lang.RuntimeException: Employer does not have a company assigned, ServletWebRequest: uri=/api/v1/jobs/employer;client=0:0:0:0:0:0:0:1;user=employee@gmail.com]"}{"timestamp":"2026-06-16 21:26:28","level":"INFO","logger":"com.example.BE.aspects.LoggingAndPerformanceAspect","message":"✅ Method executed successfully: GlobalExceptionHandler.handleException(..)"}{"timestamp":"2026-06-16 21:26:28","level":"INFO","logger":"com.example.BE.aspects.LoggingAndPerformanceAspect","message":"⏱ Execution time: 2 ms"}{"timestamp":"2026-06-16 21:26:28","level":"WARN","logger":"org.springframework.web.servlet.mvc.method.annotation.ExceptionHandlerExceptionResolver","message":"Resolved [java.lang.RuntimeException: Employer does not have a company assigned]"}{"timestamp":"2026-06-16 21:26:28","level":"INFO","logger":"com.example.BE.aspects.LoggingAndPerformanceAspect","message":"➡️ Entering method: JobController.getEmployerJobs(..)"}{"timestamp":"2026-06-16 21:26:28","level":"INFO","logger":"com.example.BE.aspects.LoggingAndPerformanceAspect","message":"📥 Arguments: [UsernamePasswordAuthenticationToken [Principal=employee@gmail.com, Credentials=[PROTECTED], Authenticated=true, Details=null, Granted Authorities=[ROLE_EMPLOYER]]]"}{"timestamp":"2026-06-16 21:26:28","level":"INFO","logger":"com.example.BE.aspects.LoggingAndPerformanceAspect","message":"➡️ Entering method: JobServiceImpl.getEmployerJobs(..)"}{"timestamp":"2026-06-16 21:26:28","level":"INFO","logger":"com.example.BE.aspects.LoggingAndPerformanceAspect","message":"📥 Arguments: [employee@gmail.com]"}{"timestamp":"2026-06-16 21:26:28","level":"INFO","logger":"com.example.BE.aspects.LoggingAndPerformanceAspect","message":"➡️ Entering method: JobPortalUserRepository.findJobPortalUserByEmail(..)"}{"timestamp":"2026-06-16 21:26:28","level":"INFO","logger":"com.example.BE.aspects.LoggingAndPerformanceAspect","message":"📥 Arguments: [employee@gmail.com]"}{"timestamp":"2026-06-16 21:26:28","level":"INFO","logger":"com.example.BE.aspects.LoggingAndPerformanceAspect","message":"✅ Method executed successfully: JobPortalUserRepository.findJobPortalUserByEmail(..)"}{"timestamp":"2026-06-16 21:26:28","level":"INFO","logger":"com.example.BE.aspects.LoggingAndPerformanceAspect","message":"⏱ Execution time: 9 ms"}{"timestamp":"2026-06-16 21:26:28","level":"ERROR","logger":"com.example.BE.aspects.ExceptionAuditAspect","message":"❌ Exception occurred in method: JobServiceImpl.getEmployerJobs(..)"}{"timestamp":"2026-06-16 21:26:28","level":"ERROR","logger":"com.example.BE.aspects.ExceptionAuditAspect","message":"📥 Arguments: [employee@gmail.com]"}{"timestamp":"2026-06-16 21:26:28","level":"ERROR","logger":"com.example.BE.aspects.ExceptionAuditAspect","message":"💥 Exception type: RuntimeException"}{"timestamp":"2026-06-16 21:26:28","level":"ERROR","logger":"com.example.BE.aspects.ExceptionAuditAspect","message":"🧾 Exception message: Employer does not have a company assigned"}{"timestamp":"2026-06-16 21:26:28","level":"ERROR","logger":"com.example.BE.aspects.ExceptionAuditAspect","message":"❌ Exception occurred in method: JobController.getEmployerJobs(..)"}{"timestamp":"2026-06-16 21:26:28","level":"ERROR","logger":"com.example.BE.aspects.ExceptionAuditAspect","message":"📥 Arguments: [UsernamePasswordAuthenticationToken [Principal=employee@gmail.com, Credentials=[PROTECTED], Authenticated=true, Details=null, Granted Authorities=[ROLE_EMPLOYER]]]"}{"timestamp":"2026-06-16 21:26:28","level":"ERROR","logger":"com.example.BE.aspects.ExceptionAuditAspect","message":"💥 Exception type: RuntimeException"}{"timestamp":"2026-06-16 21:26:28","level":"ERROR","logger":"com.example.BE.aspects.ExceptionAuditAspect","message":"🧾 Exception message: Employer does not have a company assigned"}{"timestamp":"2026-06-16 21:26:28","level":"INFO","logger":"com.example.BE.aspects.LoggingAndPerformanceAspect","message":"➡️ Entering method: GlobalExceptionHandler.handleException(..)"}{"timestamp":"2026-06-16 21:26:28","level":"INFO","logger":"com.example.BE.aspects.LoggingAndPerformanceAspect","message":"📥 Arguments: [java.lang.RuntimeException: Employer does not have a company assigned, ServletWebRequest: uri=/api/v1/jobs/employer;client=0:0:0:0:0:0:0:1;user=employee@gmail.com]"}{"timestamp":"2026-06-16 21:26:28","level":"INFO","logger":"com.example.BE.aspects.LoggingAndPerformanceAspect","message":"✅ Method executed successfully: GlobalExceptionHandler.handleException(..)"}{"timestamp":"2026-06-16 21:26:28","level":"INFO","logger":"com.example.BE.aspects.LoggingAndPerformanceAspect","message":"⏱ Execution time: 0 ms"}{"timestamp":"2026-06-16 21:26:28","level":"WARN","logger":"org.springframework.web.servlet.mvc.method.annotation.ExceptionHandlerExceptionResolver","message":"Resolved [java.lang.RuntimeException: Employer does not have a company assigned]"}{"timestamp":"2026-06-16 21:26:32","level":"INFO","logger":"com.example.BE.aspects.LoggingAndPerformanceAspect","message":"➡️ Entering method: JobController.getEmployerJobs(..)"}{"timestamp":"2026-06-16 21:26:32","level":"INFO","logger":"com.example.BE.aspects.LoggingAndPerformanceAspect","message":"📥 Arguments: [UsernamePasswordAuthenticationToken [Principal=employee@gmail.com, Credentials=[PROTECTED], Authenticated=true, Details=null, Granted Authorities=[ROLE_EMPLOYER]]]"}{"timestamp":"2026-06-16 21:26:32","level":"INFO","logger":"com.example.BE.aspects.LoggingAndPerformanceAspect","message":"➡️ Entering method: JobServiceImpl.getEmployerJobs(..)"}{"timestamp":"2026-06-16 21:26:32","level":"INFO","logger":"com.example.BE.aspects.LoggingAndPerformanceAspect","message":"📥 Arguments: [employee@gmail.com]"}{"timestamp":"2026-06-16 21:26:32","level":"INFO","logger":"com.example.BE.aspects.LoggingAndPerformanceAspect","message":"➡️ Entering method: JobPortalUserRepository.findJobPortalUserByEmail(..)"}{"timestamp":"2026-06-16 21:26:32","level":"INFO","logger":"com.example.BE.aspects.LoggingAndPerformanceAspect","message":"📥 Arguments: [employee@gmail.com]"}{"timestamp":"2026-06-16 21:26:32","level":"INFO","logger":"com.example.BE.aspects.LoggingAndPerformanceAspect","message":"✅ Method executed successfully: JobPortalUserRepository.findJobPortalUserByEmail(..)"}{"timestamp":"2026-06-16 21:26:32","level":"INFO","logger":"com.example.BE.aspects.LoggingAndPerformanceAspect","message":"⏱ Execution time: 10 ms"}{"timestamp":"2026-06-16 21:26:32","level":"ERROR","logger":"com.example.BE.aspects.ExceptionAuditAspect","message":"❌ Exception occurred in method: JobServiceImpl.getEmployerJobs(..)"}{"timestamp":"2026-06-16 21:26:32","level":"ERROR","logger":"com.example.BE.aspects.ExceptionAuditAspect","message":"📥 Arguments: [employee@gmail.com]"}{"timestamp":"2026-06-16 21:26:32","level":"ERROR","logger":"com.example.BE.aspects.ExceptionAuditAspect","message":"💥 Exception type: RuntimeException"}{"timestamp":"2026-06-16 21:26:32","level":"ERROR","logger":"com.example.BE.aspects.ExceptionAuditAspect","message":"🧾 Exception message: Employer does not have a company assigned"}{"timestamp":"2026-06-16 21:26:32","level":"ERROR","logger":"com.example.BE.aspects.ExceptionAuditAspect","message":"❌ Exception occurred in method: JobController.getEmployerJobs(..)"}{"timestamp":"2026-06-16 21:26:32","level":"ERROR","logger":"com.example.BE.aspects.ExceptionAuditAspect","message":"📥 Arguments: [UsernamePasswordAuthenticationToken [Principal=employee@gmail.com, Credentials=[PROTECTED], Authenticated=true, Details=null, Granted Authorities=[ROLE_EMPLOYER]]]"}{"timestamp":"2026-06-16 21:26:32","level":"ERROR","logger":"com.example.BE.aspects.ExceptionAuditAspect","message":"💥 Exception type: RuntimeException"}{"timestamp":"2026-06-16 21:26:32","level":"ERROR","logger":"com.example.BE.aspects.ExceptionAuditAspect","message":"🧾 Exception message: Employer does not have a company assigned"}{"timestamp":"2026-06-16 21:26:32","level":"INFO","logger":"com.example.BE.aspects.LoggingAndPerformanceAspect","message":"➡️ Entering method: GlobalExceptionHandler.handleException(..)"}{"timestamp":"2026-06-16 21:26:32","level":"INFO","logger":"com.example.BE.aspects.LoggingAndPerformanceAspect","message":"📥 Arguments: [java.lang.RuntimeException: Employer does not have a company assigned, ServletWebRequest: uri=/api/v1/jobs/employer;client=0:0:0:0:0:0:0:1;user=employee@gmail.com]"}{"timestamp":"2026-06-16 21:26:32","level":"INFO","logger":"com.example.BE.aspects.LoggingAndPerformanceAspect","message":"✅ Method executed successfully: GlobalExceptionHandler.handleException(..)"}{"timestamp":"2026-06-16 21:26:32","level":"INFO","logger":"com.example.BE.aspects.LoggingAndPerformanceAspect","message":"⏱ Execution time: 1 ms"}{"timestamp":"2026-06-16 21:26:32","level":"WARN","logger":"org.springframework.web.servlet.mvc.method.annotation.ExceptionHandlerExceptionResolver","message":"Resolved [java.lang.RuntimeException: Employer does not have a company assigned]"}{"timestamp":"2026-06-16 21:26:32","level":"INFO","logger":"com.example.BE.aspects.LoggingAndPerformanceAspect","message":"➡️ Entering method: JobController.getEmployerJobs(..)"}{"timestamp":"2026-06-16 21:26:32","level":"INFO","logger":"com.example.BE.aspects.LoggingAndPerformanceAspect","message":"📥 Arguments: [UsernamePasswordAuthenticationToken [Principal=employee@gmail.com, Credentials=[PROTECTED], Authenticated=true, Details=null, Granted Authorities=[ROLE_EMPLOYER]]]"}{"timestamp":"2026-06-16 21:26:32","level":"INFO","logger":"com.example.BE.aspects.LoggingAndPerformanceAspect","message":"➡️ Entering method: JobServiceImpl.getEmployerJobs(..)"}{"timestamp":"2026-06-16 21:26:32","level":"INFO","logger":"com.example.BE.aspects.LoggingAndPerformanceAspect","message":"📥 Arguments: [employee@gmail.com]"}{"timestamp":"2026-06-16 21:26:32","level":"INFO","logger":"com.example.BE.aspects.LoggingAndPerformanceAspect","message":"➡️ Entering method: JobPortalUserRepository.findJobPortalUserByEmail(..)"}{"timestamp":"2026-06-16 21:26:32","level":"INFO","logger":"com.example.BE.aspects.LoggingAndPerformanceAspect","message":"📥 Arguments: [employee@gmail.com]"}{"timestamp":"2026-06-16 21:26:32","level":"INFO","logger":"com.example.BE.aspects.LoggingAndPerformanceAspect","message":"✅ Method executed successfully: JobPortalUserRepository.findJobPortalUserByEmail(..)"}{"timestamp":"2026-06-16 21:26:32","level":"INFO","logger":"com.example.BE.aspects.LoggingAndPerformanceAspect","message":"⏱ Execution time: 7 ms"}{"timestamp":"2026-06-16 21:26:32","level":"ERROR","logger":"com.example.BE.aspects.ExceptionAuditAspect","message":"❌ Exception occurred in method: JobServiceImpl.getEmployerJobs(..)"}{"timestamp":"2026-06-16 21:26:32","level":"ERROR","logger":"com.example.BE.aspects.ExceptionAuditAspect","message":"📥 Arguments: [employee@gmail.com]"}{"timestamp":"2026-06-16 21:26:32","level":"ERROR","logger":"com.example.BE.aspects.ExceptionAuditAspect","message":"💥 Exception type: RuntimeException"}{"timestamp":"2026-06-16 21:26:32","level":"ERROR","logger":"com.example.BE.aspects.ExceptionAuditAspect","message":"🧾 Exception message: Employer does not have a company assigned"}{"timestamp":"2026-06-16 21:26:32","level":"ERROR","logger":"com.example.BE.aspects.ExceptionAuditAspect","message":"❌ Exception occurred in method: JobController.getEmployerJobs(..)"}{"timestamp":"2026-06-16 21:26:32","level":"ERROR","logger":"com.example.BE.aspects.ExceptionAuditAspect","message":"📥 Arguments: [UsernamePasswordAuthenticationToken [Principal=employee@gmail.com, Credentials=[PROTECTED], Authenticated=true, Details=null, Granted Authorities=[ROLE_EMPLOYER]]]"}{"timestamp":"2026-06-16 21:26:32","level":"ERROR","logger":"com.example.BE.aspects.ExceptionAuditAspect","message":"💥 Exception type: RuntimeException"}{"timestamp":"2026-06-16 21:26:32","level":"ERROR","logger":"com.example.BE.aspects.ExceptionAuditAspect","message":"🧾 Exception message: Employer does not have a company assigned"}{"timestamp":"2026-06-16 21:26:32","level":"INFO","logger":"com.example.BE.aspects.LoggingAndPerformanceAspect","message":"➡️ Entering method: GlobalExceptionHandler.handleException(..)"}{"timestamp":"2026-06-16 21:26:32","level":"INFO","logger":"com.example.BE.aspects.LoggingAndPerformanceAspect","message":"📥 Arguments: [java.lang.RuntimeException: Employer does not have a company assigned, ServletWebRequest: uri=/api/v1/jobs/employer;client=0:0:0:0:0:0:0:1;user=employee@gmail.com]"}{"timestamp":"2026-06-16 21:26:32","level":"INFO","logger":"com.example.BE.aspects.LoggingAndPerformanceAspect","message":"✅ Method executed successfully: GlobalExceptionHandler.handleException(..)"}{"timestamp":"2026-06-16 21:26:32","level":"INFO","logger":"com.example.BE.aspects.LoggingAndPerformanceAspect","message":"⏱ Execution time: 1 ms"}{"timestamp":"2026-06-16 21:26:32","level":"WARN","logger":"org.springframework.web.servlet.mvc.method.annotation.ExceptionHandlerExceptionResolver","message":"Resolved [java.lang.RuntimeException: Employer does not have a company assigned]"}{"timestamp":"2026-06-16 21:26:51","level":"INFO","logger":"com.example.BE.aspects.LoggingAndPerformanceAspect","message":"➡️ Entering method: JobController.getEmployerJobs(..)"}{"timestamp":"2026-06-16 21:26:51","level":"INFO","logger":"com.example.BE.aspects.LoggingAndPerformanceAspect","message":"📥 Arguments: [UsernamePasswordAuthenticationToken [Principal=employee@gmail.com, Credentials=[PROTECTED], Authenticated=true, Details=null, Granted Authorities=[ROLE_EMPLOYER]]]"}{"timestamp":"2026-06-16 21:26:51","level":"INFO","logger":"com.example.BE.aspects.LoggingAndPerformanceAspect","message":"➡️ Entering method: JobServiceImpl.getEmployerJobs(..)"}{"timestamp":"2026-06-16 21:26:51","level":"INFO","logger":"com.example.BE.aspects.LoggingAndPerformanceAspect","message":"📥 Arguments: [employee@gmail.com]"}{"timestamp":"2026-06-16 21:26:51","level":"INFO","logger":"com.example.BE.aspects.LoggingAndPerformanceAspect","message":"➡️ Entering method: JobPortalUserRepository.findJobPortalUserByEmail(..)"}{"timestamp":"2026-06-16 21:26:51","level":"INFO","logger":"com.example.BE.aspects.LoggingAndPerformanceAspect","message":"📥 Arguments: [employee@gmail.com]"}{"timestamp":"2026-06-16 21:26:51","level":"INFO","logger":"com.example.BE.aspects.LoggingAndPerformanceAspect","message":"✅ Method executed successfully: JobPortalUserRepository.findJobPortalUserByEmail(..)"}{"timestamp":"2026-06-16 21:26:51","level":"INFO","logger":"com.example.BE.aspects.LoggingAndPerformanceAspect","message":"⏱ Execution time: 10 ms"}{"timestamp":"2026-06-16 21:26:51","level":"ERROR","logger":"com.example.BE.aspects.ExceptionAuditAspect","message":"❌ Exception occurred in method: JobServiceImpl.getEmployerJobs(..)"}{"timestamp":"2026-06-16 21:26:51","level":"ERROR","logger":"com.example.BE.aspects.ExceptionAuditAspect","message":"📥 Arguments: [employee@gmail.com]"}{"timestamp":"2026-06-16 21:26:51","level":"ERROR","logger":"com.example.BE.aspects.ExceptionAuditAspect","message":"💥 Exception type: RuntimeException"}{"timestamp":"2026-06-16 21:26:51","level":"ERROR","logger":"com.example.BE.aspects.ExceptionAuditAspect","message":"🧾 Exception message: Employer does not have a company assigned"}{"timestamp":"2026-06-16 21:26:51","level":"ERROR","logger":"com.example.BE.aspects.ExceptionAuditAspect","message":"❌ Exception occurred in method: JobController.getEmployerJobs(..)"}{"timestamp":"2026-06-16 21:26:51","level":"ERROR","logger":"com.example.BE.aspects.ExceptionAuditAspect","message":"📥 Arguments: [UsernamePasswordAuthenticationToken [Principal=employee@gmail.com, Credentials=[PROTECTED], Authenticated=true, Details=null, Granted Authorities=[ROLE_EMPLOYER]]]"}{"timestamp":"2026-06-16 21:26:51","level":"ERROR","logger":"com.example.BE.aspects.ExceptionAuditAspect","message":"💥 Exception type: RuntimeException"}{"timestamp":"2026-06-16 21:26:51","level":"ERROR","logger":"com.example.BE.aspects.ExceptionAuditAspect","message":"🧾 Exception message: Employer does not have a company assigned"}{"timestamp":"2026-06-16 21:26:51","level":"INFO","logger":"com.example.BE.aspects.LoggingAndPerformanceAspect","message":"➡️ Entering method: GlobalExceptionHandler.handleException(..)"}{"timestamp":"2026-06-16 21:26:51","level":"INFO","logger":"com.example.BE.aspects.LoggingAndPerformanceAspect","message":"📥 Arguments: [java.lang.RuntimeException: Employer does not have a company assigned, ServletWebRequest: uri=/api/v1/jobs/employer;client=0:0:0:0:0:0:0:1;user=employee@gmail.com]"}{"timestamp":"2026-06-16 21:26:51","level":"INFO","logger":"com.example.BE.aspects.LoggingAndPerformanceAspect","message":"✅ Method executed successfully: GlobalExceptionHandler.handleException(..)"}{"timestamp":"2026-06-16 21:26:51","level":"INFO","logger":"com.example.BE.aspects.LoggingAndPerformanceAspect","message":"⏱ Execution time: 1 ms"}{"timestamp":"2026-06-16 21:26:51","level":"WARN","logger":"org.springframework.web.servlet.mvc.method.annotation.ExceptionHandlerExceptionResolver","message":"Resolved [java.lang.RuntimeException: Employer does not have a company assigned]"}{"timestamp":"2026-06-16 21:26:51","level":"INFO","logger":"com.example.BE.aspects.LoggingAndPerformanceAspect","message":"➡️ Entering method: JobController.getEmployerJobs(..)"}{"timestamp":"2026-06-16 21:26:51","level":"INFO","logger":"com.example.BE.aspects.LoggingAndPerformanceAspect","message":"📥 Arguments: [UsernamePasswordAuthenticationToken [Principal=employee@gmail.com, Credentials=[PROTECTED], Authenticated=true, Details=null, Granted Authorities=[ROLE_EMPLOYER]]]"}{"timestamp":"2026-06-16 21:26:51","level":"INFO","logger":"com.example.BE.aspects.LoggingAndPerformanceAspect","message":"➡️ Entering method: JobServiceImpl.getEmployerJobs(..)"}{"timestamp":"2026-06-16 21:26:51","level":"INFO","logger":"com.example.BE.aspects.LoggingAndPerformanceAspect","message":"📥 Arguments: [employee@gmail.com]"}{"timestamp":"2026-06-16 21:26:51","level":"INFO","logger":"com.example.BE.aspects.LoggingAndPerformanceAspect","message":"➡️ Entering method: JobPortalUserRepository.findJobPortalUserByEmail(..)"}{"timestamp":"2026-06-16 21:26:51","level":"INFO","logger":"com.example.BE.aspects.LoggingAndPerformanceAspect","message":"📥 Arguments: [employee@gmail.com]"}{"timestamp":"2026-06-16 21:26:51","level":"INFO","logger":"com.example.BE.aspects.LoggingAndPerformanceAspect","message":"✅ Method executed successfully: JobPortalUserRepository.findJobPortalUserByEmail(..)"}{"timestamp":"2026-06-16 21:26:51","level":"INFO","logger":"com.example.BE.aspects.LoggingAndPerformanceAspect","message":"⏱ Execution time: 11 ms"}{"timestamp":"2026-06-16 21:26:51","level":"ERROR","logger":"com.example.BE.aspects.ExceptionAuditAspect","message":"❌ Exception occurred in method: JobServiceImpl.getEmployerJobs(..)"}{"timestamp":"2026-06-16 21:26:51","level":"ERROR","logger":"com.example.BE.aspects.ExceptionAuditAspect","message":"📥 Arguments: [employee@gmail.com]"}{"timestamp":"2026-06-16 21:26:51","level":"ERROR","logger":"com.example.BE.aspects.ExceptionAuditAspect","message":"💥 Exception type: RuntimeException"}{"timestamp":"2026-06-16 21:26:51","level":"ERROR","logger":"com.example.BE.aspects.ExceptionAuditAspect","message":"🧾 Exception message: Employer does not have a company assigned"}{"timestamp":"2026-06-16 21:26:51","level":"ERROR","logger":"com.example.BE.aspects.ExceptionAuditAspect","message":"❌ Exception occurred in method: JobController.getEmployerJobs(..)"}{"timestamp":"2026-06-16 21:26:51","level":"ERROR","logger":"com.example.BE.aspects.ExceptionAuditAspect","message":"📥 Arguments: [UsernamePasswordAuthenticationToken [Principal=employee@gmail.com, Credentials=[PROTECTED], Authenticated=true, Details=null, Granted Authorities=[ROLE_EMPLOYER]]]"}{"timestamp":"2026-06-16 21:26:51","level":"ERROR","logger":"com.example.BE.aspects.ExceptionAuditAspect","message":"💥 Exception type: RuntimeException"}{"timestamp":"2026-06-16 21:26:51","level":"ERROR","logger":"com.example.BE.aspects.ExceptionAuditAspect","message":"🧾 Exception message: Employer does not have a company assigned"}{"timestamp":"2026-06-16 21:26:51","level":"INFO","logger":"com.example.BE.aspects.LoggingAndPerformanceAspect","message":"➡️ Entering method: GlobalExceptionHandler.handleException(..)"}{"timestamp":"2026-06-16 21:26:51","level":"INFO","logger":"com.example.BE.aspects.LoggingAndPerformanceAspect","message":"📥 Arguments: [java.lang.RuntimeException: Employer does not have a company assigned, ServletWebRequest: uri=/api/v1/jobs/employer;client=0:0:0:0:0:0:0:1;user=employee@gmail.com]"}{"timestamp":"2026-06-16 21:26:51","level":"INFO","logger":"com.example.BE.aspects.LoggingAndPerformanceAspect","message":"✅ Method executed successfully: GlobalExceptionHandler.handleException(..)"}{"timestamp":"2026-06-16 21:26:51","level":"INFO","logger":"com.example.BE.aspects.LoggingAndPerformanceAspect","message":"⏱ Execution time: 0 ms"}{"timestamp":"2026-06-16 21:26:51","level":"WARN","logger":"org.springframework.web.servlet.mvc.method.annotation.ExceptionHandlerExceptionResolver","message":"Resolved [java.lang.RuntimeException: Employer does not have a company assigned]"}{"timestamp":"2026-06-16 21:27:34","level":"INFO","logger":"com.example.BE.aspects.LoggingAndPerformanceAspect","message":"➡️ Entering method: JobController.createJob(..)"}{"timestamp":"2026-06-16 21:27:34","level":"INFO","logger":"com.example.BE.aspects.LoggingAndPerformanceAspect","message":"📥 Arguments: [JobDto[id=null, title=Software Engineer, companyId=null, companyName=null, companyLogo=null, location=viet nam, workType=On-site, jobType=Full-time, category=Technology, experienceLevel=Mid-level, salaryMin=100000, salaryMax=200000, salaryCurrency=USD, salaryPeriod=year, description=Title, requirements=["2"], benefits=["Bao hiem"], postedDate=null, applicationDeadline=null, applicationsCount=null, featured=true, urgent=true, remote=true, status=ACTIVE], UsernamePasswordAuthenticationToken [Principal=employee@gmail.com, Credentials=[PROTECTED], Authenticated=true, Details=null, Granted Authorities=[ROLE_EMPLOYER]]]"}{"timestamp":"2026-06-16 21:27:34","level":"INFO","logger":"com.example.BE.aspects.LoggingAndPerformanceAspect","message":"➡️ Entering method: JobServiceImpl.createJob(..)"}{"timestamp":"2026-06-16 21:27:34","level":"INFO","logger":"com.example.BE.aspects.LoggingAndPerformanceAspect","message":"📥 Arguments: [JobDto[id=null, title=Software Engineer, companyId=null, companyName=null, companyLogo=null, location=viet nam, workType=On-site, jobType=Full-time, category=Technology, experienceLevel=Mid-level, salaryMin=100000, salaryMax=200000, salaryCurrency=USD, salaryPeriod=year, description=Title, requirements=["2"], benefits=["Bao hiem"], postedDate=null, applicationDeadline=null, applicationsCount=null, featured=true, urgent=true, remote=true, status=ACTIVE], employee@gmail.com]"}{"timestamp":"2026-06-16 21:27:34","level":"INFO","logger":"com.example.BE.aspects.LoggingAndPerformanceAspect","message":"➡️ Entering method: JobPortalUserRepository.findJobPortalUserByEmail(..)"}{"timestamp":"2026-06-16 21:27:34","level":"INFO","logger":"com.example.BE.aspects.LoggingAndPerformanceAspect","message":"📥 Arguments: [employee@gmail.com]"}{"timestamp":"2026-06-16 21:27:34","level":"INFO","logger":"com.example.BE.aspects.LoggingAndPerformanceAspect","message":"✅ Method executed successfully: JobPortalUserRepository.findJobPortalUserByEmail(..)"}{"timestamp":"2026-06-16 21:27:34","level":"INFO","logger":"com.example.BE.aspects.LoggingAndPerformanceAspect","message":"⏱ Execution time: 12 ms"}{"timestamp":"2026-06-16 21:27:34","level":"ERROR","logger":"com.example.BE.aspects.ExceptionAuditAspect","message":"❌ Exception occurred in method: JobServiceImpl.createJob(..)"}{"timestamp":"2026-06-16 21:27:34","level":"ERROR","logger":"com.example.BE.aspects.ExceptionAuditAspect","message":"📥 Arguments: [JobDto[id=null, title=Software Engineer, companyId=null, companyName=null, companyLogo=null, location=viet nam, workType=On-site, jobType=Full-time, category=Technology, experienceLevel=Mid-level, salaryMin=100000, salaryMax=200000, salaryCurrency=USD, salaryPeriod=year, description=Title, requirements=["2"], benefits=["Bao hiem"], postedDate=null, applicationDeadline=null, applicationsCount=null, featured=true, urgent=true, remote=true, status=ACTIVE], employee@gmail.com]"}{"timestamp":"2026-06-16 21:27:34","level":"ERROR","logger":"com.example.BE.aspects.ExceptionAuditAspect","message":"💥 Exception type: RuntimeException"}{"timestamp":"2026-06-16 21:27:34","level":"ERROR","logger":"com.example.BE.aspects.ExceptionAuditAspect","message":"🧾 Exception message: Employer does not have a company assigned. Please contact admin."}{"timestamp":"2026-06-16 21:27:34","level":"ERROR","logger":"com.example.BE.aspects.ExceptionAuditAspect","message":"❌ Exception occurred in method: JobController.createJob(..)"}{"timestamp":"2026-06-16 21:27:34","level":"ERROR","logger":"com.example.BE.aspects.ExceptionAuditAspect","message":"📥 Arguments: [JobDto[id=null, title=Software Engineer, companyId=null, companyName=null, companyLogo=null, location=viet nam, workType=On-site, jobType=Full-time, category=Technology, experienceLevel=Mid-level, salaryMin=100000, salaryMax=200000, salaryCurrency=USD, salaryPeriod=year, description=Title, requirements=["2"], benefits=["Bao hiem"], postedDate=null, applicationDeadline=null, applicationsCount=null, featured=true, urgent=true, remote=true, status=ACTIVE], UsernamePasswordAuthenticationToken [Principal=employee@gmail.com, Credentials=[PROTECTED], Authenticated=true, Details=null, Granted Authorities=[ROLE_EMPLOYER]]]"}{"timestamp":"2026-06-16 21:27:34","level":"ERROR","logger":"com.example.BE.aspects.ExceptionAuditAspect","message":"💥 Exception type: RuntimeException"}{"timestamp":"2026-06-16 21:27:34","level":"ERROR","logger":"com.example.BE.aspects.ExceptionAuditAspect","message":"🧾 Exception message: Employer does not have a company assigned. Please contact admin."}{"timestamp":"2026-06-16 21:27:34","level":"INFO","logger":"com.example.BE.aspects.LoggingAndPerformanceAspect","message":"➡️ Entering method: GlobalExceptionHandler.handleException(..)"}{"timestamp":"2026-06-16 21:27:34","level":"INFO","logger":"com.example.BE.aspects.LoggingAndPerformanceAspect","message":"📥 Arguments: [java.lang.RuntimeException: Employer does not have a company assigned. Please contact admin., ServletWebRequest: uri=/api/v1/jobs/employer;client=0:0:0:0:0:0:0:1;user=employee@gmail.com]"}{"timestamp":"2026-06-16 21:27:34","level":"INFO","logger":"com.example.BE.aspects.LoggingAndPerformanceAspect","message":"✅ Method executed successfully: GlobalExceptionHandler.handleException(..)"}{"timestamp":"2026-06-16 21:27:34","level":"INFO","logger":"com.example.BE.aspects.LoggingAndPerformanceAspect","message":"⏱ Execution time: 0 ms"}{"timestamp":"2026-06-16 21:27:34","level":"WARN","logger":"org.springframework.web.servlet.mvc.method.annotation.ExceptionHandlerExceptionResolver","message":"Resolved [java.lang.RuntimeException: Employer does not have a company assigned. Please contact admin.]"}{"timestamp":"2026-06-16 21:28:32","level":"INFO","logger":"org.hibernate.validator.internal.util.Version","message":"HV000001: Hibernate Validator 8.0.1.Final"}{"timestamp":"2026-06-16 21:28:32","level":"INFO","logger":"com.example.BE.BeApplication","message":"Starting BeApplication using Java 17.0.15 with PID 11456 (D:\PROJECT\Job_Portal\JobPortal\BE\target\classes started by Windows in D:\PROJECT\Job_Portal\JobPortal\BE)"}{"timestamp":"2026-06-16 21:28:32","level":"INFO","logger":"com.example.BE.BeApplication","message":"No active profile set, falling back to 1 default profile: "default""}{"timestamp":"2026-06-16 21:28:32","level":"INFO","logger":"org.springframework.boot.devtools.env.DevToolsPropertyDefaultsPostProcessor","message":"Devtools property defaults active! Set 'spring.devtools.add-properties' to 'false' to disable"}{"timestamp":"2026-06-16 21:28:32","level":"INFO","logger":"org.springframework.boot.devtools.env.DevToolsPropertyDefaultsPostProcessor","message":"For additional web related logging consider setting the 'logging.level.web' property to 'DEBUG'"}{"timestamp":"2026-06-16 21:28:35","level":"INFO","logger":"org.springframework.data.repository.config.RepositoryConfigurationDelegate","message":"Bootstrapping Spring Data JPA repositories in DEFAULT mode."}{"timestamp":"2026-06-16 21:28:35","level":"INFO","logger":"org.springframework.data.repository.config.RepositoryConfigurationDelegate","message":"Finished Spring Data repository scanning in 168 ms. Found 7 JPA repository interfaces."}{"timestamp":"2026-06-16 21:28:37","level":"INFO","logger":"org.springframework.boot.web.embedded.tomcat.TomcatWebServer","message":"Tomcat initialized with port 8082 (http)"}{"timestamp":"2026-06-16 21:28:37","level":"INFO","logger":"org.apache.coyote.http11.Http11NioProtocol","message":"Initializing ProtocolHandler ["http-nio-8082"]"}{"timestamp":"2026-06-16 21:28:37","level":"INFO","logger":"org.apache.catalina.core.StandardService","message":"Starting service [Tomcat]"}{"timestamp":"2026-06-16 21:28:37","level":"INFO","logger":"org.apache.catalina.core.StandardEngine","message":"Starting Servlet engine: [Apache Tomcat/10.1.19]"}{"timestamp":"2026-06-16 21:28:37","level":"INFO","logger":"org.apache.catalina.core.ContainerBase.[Tomcat].[localhost].[/]","message":"Initializing Spring embedded WebApplicationContext"}{"timestamp":"2026-06-16 21:28:37","level":"INFO","logger":"org.springframework.boot.web.servlet.context.ServletWebServerApplicationContext","message":"Root WebApplicationContext: initialization completed in 5517 ms"}{"timestamp":"2026-06-16 21:28:38","level":"INFO","logger":"org.hibernate.jpa.internal.util.LogHelper","message":"HHH000204: Processing PersistenceUnitInfo [name: default]"}{"timestamp":"2026-06-16 21:28:39","level":"INFO","logger":"org.hibernate.Version","message":"HHH000412: Hibernate ORM core version 6.4.4.Final"}{"timestamp":"2026-06-16 21:28:39","level":"INFO","logger":"org.hibernate.cache.internal.RegionFactoryInitiator","message":"HHH000026: Second-level cache disabled"}{"timestamp":"2026-06-16 21:35:27","level":"INFO","logger":"org.springframework.boot.devtools.autoconfigure.LocalDevToolsAutoConfiguration$RestartingClassPathChangeChangedEventListener","message":"Restarting due to 70 class path changes (0 additions, 69 deletions, 1 modification)"}{"timestamp":"2026-06-16 21:35:27","level":"INFO","logger":"org.apache.coyote.http11.Http11NioProtocol","message":"Stopping ProtocolHandler ["http-nio-8082"]"}{"timestamp":"2026-06-16 21:35:27","level":"INFO","logger":"org.springframework.orm.jpa.LocalContainerEntityManagerFactoryBean","message":"Closing JPA EntityManagerFactory for persistence unit 'default'"}{"timestamp":"2026-06-16 21:35:27","level":"INFO","logger":"com.zaxxer.hikari.HikariDataSource","message":"HikariPool-1 - Shutdown initiated..."}{"timestamp":"2026-06-16 21:35:27","level":"INFO","logger":"com.zaxxer.hikari.HikariDataSource","message":"HikariPool-1 - Shutdown completed."}{"timestamp":"2026-06-16 21:35:27","level":"INFO","logger":"com.example.BE.BeApplication","message":"Starting BeApplication using Java 17.0.15 with PID 15976 (D:\PROJECT\Job_Portal\JobPortal\BE\target\classes started by Windows in D:\PROJECT\Job_Portal\JobPortal\BE)"}{"timestamp":"2026-06-16 21:35:27","level":"INFO","logger":"com.example.BE.BeApplication","message":"No active profile set, falling back to 1 default profile: "default""}{"timestamp":"2026-06-16 21:35:27","level":"WARN","logger":"org.springframework.boot.web.servlet.context.AnnotationConfigServletWebServerApplicationContext","message":"Exception encountered during context initialization - cancelling refresh attempt: org.springframework.beans.factory.BeanDefinitionStoreException: I/O failure while processing configuration class [null]"}{"timestamp":"2026-06-16 21:35:27","level":"ERROR","logger":"org.springframework.boot.SpringApplication","message":"Application run failed"}org.springframework.beans.factory.BeanDefinitionStoreException: I/O failure while processing configuration class [null]
	at org.springframework.context.annotation.ConfigurationClassParser.processConfigurationClass(ConfigurationClassParser.java:251)
	at org.springframework.context.annotation.ConfigurationClassParser.parse(ConfigurationClassParser.java:197)
	at org.springframework.context.annotation.ConfigurationClassParser.parse(ConfigurationClassParser.java:165)
	at org.springframework.context.annotation.ConfigurationClassPostProcessor.processConfigBeanDefinitions(ConfigurationClassPostProcessor.java:416)
	at org.springframework.context.annotation.ConfigurationClassPostProcessor.postProcessBeanDefinitionRegistry(ConfigurationClassPostProcessor.java:289)
	at org.springframework.context.support.PostProcessorRegistrationDelegate.invokeBeanDefinitionRegistryPostProcessors(PostProcessorRegistrationDelegate.java:349)
	at org.springframework.context.support.PostProcessorRegistrationDelegate.invokeBeanFactoryPostProcessors(PostProcessorRegistrationDelegate.java:118)
	at org.springframework.context.support.AbstractApplicationContext.invokeBeanFactoryPostProcessors(AbstractApplicationContext.java:788)
	at org.springframework.context.support.AbstractApplicationContext.refresh(AbstractApplicationContext.java:606)
	at org.springframework.boot.web.servlet.context.ServletWebServerApplicationContext.refresh(ServletWebServerApplicationContext.java:146)
	at org.springframework.boot.SpringApplication.refresh(SpringApplication.java:754)
	at org.springframework.boot.SpringApplication.refreshContext(SpringApplication.java:456)
	at org.springframework.boot.SpringApplication.run(SpringApplication.java:334)
	at org.springframework.boot.SpringApplication.run(SpringApplication.java:1354)
	at org.springframework.boot.SpringApplication.run(SpringApplication.java:1343)
	at com.example.BE.BeApplication.main(BeApplication.java:17)
	at java.base/jdk.internal.reflect.NativeMethodAccessorImpl.invoke0(Native Method)
	at java.base/jdk.internal.reflect.NativeMethodAccessorImpl.invoke(NativeMethodAccessorImpl.java:77)
	at java.base/jdk.internal.reflect.DelegatingMethodAccessorImpl.invoke(DelegatingMethodAccessorImpl.java:43)
	at java.base/java.lang.reflect.Method.invoke(Method.java:569)
	at org.springframework.boot.devtools.restart.RestartLauncher.run(RestartLauncher.java:50)
Caused by: java.io.FileNotFoundException: class path resource [com/example/BE/BeApplication.class] cannot be opened because it does not exist
	at org.springframework.core.io.ClassPathResource.getInputStream(ClassPathResource.java:215)
	at org.springframework.core.type.classreading.SimpleMetadataReader.getClassReader(SimpleMetadataReader.java:54)
	at org.springframework.core.type.classreading.SimpleMetadataReader.<init>(SimpleMetadataReader.java:48)
	at org.springframework.core.type.classreading.SimpleMetadataReaderFactory.getMetadataReader(SimpleMetadataReaderFactory.java:103)
	at org.springframework.boot.type.classreading.ConcurrentReferenceCachingMetadataReaderFactory.createMetadataReader(ConcurrentReferenceCachingMetadataReaderFactory.java:86)
	at org.springframework.boot.type.classreading.ConcurrentReferenceCachingMetadataReaderFactory.getMetadataReader(ConcurrentReferenceCachingMetadataReaderFactory.java:73)
	at org.springframework.core.type.classreading.SimpleMetadataReaderFactory.getMetadataReader(SimpleMetadataReaderFactory.java:81)
	at org.springframework.context.annotation.ConfigurationClassParser.asSourceClass(ConfigurationClassParser.java:630)
	at org.springframework.context.annotation.ConfigurationClassParser.asSourceClass(ConfigurationClassParser.java:599)
	at org.springframework.context.annotation.ConfigurationClassParser.asSourceClass(ConfigurationClassParser.java:577)
	at org.springframework.context.annotation.ConfigurationClassParser.processConfigurationClass(ConfigurationClassParser.java:244)
	... 20 common frames omitted
{"timestamp":"2026-06-16 21:35:36","level":"INFO","logger":"com.example.BE.BeApplication","message":"Starting BeApplication using Java 17.0.15 with PID 15976 (D:\PROJECT\Job_Portal\JobPortal\BE\target\classes started by Windows in D:\PROJECT\Job_Portal\JobPortal\BE)"}{"timestamp":"2026-06-16 21:35:36","level":"INFO","logger":"com.example.BE.BeApplication","message":"No active profile set, falling back to 1 default profile: "default""}{"timestamp":"2026-06-16 21:35:38","level":"INFO","logger":"org.springframework.data.repository.config.RepositoryConfigurationDelegate","message":"Bootstrapping Spring Data JPA repositories in DEFAULT mode."}{"timestamp":"2026-06-16 21:35:39","level":"INFO","logger":"org.springframework.data.repository.config.RepositoryConfigurationDelegate","message":"Finished Spring Data repository scanning in 171 ms. Found 7 JPA repository interfaces."}{"timestamp":"2026-06-16 21:35:39","level":"INFO","logger":"org.springframework.boot.web.embedded.tomcat.TomcatWebServer","message":"Tomcat initialized with port 8082 (http)"}{"timestamp":"2026-06-16 21:35:39","level":"INFO","logger":"org.apache.coyote.http11.Http11NioProtocol","message":"Initializing ProtocolHandler ["http-nio-8082"]"}{"timestamp":"2026-06-16 21:35:39","level":"INFO","logger":"org.apache.catalina.core.StandardService","message":"Starting service [Tomcat]"}{"timestamp":"2026-06-16 21:35:39","level":"INFO","logger":"org.apache.catalina.core.StandardEngine","message":"Starting Servlet engine: [Apache Tomcat/10.1.19]"}{"timestamp":"2026-06-16 21:35:39","level":"INFO","logger":"org.apache.catalina.core.ContainerBase.[Tomcat].[localhost].[/]","message":"Initializing Spring embedded WebApplicationContext"}{"timestamp":"2026-06-16 21:35:39","level":"INFO","logger":"org.springframework.boot.web.servlet.context.ServletWebServerApplicationContext","message":"Root WebApplicationContext: initialization completed in 3340 ms"}{"timestamp":"2026-06-16 21:35:40","level":"INFO","logger":"org.hibernate.jpa.internal.util.LogHelper","message":"HHH000204: Processing PersistenceUnitInfo [name: default]"}{"timestamp":"2026-06-16 21:35:40","level":"INFO","logger":"org.hibernate.cache.internal.RegionFactoryInitiator","message":"HHH000026: Second-level cache disabled"}{"timestamp":"2026-06-16 21:35:40","level":"INFO","logger":"org.springframework.orm.jpa.persistenceunit.SpringPersistenceUnitInfo","message":"No LoadTimeWeaver setup: ignoring JPA class transformer"}{"timestamp":"2026-06-16 21:35:40","level":"INFO","logger":"com.zaxxer.hikari.HikariDataSource","message":"HikariPool-2 - Starting..."}{"timestamp":"2026-06-16 21:35:40","level":"INFO","logger":"com.zaxxer.hikari.pool.HikariPool","message":"HikariPool-2 - Added connection com.mysql.cj.jdbc.ConnectionImpl@4a0d6d8a"}{"timestamp":"2026-06-16 21:35:40","level":"INFO","logger":"com.zaxxer.hikari.HikariDataSource","message":"HikariPool-2 - Start completed."}{"timestamp":"2026-06-16 21:35:41","level":"INFO","logger":"org.hibernate.engine.transaction.jta.platform.internal.JtaPlatformInitiator","message":"HHH000489: No JTA platform available (set 'hibernate.transaction.jta.platform' to enable JTA platform integration)"}{"timestamp":"2026-06-16 21:35:41","level":"INFO","logger":"org.springframework.orm.jpa.LocalContainerEntityManagerFactoryBean","message":"Initialized JPA EntityManagerFactory for persistence unit 'default'"}{"timestamp":"2026-06-16 21:35:42","level":"INFO","logger":"com.example.BE.aspects.LoggingAndPerformanceAspect","message":"➡️ Entering method: JobPortalSecurityConfig.passwordEncoder()"}{"timestamp":"2026-06-16 21:35:42","level":"INFO","logger":"com.example.BE.aspects.LoggingAndPerformanceAspect","message":"📥 Arguments: []"}{"timestamp":"2026-06-16 21:35:42","level":"INFO","logger":"com.example.BE.aspects.LoggingAndPerformanceAspect","message":"✅ Method executed successfully: JobPortalSecurityConfig.passwordEncoder()"}{"timestamp":"2026-06-16 21:35:42","level":"INFO","logger":"com.example.BE.aspects.LoggingAndPerformanceAspect","message":"⏱ Execution time: 3 ms"}{"timestamp":"2026-06-16 21:35:42","level":"INFO","logger":"com.example.BE.aspects.LoggingAndPerformanceAspect","message":"➡️ Entering method: JobPortalSecurityConfig.authenticationManager(..)"}{"timestamp":"2026-06-16 21:35:42","level":"INFO","logger":"com.example.BE.aspects.LoggingAndPerformanceAspect","message":"📥 Arguments: [com.example.BE.security.util.JobPortalUsernamePwdAuthenticationProvider@750a9f83]"}{"timestamp":"2026-06-16 21:35:42","level":"INFO","logger":"com.example.BE.aspects.LoggingAndPerformanceAspect","message":"✅ Method executed successfully: JobPortalSecurityConfig.authenticationManager(..)"}{"timestamp":"2026-06-16 21:35:42","level":"INFO","logger":"com.example.BE.aspects.LoggingAndPerformanceAspect","message":"⏱ Execution time: 2 ms"}{"timestamp":"2026-06-16 21:35:44","level":"INFO","logger":"com.example.BE.aspects.LoggingAndPerformanceAspect","message":"➡️ Entering method: OpenTelemetryConfig.openTelemetry()"}{"timestamp":"2026-06-16 21:35:44","level":"INFO","logger":"com.example.BE.aspects.LoggingAndPerformanceAspect","message":"📥 Arguments: []"}{"timestamp":"2026-06-16 21:35:44","level":"INFO","logger":"com.example.BE.aspects.LoggingAndPerformanceAspect","message":"✅ Method executed successfully: OpenTelemetryConfig.openTelemetry()"}{"timestamp":"2026-06-16 21:35:44","level":"INFO","logger":"com.example.BE.aspects.LoggingAndPerformanceAspect","message":"⏱ Execution time: 2 ms"}{"timestamp":"2026-06-16 21:35:44","level":"WARN","logger":"org.springframework.boot.autoconfigure.orm.jpa.JpaBaseConfiguration$JpaWebConfiguration","message":"spring.jpa.open-in-view is enabled by default. Therefore, database queries may be performed during view rendering. Explicitly configure spring.jpa.open-in-view to disable this warning"}{"timestamp":"2026-06-16 21:35:45","level":"INFO","logger":"org.springframework.boot.actuate.endpoint.web.EndpointLinksResolver","message":"Exposing 13 endpoint(s) beneath base path '/actuator'"}{"timestamp":"2026-06-16 21:35:45","level":"INFO","logger":"com.example.BE.aspects.LoggingAndPerformanceAspect","message":"➡️ Entering method: JobPortalSecurityConfig.securityFilterChain(..)"}{"timestamp":"2026-06-16 21:35:45","level":"INFO","logger":"com.example.BE.aspects.LoggingAndPerformanceAspect","message":"📥 Arguments: [org.springframework.security.config.annotation.web.builders.HttpSecurity@f13f7c9]"}{"timestamp":"2026-06-16 21:35:45","level":"INFO","logger":"com.example.BE.aspects.LoggingAndPerformanceAspect","message":"➡️ Entering method: JobPortalSecurityConfig.corsConfigurationSource()"}{"timestamp":"2026-06-16 21:35:45","level":"INFO","logger":"com.example.BE.aspects.LoggingAndPerformanceAspect","message":"📥 Arguments: []"}{"timestamp":"2026-06-16 21:35:45","level":"INFO","logger":"com.example.BE.aspects.LoggingAndPerformanceAspect","message":"➡️ Entering method: CorsProperties.getAllowedOrigins()"}{"timestamp":"2026-06-16 21:35:45","level":"INFO","logger":"com.example.BE.aspects.LoggingAndPerformanceAspect","message":"📥 Arguments: []"}{"timestamp":"2026-06-16 21:35:45","level":"INFO","logger":"com.example.BE.aspects.LoggingAndPerformanceAspect","message":"✅ Method executed successfully: CorsProperties.getAllowedOrigins()"}{"timestamp":"2026-06-16 21:35:45","level":"INFO","logger":"com.example.BE.aspects.LoggingAndPerformanceAspect","message":"⏱ Execution time: 1 ms"}{"timestamp":"2026-06-16 21:35:45","level":"INFO","logger":"com.example.BE.aspects.LoggingAndPerformanceAspect","message":"➡️ Entering method: CorsProperties.getAllowedMethods()"}{"timestamp":"2026-06-16 21:35:45","level":"INFO","logger":"com.example.BE.aspects.LoggingAndPerformanceAspect","message":"📥 Arguments: []"}{"timestamp":"2026-06-16 21:35:45","level":"INFO","logger":"com.example.BE.aspects.LoggingAndPerformanceAspect","message":"✅ Method executed successfully: CorsProperties.getAllowedMethods()"}{"timestamp":"2026-06-16 21:35:45","level":"INFO","logger":"com.example.BE.aspects.LoggingAndPerformanceAspect","message":"⏱ Execution time: 0 ms"}{"timestamp":"2026-06-16 21:35:45","level":"INFO","logger":"com.example.BE.aspects.LoggingAndPerformanceAspect","message":"➡️ Entering method: CorsProperties.getAllowedHeaders()"}{"timestamp":"2026-06-16 21:35:45","level":"INFO","logger":"com.example.BE.aspects.LoggingAndPerformanceAspect","message":"📥 Arguments: []"}{"timestamp":"2026-06-16 21:35:45","level":"INFO","logger":"com.example.BE.aspects.LoggingAndPerformanceAspect","message":"✅ Method executed successfully: CorsProperties.getAllowedHeaders()"}{"timestamp":"2026-06-16 21:35:45","level":"INFO","logger":"com.example.BE.aspects.LoggingAndPerformanceAspect","message":"⏱ Execution time: 1 ms"}{"timestamp":"2026-06-16 21:35:45","level":"INFO","logger":"com.example.BE.aspects.LoggingAndPerformanceAspect","message":"➡️ Entering method: CorsProperties.getAllowCredentials()"}{"timestamp":"2026-06-16 21:35:45","level":"INFO","logger":"com.example.BE.aspects.LoggingAndPerformanceAspect","message":"📥 Arguments: []"}{"timestamp":"2026-06-16 21:35:45","level":"INFO","logger":"com.example.BE.aspects.LoggingAndPerformanceAspect","message":"✅ Method executed successfully: CorsProperties.getAllowCredentials()"}{"timestamp":"2026-06-16 21:35:45","level":"INFO","logger":"com.example.BE.aspects.LoggingAndPerformanceAspect","message":"⏱ Execution time: 1 ms"}{"timestamp":"2026-06-16 21:35:45","level":"INFO","logger":"com.example.BE.aspects.LoggingAndPerformanceAspect","message":"➡️ Entering method: CorsProperties.getMaxAge()"}{"timestamp":"2026-06-16 21:35:45","level":"INFO","logger":"com.example.BE.aspects.LoggingAndPerformanceAspect","message":"📥 Arguments: []"}{"timestamp":"2026-06-16 21:35:45","level":"INFO","logger":"com.example.BE.aspects.LoggingAndPerformanceAspect","message":"✅ Method executed successfully: CorsProperties.getMaxAge()"}{"timestamp":"2026-06-16 21:35:45","level":"INFO","logger":"com.example.BE.aspects.LoggingAndPerformanceAspect","message":"⏱ Execution time: 1 ms"}{"timestamp":"2026-06-16 21:35:45","level":"INFO","logger":"com.example.BE.aspects.LoggingAndPerformanceAspect","message":"✅ Method executed successfully: JobPortalSecurityConfig.corsConfigurationSource()"}{"timestamp":"2026-06-16 21:35:45","level":"INFO","logger":"com.example.BE.aspects.LoggingAndPerformanceAspect","message":"⏱ Execution time: 8 ms"}{"timestamp":"2026-06-16 21:35:45","level":"INFO","logger":"org.springframework.security.web.DefaultSecurityFilterChain","message":"Will secure any request with [org.springframework.security.web.session.DisableEncodeUrlFilter@305d51c0, org.springframework.security.web.context.request.async.WebAsyncManagerIntegrationFilter@75b00857, org.springframework.security.web.context.SecurityContextHolderFilter@5c5528ca, org.springframework.security.web.header.HeaderWriterFilter@20851a92, org.springframework.web.filter.CorsFilter@75b22c30, org.springframework.security.web.csrf.CsrfFilter@49b98221, org.springframework.security.web.authentication.logout.LogoutFilter@8a3675b, com.example.BE.security.filter.JwtTokenValidatorFilter@33832cc7, org.springframework.security.web.authentication.www.BasicAuthenticationFilter@58d3af6b, org.springframework.security.web.savedrequest.RequestCacheAwareFilter@6c51584c, org.springframework.security.web.servletapi.SecurityContextHolderAwareRequestFilter@3d26974e, org.springframework.security.web.authentication.AnonymousAuthenticationFilter@698aa826, org.springframework.security.web.access.ExceptionTranslationFilter@77241de9, org.springframework.security.web.access.intercept.AuthorizationFilter@2aef3ddd]"}{"timestamp":"2026-06-16 21:35:45","level":"INFO","logger":"com.example.BE.aspects.LoggingAndPerformanceAspect","message":"✅ Method executed successfully: JobPortalSecurityConfig.securityFilterChain(..)"}{"timestamp":"2026-06-16 21:35:45","level":"INFO","logger":"com.example.BE.aspects.LoggingAndPerformanceAspect","message":"⏱ Execution time: 117 ms"}{"timestamp":"2026-06-16 21:35:47","level":"INFO","logger":"org.springframework.boot.devtools.autoconfigure.OptionalLiveReloadServer","message":"LiveReload server is running on port 35729"}{"timestamp":"2026-06-16 21:35:47","level":"INFO","logger":"org.apache.coyote.http11.Http11NioProtocol","message":"Starting ProtocolHandler ["http-nio-8082"]"}{"timestamp":"2026-06-16 21:35:47","level":"INFO","logger":"org.springframework.boot.web.embedded.tomcat.TomcatWebServer","message":"Tomcat started on port 8082 (http) with context path ''"}{"timestamp":"2026-06-16 21:35:47","level":"INFO","logger":"com.example.BE.BeApplication","message":"Started BeApplication in 10.929 seconds (process running for 1188.494)"}{"timestamp":"2026-06-16 21:35:47","level":"INFO","logger":"org.springframework.boot.devtools.autoconfigure.ConditionEvaluationDeltaLoggingListener","message":"Condition evaluation unchanged"}{"timestamp":"2026-06-16 21:36:59","level":"INFO","logger":"org.hibernate.validator.internal.util.Version","message":"HV000001: Hibernate Validator 8.0.1.Final"}{"timestamp":"2026-06-16 21:36:59","level":"INFO","logger":"com.example.BE.BeApplication","message":"Starting BeApplication using Java 17.0.15 with PID 12996 (D:\PROJECT\Job_Portal\JobPortal\BE\target\classes started by Windows in D:\PROJECT\Job_Portal\JobPortal\BE)"}{"timestamp":"2026-06-16 21:36:59","level":"INFO","logger":"com.example.BE.BeApplication","message":"No active profile set, falling back to 1 default profile: "default""}{"timestamp":"2026-06-16 21:36:59","level":"INFO","logger":"org.springframework.boot.devtools.env.DevToolsPropertyDefaultsPostProcessor","message":"Devtools property defaults active! Set 'spring.devtools.add-properties' to 'false' to disable"}{"timestamp":"2026-06-16 21:36:59","level":"INFO","logger":"org.springframework.boot.devtools.env.DevToolsPropertyDefaultsPostProcessor","message":"For additional web related logging consider setting the 'logging.level.web' property to 'DEBUG'"}{"timestamp":"2026-06-16 21:37:02","level":"INFO","logger":"org.springframework.data.repository.config.RepositoryConfigurationDelegate","message":"Bootstrapping Spring Data JPA repositories in DEFAULT mode."}{"timestamp":"2026-06-16 21:37:02","level":"INFO","logger":"org.springframework.data.repository.config.RepositoryConfigurationDelegate","message":"Finished Spring Data repository scanning in 223 ms. Found 7 JPA repository interfaces."}{"timestamp":"2026-06-16 21:37:05","level":"INFO","logger":"org.springframework.boot.web.embedded.tomcat.TomcatWebServer","message":"Tomcat initialized with port 8082 (http)"}{"timestamp":"2026-06-16 21:37:05","level":"INFO","logger":"org.apache.coyote.http11.Http11NioProtocol","message":"Initializing ProtocolHandler ["http-nio-8082"]"}{"timestamp":"2026-06-16 21:37:05","level":"INFO","logger":"org.apache.catalina.core.StandardService","message":"Starting service [Tomcat]"}{"timestamp":"2026-06-16 21:37:05","level":"INFO","logger":"org.apache.catalina.core.StandardEngine","message":"Starting Servlet engine: [Apache Tomcat/10.1.19]"}{"timestamp":"2026-06-16 21:37:05","level":"INFO","logger":"org.apache.catalina.core.ContainerBase.[Tomcat].[localhost].[/]","message":"Initializing Spring embedded WebApplicationContext"}{"timestamp":"2026-06-16 21:37:05","level":"INFO","logger":"org.springframework.boot.web.servlet.context.ServletWebServerApplicationContext","message":"Root WebApplicationContext: initialization completed in 5577 ms"}{"timestamp":"2026-06-16 21:37:06","level":"INFO","logger":"org.hibernate.jpa.internal.util.LogHelper","message":"HHH000204: Processing PersistenceUnitInfo [name: default]"}{"timestamp":"2026-06-16 21:37:06","level":"INFO","logger":"org.hibernate.Version","message":"HHH000412: Hibernate ORM core version 6.4.4.Final"}{"timestamp":"2026-06-16 21:37:06","level":"INFO","logger":"org.hibernate.cache.internal.RegionFactoryInitiator","message":"HHH000026: Second-level cache disabled"}{"timestamp":"2026-06-16 21:37:06","level":"INFO","logger":"org.springframework.orm.jpa.persistenceunit.SpringPersistenceUnitInfo","message":"No LoadTimeWeaver setup: ignoring JPA class transformer"}{"timestamp":"2026-06-16 21:37:07","level":"INFO","logger":"com.zaxxer.hikari.HikariDataSource","message":"HikariPool-1 - Starting..."}{"timestamp":"2026-06-16 21:37:07","level":"INFO","logger":"com.zaxxer.hikari.pool.HikariPool","message":"HikariPool-1 - Added connection com.mysql.cj.jdbc.ConnectionImpl@45775f60"}{"timestamp":"2026-06-16 21:37:07","level":"INFO","logger":"com.zaxxer.hikari.HikariDataSource","message":"HikariPool-1 - Start completed."}{"timestamp":"2026-06-16 21:37:10","level":"INFO","logger":"org.hibernate.engine.transaction.jta.platform.internal.JtaPlatformInitiator","message":"HHH000489: No JTA platform available (set 'hibernate.transaction.jta.platform' to enable JTA platform integration)"}{"timestamp":"2026-06-16 21:37:10","level":"INFO","logger":"org.springframework.orm.jpa.LocalContainerEntityManagerFactoryBean","message":"Initialized JPA EntityManagerFactory for persistence unit 'default'"}{"timestamp":"2026-06-16 21:37:12","level":"INFO","logger":"com.example.BE.aspects.LoggingAndPerformanceAspect","message":"➡️ Entering method: JobPortalSecurityConfig.passwordEncoder()"}{"timestamp":"2026-06-16 21:37:12","level":"INFO","logger":"com.example.BE.aspects.LoggingAndPerformanceAspect","message":"📥 Arguments: []"}{"timestamp":"2026-06-16 21:37:12","level":"INFO","logger":"com.example.BE.aspects.LoggingAndPerformanceAspect","message":"✅ Method executed successfully: JobPortalSecurityConfig.passwordEncoder()"}{"timestamp":"2026-06-16 21:37:12","level":"INFO","logger":"com.example.BE.aspects.LoggingAndPerformanceAspect","message":"⏱ Execution time: 8 ms"}{"timestamp":"2026-06-16 21:37:12","level":"INFO","logger":"com.example.BE.aspects.LoggingAndPerformanceAspect","message":"➡️ Entering method: JobPortalSecurityConfig.authenticationManager(..)"}{"timestamp":"2026-06-16 21:37:12","level":"INFO","logger":"com.example.BE.aspects.LoggingAndPerformanceAspect","message":"📥 Arguments: [com.example.BE.security.util.JobPortalUsernamePwdAuthenticationProvider@fc59d4c]"}{"timestamp":"2026-06-16 21:37:12","level":"INFO","logger":"com.example.BE.aspects.LoggingAndPerformanceAspect","message":"✅ Method executed successfully: JobPortalSecurityConfig.authenticationManager(..)"}{"timestamp":"2026-06-16 21:37:12","level":"INFO","logger":"com.example.BE.aspects.LoggingAndPerformanceAspect","message":"⏱ Execution time: 19 ms"}{"timestamp":"2026-06-16 21:37:12","level":"INFO","logger":"org.springframework.data.jpa.repository.query.QueryEnhancerFactory","message":"Hibernate is in classpath; If applicable, HQL parser will be used."}{"timestamp":"2026-06-16 21:37:13","level":"INFO","logger":"com.example.BE.aspects.LoggingAndPerformanceAspect","message":"➡️ Entering method: OpenTelemetryConfig.openTelemetry()"}{"timestamp":"2026-06-16 21:37:13","level":"INFO","logger":"com.example.BE.aspects.LoggingAndPerformanceAspect","message":"📥 Arguments: []"}{"timestamp":"2026-06-16 21:37:13","level":"INFO","logger":"com.example.BE.aspects.LoggingAndPerformanceAspect","message":"✅ Method executed successfully: OpenTelemetryConfig.openTelemetry()"}{"timestamp":"2026-06-16 21:37:13","level":"INFO","logger":"com.example.BE.aspects.LoggingAndPerformanceAspect","message":"⏱ Execution time: 3 ms"}{"timestamp":"2026-06-16 21:37:13","level":"WARN","logger":"org.springframework.boot.autoconfigure.orm.jpa.JpaBaseConfiguration$JpaWebConfiguration","message":"spring.jpa.open-in-view is enabled by default. Therefore, database queries may be performed during view rendering. Explicitly configure spring.jpa.open-in-view to disable this warning"}{"timestamp":"2026-06-16 21:37:15","level":"INFO","logger":"org.springframework.boot.actuate.endpoint.web.EndpointLinksResolver","message":"Exposing 13 endpoint(s) beneath base path '/actuator'"}{"timestamp":"2026-06-16 21:37:15","level":"INFO","logger":"com.example.BE.aspects.LoggingAndPerformanceAspect","message":"➡️ Entering method: JobPortalSecurityConfig.securityFilterChain(..)"}{"timestamp":"2026-06-16 21:37:15","level":"INFO","logger":"com.example.BE.aspects.LoggingAndPerformanceAspect","message":"📥 Arguments: [org.springframework.security.config.annotation.web.builders.HttpSecurity@56f254e]"}{"timestamp":"2026-06-16 21:37:15","level":"INFO","logger":"com.example.BE.aspects.LoggingAndPerformanceAspect","message":"➡️ Entering method: JobPortalSecurityConfig.corsConfigurationSource()"}{"timestamp":"2026-06-16 21:37:15","level":"INFO","logger":"com.example.BE.aspects.LoggingAndPerformanceAspect","message":"📥 Arguments: []"}{"timestamp":"2026-06-16 21:37:15","level":"INFO","logger":"com.example.BE.aspects.LoggingAndPerformanceAspect","message":"➡️ Entering method: CorsProperties.getAllowedOrigins()"}{"timestamp":"2026-06-16 21:37:15","level":"INFO","logger":"com.example.BE.aspects.LoggingAndPerformanceAspect","message":"📥 Arguments: []"}{"timestamp":"2026-06-16 21:37:15","level":"INFO","logger":"com.example.BE.aspects.LoggingAndPerformanceAspect","message":"✅ Method executed successfully: CorsProperties.getAllowedOrigins()"}{"timestamp":"2026-06-16 21:37:15","level":"INFO","logger":"com.example.BE.aspects.LoggingAndPerformanceAspect","message":"⏱ Execution time: 1 ms"}{"timestamp":"2026-06-16 21:37:15","level":"INFO","logger":"com.example.BE.aspects.LoggingAndPerformanceAspect","message":"➡️ Entering method: CorsProperties.getAllowedMethods()"}{"timestamp":"2026-06-16 21:37:15","level":"INFO","logger":"com.example.BE.aspects.LoggingAndPerformanceAspect","message":"📥 Arguments: []"}{"timestamp":"2026-06-16 21:37:15","level":"INFO","logger":"com.example.BE.aspects.LoggingAndPerformanceAspect","message":"✅ Method executed successfully: CorsProperties.getAllowedMethods()"}{"timestamp":"2026-06-16 21:37:15","level":"INFO","logger":"com.example.BE.aspects.LoggingAndPerformanceAspect","message":"⏱ Execution time: 1 ms"}{"timestamp":"2026-06-16 21:37:15","level":"INFO","logger":"com.example.BE.aspects.LoggingAndPerformanceAspect","message":"➡️ Entering method: CorsProperties.getAllowedHeaders()"}{"timestamp":"2026-06-16 21:37:15","level":"INFO","logger":"com.example.BE.aspects.LoggingAndPerformanceAspect","message":"📥 Arguments: []"}{"timestamp":"2026-06-16 21:37:15","level":"INFO","logger":"com.example.BE.aspects.LoggingAndPerformanceAspect","message":"✅ Method executed successfully: CorsProperties.getAllowedHeaders()"}{"timestamp":"2026-06-16 21:37:15","level":"INFO","logger":"com.example.BE.aspects.LoggingAndPerformanceAspect","message":"⏱ Execution time: 0 ms"}{"timestamp":"2026-06-16 21:37:15","level":"INFO","logger":"com.example.BE.aspects.LoggingAndPerformanceAspect","message":"➡️ Entering method: CorsProperties.getAllowCredentials()"}{"timestamp":"2026-06-16 21:37:15","level":"INFO","logger":"com.example.BE.aspects.LoggingAndPerformanceAspect","message":"📥 Arguments: []"}{"timestamp":"2026-06-16 21:37:15","level":"INFO","logger":"com.example.BE.aspects.LoggingAndPerformanceAspect","message":"✅ Method executed successfully: CorsProperties.getAllowCredentials()"}{"timestamp":"2026-06-16 21:37:15","level":"INFO","logger":"com.example.BE.aspects.LoggingAndPerformanceAspect","message":"⏱ Execution time: 0 ms"}{"timestamp":"2026-06-16 21:37:15","level":"INFO","logger":"com.example.BE.aspects.LoggingAndPerformanceAspect","message":"➡️ Entering method: CorsProperties.getMaxAge()"}{"timestamp":"2026-06-16 21:37:15","level":"INFO","logger":"com.example.BE.aspects.LoggingAndPerformanceAspect","message":"📥 Arguments: []"}{"timestamp":"2026-06-16 21:37:15","level":"INFO","logger":"com.example.BE.aspects.LoggingAndPerformanceAspect","message":"✅ Method executed successfully: CorsProperties.getMaxAge()"}{"timestamp":"2026-06-16 21:37:15","level":"INFO","logger":"com.example.BE.aspects.LoggingAndPerformanceAspect","message":"⏱ Execution time: 0 ms"}{"timestamp":"2026-06-16 21:37:15","level":"INFO","logger":"com.example.BE.aspects.LoggingAndPerformanceAspect","message":"✅ Method executed successfully: JobPortalSecurityConfig.corsConfigurationSource()"}{"timestamp":"2026-06-16 21:37:15","level":"INFO","logger":"com.example.BE.aspects.LoggingAndPerformanceAspect","message":"⏱ Execution time: 11 ms"}{"timestamp":"2026-06-16 21:37:15","level":"INFO","logger":"org.springframework.security.web.DefaultSecurityFilterChain","message":"Will secure any request with [org.springframework.security.web.session.DisableEncodeUrlFilter@3e0f07f0, org.springframework.security.web.context.request.async.WebAsyncManagerIntegrationFilter@7186e45f, org.springframework.security.web.context.SecurityContextHolderFilter@27808a32, org.springframework.security.web.header.HeaderWriterFilter@6087a594, org.springframework.web.filter.CorsFilter@7de4e701, org.springframework.security.web.csrf.CsrfFilter@47327cf1, org.springframework.security.web.authentication.logout.LogoutFilter@1f200bd3, com.example.BE.security.filter.JwtTokenValidatorFilter@448c625a, org.springframework.security.web.authentication.www.BasicAuthenticationFilter@6734be3b, org.springframework.security.web.savedrequest.RequestCacheAwareFilter@4791f950, org.springframework.security.web.servletapi.SecurityContextHolderAwareRequestFilter@4ddd7bc3, org.springframework.security.web.authentication.AnonymousAuthenticationFilter@27acdbc, org.springframework.security.web.access.ExceptionTranslationFilter@52d86f72, org.springframework.security.web.access.intercept.AuthorizationFilter@c73af80]"}{"timestamp":"2026-06-16 21:37:15","level":"INFO","logger":"com.example.BE.aspects.LoggingAndPerformanceAspect","message":"✅ Method executed successfully: JobPortalSecurityConfig.securityFilterChain(..)"}{"timestamp":"2026-06-16 21:37:15","level":"INFO","logger":"com.example.BE.aspects.LoggingAndPerformanceAspect","message":"⏱ Execution time: 156 ms"}{"timestamp":"2026-06-16 21:37:17","level":"WARN","logger":"org.springframework.boot.devtools.autoconfigure.OptionalLiveReloadServer","message":"Unable to start LiveReload server"}{"timestamp":"2026-06-16 21:37:17","level":"INFO","logger":"org.apache.coyote.http11.Http11NioProtocol","message":"Starting ProtocolHandler ["http-nio-8082"]"}{"timestamp":"2026-06-16 21:37:17","level":"WARN","logger":"org.springframework.boot.web.servlet.context.AnnotationConfigServletWebServerApplicationContext","message":"Exception encountered during context initialization - cancelling refresh attempt: org.springframework.context.ApplicationContextException: Failed to start bean 'webServerStartStop'"}{"timestamp":"2026-06-16 21:37:17","level":"INFO","logger":"org.springframework.orm.jpa.LocalContainerEntityManagerFactoryBean","message":"Closing JPA EntityManagerFactory for persistence unit 'default'"}{"timestamp":"2026-06-16 21:37:17","level":"INFO","logger":"com.zaxxer.hikari.HikariDataSource","message":"HikariPool-1 - Shutdown initiated..."}{"timestamp":"2026-06-16 21:37:17","level":"INFO","logger":"com.zaxxer.hikari.HikariDataSource","message":"HikariPool-1 - Shutdown completed."}{"timestamp":"2026-06-16 21:37:17","level":"INFO","logger":"org.springframework.boot.autoconfigure.logging.ConditionEvaluationReportLogger","message":"

Error starting ApplicationContext. To display the condition evaluation report re-run your application with 'debug' enabled."}{"timestamp":"2026-06-16 21:37:17","level":"ERROR","logger":"org.springframework.boot.diagnostics.LoggingFailureAnalysisReporter","message":"

***************************
APPLICATION FAILED TO START
***************************

Description:

Web server failed to start. Port 8082 was already in use.

Action:

Identify and stop the process that's listening on port 8082 or configure this application to listen on another port.
"}{"timestamp":"2026-06-16 21:39:48","level":"INFO","logger":"org.hibernate.validator.internal.util.Version","message":"HV000001: Hibernate Validator 8.0.1.Final"}{"timestamp":"2026-06-16 21:39:48","level":"INFO","logger":"com.example.BE.BeApplication","message":"Starting BeApplication using Java 17.0.15 with PID 16024 (D:\PROJECT\Job_Portal\JobPortal\BE\target\classes started by Windows in D:\PROJECT\Job_Portal\JobPortal\BE)"}{"timestamp":"2026-06-16 21:39:48","level":"INFO","logger":"com.example.BE.BeApplication","message":"No active profile set, falling back to 1 default profile: "default""}{"timestamp":"2026-06-16 21:39:48","level":"INFO","logger":"org.springframework.boot.devtools.env.DevToolsPropertyDefaultsPostProcessor","message":"Devtools property defaults active! Set 'spring.devtools.add-properties' to 'false' to disable"}{"timestamp":"2026-06-16 21:39:48","level":"INFO","logger":"org.springframework.boot.devtools.env.DevToolsPropertyDefaultsPostProcessor","message":"For additional web related logging consider setting the 'logging.level.web' property to 'DEBUG'"}{"timestamp":"2026-06-16 21:39:51","level":"INFO","logger":"org.springframework.data.repository.config.RepositoryConfigurationDelegate","message":"Bootstrapping Spring Data JPA repositories in DEFAULT mode."}{"timestamp":"2026-06-16 21:39:52","level":"INFO","logger":"org.springframework.data.repository.config.RepositoryConfigurationDelegate","message":"Finished Spring Data repository scanning in 173 ms. Found 7 JPA repository interfaces."}{"timestamp":"2026-06-16 21:39:54","level":"INFO","logger":"org.springframework.boot.web.embedded.tomcat.TomcatWebServer","message":"Tomcat initialized with port 8082 (http)"}{"timestamp":"2026-06-16 21:39:54","level":"INFO","logger":"org.apache.coyote.http11.Http11NioProtocol","message":"Initializing ProtocolHandler ["http-nio-8082"]"}{"timestamp":"2026-06-16 21:39:54","level":"INFO","logger":"org.apache.catalina.core.StandardService","message":"Starting service [Tomcat]"}{"timestamp":"2026-06-16 21:39:54","level":"INFO","logger":"org.apache.catalina.core.StandardEngine","message":"Starting Servlet engine: [Apache Tomcat/10.1.19]"}{"timestamp":"2026-06-16 21:39:54","level":"INFO","logger":"org.apache.catalina.core.ContainerBase.[Tomcat].[localhost].[/]","message":"Initializing Spring embedded WebApplicationContext"}{"timestamp":"2026-06-16 21:39:54","level":"INFO","logger":"org.springframework.boot.web.servlet.context.ServletWebServerApplicationContext","message":"Root WebApplicationContext: initialization completed in 5622 ms"}{"timestamp":"2026-06-16 21:39:55","level":"INFO","logger":"org.hibernate.jpa.internal.util.LogHelper","message":"HHH000204: Processing PersistenceUnitInfo [name: default]"}{"timestamp":"2026-06-16 21:39:55","level":"INFO","logger":"org.hibernate.Version","message":"HHH000412: Hibernate ORM core version 6.4.4.Final"}{"timestamp":"2026-06-16 21:39:55","level":"INFO","logger":"org.hibernate.cache.internal.RegionFactoryInitiator","message":"HHH000026: Second-level cache disabled"}{"timestamp":"2026-06-16 21:39:56","level":"INFO","logger":"org.springframework.orm.jpa.persistenceunit.SpringPersistenceUnitInfo","message":"No LoadTimeWeaver setup: ignoring JPA class transformer"}{"timestamp":"2026-06-16 21:39:56","level":"INFO","logger":"com.zaxxer.hikari.HikariDataSource","message":"HikariPool-1 - Starting..."}{"timestamp":"2026-06-16 21:39:56","level":"INFO","logger":"com.zaxxer.hikari.pool.HikariPool","message":"HikariPool-1 - Added connection com.mysql.cj.jdbc.ConnectionImpl@7b6ac694"}{"timestamp":"2026-06-16 21:39:56","level":"INFO","logger":"com.zaxxer.hikari.HikariDataSource","message":"HikariPool-1 - Start completed."}{"timestamp":"2026-06-16 21:39:59","level":"INFO","logger":"org.hibernate.engine.transaction.jta.platform.internal.JtaPlatformInitiator","message":"HHH000489: No JTA platform available (set 'hibernate.transaction.jta.platform' to enable JTA platform integration)"}{"timestamp":"2026-06-16 21:39:59","level":"INFO","logger":"org.springframework.orm.jpa.LocalContainerEntityManagerFactoryBean","message":"Initialized JPA EntityManagerFactory for persistence unit 'default'"}{"timestamp":"2026-06-16 21:40:00","level":"INFO","logger":"com.example.BE.aspects.LoggingAndPerformanceAspect","message":"➡️ Entering method: JobPortalSecurityConfig.passwordEncoder()"}{"timestamp":"2026-06-16 21:40:00","level":"INFO","logger":"com.example.BE.aspects.LoggingAndPerformanceAspect","message":"📥 Arguments: []"}{"timestamp":"2026-06-16 21:40:00","level":"INFO","logger":"com.example.BE.aspects.LoggingAndPerformanceAspect","message":"✅ Method executed successfully: JobPortalSecurityConfig.passwordEncoder()"}{"timestamp":"2026-06-16 21:40:00","level":"INFO","logger":"com.example.BE.aspects.LoggingAndPerformanceAspect","message":"⏱ Execution time: 6 ms"}{"timestamp":"2026-06-16 21:40:00","level":"INFO","logger":"com.example.BE.aspects.LoggingAndPerformanceAspect","message":"➡️ Entering method: JobPortalSecurityConfig.authenticationManager(..)"}{"timestamp":"2026-06-16 21:40:00","level":"INFO","logger":"com.example.BE.aspects.LoggingAndPerformanceAspect","message":"📥 Arguments: [com.example.BE.security.util.JobPortalUsernamePwdAuthenticationProvider@61646879]"}{"timestamp":"2026-06-16 21:40:00","level":"INFO","logger":"com.example.BE.aspects.LoggingAndPerformanceAspect","message":"✅ Method executed successfully: JobPortalSecurityConfig.authenticationManager(..)"}{"timestamp":"2026-06-16 21:40:00","level":"INFO","logger":"com.example.BE.aspects.LoggingAndPerformanceAspect","message":"⏱ Execution time: 7 ms"}{"timestamp":"2026-06-16 21:40:01","level":"INFO","logger":"org.springframework.data.jpa.repository.query.QueryEnhancerFactory","message":"Hibernate is in classpath; If applicable, HQL parser will be used."}{"timestamp":"2026-06-16 21:40:01","level":"INFO","logger":"com.example.BE.aspects.LoggingAndPerformanceAspect","message":"➡️ Entering method: OpenTelemetryConfig.openTelemetry()"}{"timestamp":"2026-06-16 21:40:01","level":"INFO","logger":"com.example.BE.aspects.LoggingAndPerformanceAspect","message":"📥 Arguments: []"}{"timestamp":"2026-06-16 21:40:01","level":"INFO","logger":"com.example.BE.aspects.LoggingAndPerformanceAspect","message":"✅ Method executed successfully: OpenTelemetryConfig.openTelemetry()"}{"timestamp":"2026-06-16 21:40:01","level":"INFO","logger":"com.example.BE.aspects.LoggingAndPerformanceAspect","message":"⏱ Execution time: 3 ms"}{"timestamp":"2026-06-16 21:40:02","level":"WARN","logger":"org.springframework.boot.autoconfigure.orm.jpa.JpaBaseConfiguration$JpaWebConfiguration","message":"spring.jpa.open-in-view is enabled by default. Therefore, database queries may be performed during view rendering. Explicitly configure spring.jpa.open-in-view to disable this warning"}{"timestamp":"2026-06-16 21:40:03","level":"INFO","logger":"org.springframework.boot.actuate.endpoint.web.EndpointLinksResolver","message":"Exposing 13 endpoint(s) beneath base path '/actuator'"}{"timestamp":"2026-06-16 21:40:03","level":"INFO","logger":"com.example.BE.aspects.LoggingAndPerformanceAspect","message":"➡️ Entering method: JobPortalSecurityConfig.securityFilterChain(..)"}{"timestamp":"2026-06-16 21:40:03","level":"INFO","logger":"com.example.BE.aspects.LoggingAndPerformanceAspect","message":"📥 Arguments: [org.springframework.security.config.annotation.web.builders.HttpSecurity@2fa8cb46]"}{"timestamp":"2026-06-16 21:40:03","level":"INFO","logger":"com.example.BE.aspects.LoggingAndPerformanceAspect","message":"➡️ Entering method: JobPortalSecurityConfig.corsConfigurationSource()"}{"timestamp":"2026-06-16 21:40:03","level":"INFO","logger":"com.example.BE.aspects.LoggingAndPerformanceAspect","message":"📥 Arguments: []"}{"timestamp":"2026-06-16 21:40:03","level":"INFO","logger":"com.example.BE.aspects.LoggingAndPerformanceAspect","message":"➡️ Entering method: CorsProperties.getAllowedOrigins()"}{"timestamp":"2026-06-16 21:40:03","level":"INFO","logger":"com.example.BE.aspects.LoggingAndPerformanceAspect","message":"📥 Arguments: []"}{"timestamp":"2026-06-16 21:40:03","level":"INFO","logger":"com.example.BE.aspects.LoggingAndPerformanceAspect","message":"✅ Method executed successfully: CorsProperties.getAllowedOrigins()"}{"timestamp":"2026-06-16 21:40:03","level":"INFO","logger":"com.example.BE.aspects.LoggingAndPerformanceAspect","message":"⏱ Execution time: 1 ms"}{"timestamp":"2026-06-16 21:40:03","level":"INFO","logger":"com.example.BE.aspects.LoggingAndPerformanceAspect","message":"➡️ Entering method: CorsProperties.getAllowedMethods()"}{"timestamp":"2026-06-16 21:40:03","level":"INFO","logger":"com.example.BE.aspects.LoggingAndPerformanceAspect","message":"📥 Arguments: []"}{"timestamp":"2026-06-16 21:40:03","level":"INFO","logger":"com.example.BE.aspects.LoggingAndPerformanceAspect","message":"✅ Method executed successfully: CorsProperties.getAllowedMethods()"}{"timestamp":"2026-06-16 21:40:03","level":"INFO","logger":"com.example.BE.aspects.LoggingAndPerformanceAspect","message":"⏱ Execution time: 1 ms"}{"timestamp":"2026-06-16 21:40:03","level":"INFO","logger":"com.example.BE.aspects.LoggingAndPerformanceAspect","message":"➡️ Entering method: CorsProperties.getAllowedHeaders()"}{"timestamp":"2026-06-16 21:40:03","level":"INFO","logger":"com.example.BE.aspects.LoggingAndPerformanceAspect","message":"📥 Arguments: []"}{"timestamp":"2026-06-16 21:40:03","level":"INFO","logger":"com.example.BE.aspects.LoggingAndPerformanceAspect","message":"✅ Method executed successfully: CorsProperties.getAllowedHeaders()"}{"timestamp":"2026-06-16 21:40:03","level":"INFO","logger":"com.example.BE.aspects.LoggingAndPerformanceAspect","message":"⏱ Execution time: 1 ms"}{"timestamp":"2026-06-16 21:40:03","level":"INFO","logger":"com.example.BE.aspects.LoggingAndPerformanceAspect","message":"➡️ Entering method: CorsProperties.getAllowCredentials()"}{"timestamp":"2026-06-16 21:40:03","level":"INFO","logger":"com.example.BE.aspects.LoggingAndPerformanceAspect","message":"📥 Arguments: []"}{"timestamp":"2026-06-16 21:40:03","level":"INFO","logger":"com.example.BE.aspects.LoggingAndPerformanceAspect","message":"✅ Method executed successfully: CorsProperties.getAllowCredentials()"}{"timestamp":"2026-06-16 21:40:03","level":"INFO","logger":"com.example.BE.aspects.LoggingAndPerformanceAspect","message":"⏱ Execution time: 0 ms"}{"timestamp":"2026-06-16 21:40:03","level":"INFO","logger":"com.example.BE.aspects.LoggingAndPerformanceAspect","message":"➡️ Entering method: CorsProperties.getMaxAge()"}{"timestamp":"2026-06-16 21:40:03","level":"INFO","logger":"com.example.BE.aspects.LoggingAndPerformanceAspect","message":"📥 Arguments: []"}{"timestamp":"2026-06-16 21:40:03","level":"INFO","logger":"com.example.BE.aspects.LoggingAndPerformanceAspect","message":"✅ Method executed successfully: CorsProperties.getMaxAge()"}{"timestamp":"2026-06-16 21:40:03","level":"INFO","logger":"com.example.BE.aspects.LoggingAndPerformanceAspect","message":"⏱ Execution time: 1 ms"}{"timestamp":"2026-06-16 21:40:03","level":"INFO","logger":"com.example.BE.aspects.LoggingAndPerformanceAspect","message":"✅ Method executed successfully: JobPortalSecurityConfig.corsConfigurationSource()"}{"timestamp":"2026-06-16 21:40:03","level":"INFO","logger":"com.example.BE.aspects.LoggingAndPerformanceAspect","message":"⏱ Execution time: 9 ms"}{"timestamp":"2026-06-16 21:40:03","level":"INFO","logger":"org.springframework.security.web.DefaultSecurityFilterChain","message":"Will secure any request with [org.springframework.security.web.session.DisableEncodeUrlFilter@149b8755, org.springframework.security.web.context.request.async.WebAsyncManagerIntegrationFilter@1984f04e, org.springframework.security.web.context.SecurityContextHolderFilter@5bcc79da, org.springframework.security.web.header.HeaderWriterFilter@7bb38cd, org.springframework.web.filter.CorsFilter@571949f0, org.springframework.security.web.csrf.CsrfFilter@20bd662e, org.springframework.security.web.authentication.logout.LogoutFilter@f735570, com.example.BE.security.filter.JwtTokenValidatorFilter@17f7c9cb, org.springframework.security.web.authentication.www.BasicAuthenticationFilter@717dee26, org.springframework.security.web.savedrequest.RequestCacheAwareFilter@7b39d3c8, org.springframework.security.web.servletapi.SecurityContextHolderAwareRequestFilter@6f6cfb4e, org.springframework.security.web.authentication.AnonymousAuthenticationFilter@5f1e554f, org.springframework.security.web.access.ExceptionTranslationFilter@48d14216, org.springframework.security.web.access.intercept.AuthorizationFilter@2c57c52a]"}{"timestamp":"2026-06-16 21:40:03","level":"INFO","logger":"com.example.BE.aspects.LoggingAndPerformanceAspect","message":"✅ Method executed successfully: JobPortalSecurityConfig.securityFilterChain(..)"}{"timestamp":"2026-06-16 21:40:03","level":"INFO","logger":"com.example.BE.aspects.LoggingAndPerformanceAspect","message":"⏱ Execution time: 166 ms"}{"timestamp":"2026-06-16 21:40:05","level":"INFO","logger":"org.springframework.boot.devtools.autoconfigure.OptionalLiveReloadServer","message":"LiveReload server is running on port 35729"}{"timestamp":"2026-06-16 21:40:05","level":"INFO","logger":"org.apache.coyote.http11.Http11NioProtocol","message":"Starting ProtocolHandler ["http-nio-8082"]"}{"timestamp":"2026-06-16 21:40:05","level":"INFO","logger":"org.springframework.boot.web.embedded.tomcat.TomcatWebServer","message":"Tomcat started on port 8082 (http) with context path ''"}{"timestamp":"2026-06-16 21:40:05","level":"INFO","logger":"com.example.BE.BeApplication","message":"Started BeApplication in 17.704 seconds (process running for 18.744)"}{"timestamp":"2026-06-16 21:40:21","level":"INFO","logger":"org.apache.catalina.core.ContainerBase.[Tomcat].[localhost].[/]","message":"Initializing Spring DispatcherServlet 'dispatcherServlet'"}{"timestamp":"2026-06-16 21:40:21","level":"INFO","logger":"org.springframework.web.servlet.DispatcherServlet","message":"Initializing Servlet 'dispatcherServlet'"}{"timestamp":"2026-06-16 21:40:21","level":"INFO","logger":"org.springframework.web.servlet.DispatcherServlet","message":"Completed initialization in 5 ms"}{"timestamp":"2026-06-16 21:40:22","level":"INFO","logger":"com.example.BE.aspects.LoggingAndPerformanceAspect","message":"➡️ Entering method: CompanyController.getAllCompanies()"}{"timestamp":"2026-06-16 21:40:22","level":"INFO","logger":"com.example.BE.aspects.LoggingAndPerformanceAspect","message":"📥 Arguments: []"}{"timestamp":"2026-06-16 21:40:22","level":"INFO","logger":"com.example.BE.aspects.LoggingAndPerformanceAspect","message":"➡️ Entering method: ICompanyServiceImpl.getAllCompanies()"}{"timestamp":"2026-06-16 21:40:22","level":"INFO","logger":"com.example.BE.aspects.LoggingAndPerformanceAspect","message":"📥 Arguments: []"}{"timestamp":"2026-06-16 21:40:22","level":"INFO","logger":"com.example.BE.aspects.LoggingAndPerformanceAspect","message":"➡️ Entering method: CompanyRepository.findAllWithJobsByStatus(..)"}{"timestamp":"2026-06-16 21:40:22","level":"INFO","logger":"com.example.BE.aspects.LoggingAndPerformanceAspect","message":"📥 Arguments: [ACTIVE]"}{"timestamp":"2026-06-16 21:40:23","level":"INFO","logger":"com.example.BE.aspects.LoggingAndPerformanceAspect","message":"✅ Method executed successfully: CompanyRepository.findAllWithJobsByStatus(..)"}{"timestamp":"2026-06-16 21:40:23","level":"INFO","logger":"com.example.BE.aspects.LoggingAndPerformanceAspect","message":"⏱ Execution time: 1297 ms"}{"timestamp":"2026-06-16 21:40:23","level":"INFO","logger":"com.example.BE.aspects.LoggingAndPerformanceAspect","message":"➡️ Entering method: CompanyMapper.transformCompanyToDto(..)"}{"timestamp":"2026-06-16 21:40:23","level":"INFO","logger":"com.example.BE.aspects.LoggingAndPerformanceAspect","message":"📥 Arguments: [com.example.BE.entity.Company@78efe3a5]"}{"timestamp":"2026-06-16 21:40:23","level":"INFO","logger":"com.example.BE.aspects.LoggingAndPerformanceAspect","message":"✅ Method executed successfully: CompanyMapper.transformCompanyToDto(..)"}{"timestamp":"2026-06-16 21:40:23","level":"INFO","logger":"com.example.BE.aspects.LoggingAndPerformanceAspect","message":"⏱ Execution time: 5 ms"}{"timestamp":"2026-06-16 21:40:23","level":"INFO","logger":"com.example.BE.aspects.LoggingAndPerformanceAspect","message":"➡️ Entering method: CompanyMapper.transformCompanyToDto(..)"}{"timestamp":"2026-06-16 21:40:23","level":"INFO","logger":"com.example.BE.aspects.LoggingAndPerformanceAspect","message":"📥 Arguments: [com.example.BE.entity.Company@7fc14a51]"}{"timestamp":"2026-06-16 21:40:23","level":"INFO","logger":"com.example.BE.aspects.LoggingAndPerformanceAspect","message":"✅ Method executed successfully: CompanyMapper.transformCompanyToDto(..)"}{"timestamp":"2026-06-16 21:40:23","level":"INFO","logger":"com.example.BE.aspects.LoggingAndPerformanceAspect","message":"⏱ Execution time: 1 ms"}{"timestamp":"2026-06-16 21:40:23","level":"INFO","logger":"com.example.BE.aspects.LoggingAndPerformanceAspect","message":"➡️ Entering method: CompanyMapper.transformCompanyToDto(..)"}{"timestamp":"2026-06-16 21:40:23","level":"INFO","logger":"com.example.BE.aspects.LoggingAndPerformanceAspect","message":"📥 Arguments: [com.example.BE.entity.Company@2f98b105]"}{"timestamp":"2026-06-16 21:40:23","level":"INFO","logger":"com.example.BE.aspects.LoggingAndPerformanceAspect","message":"✅ Method executed successfully: CompanyMapper.transformCompanyToDto(..)"}{"timestamp":"2026-06-16 21:40:23","level":"INFO","logger":"com.example.BE.aspects.LoggingAndPerformanceAspect","message":"⏱ Execution time: 1 ms"}{"timestamp":"2026-06-16 21:40:23","level":"INFO","logger":"com.example.BE.aspects.LoggingAndPerformanceAspect","message":"➡️ Entering method: CompanyMapper.transformCompanyToDto(..)"}{"timestamp":"2026-06-16 21:40:23","level":"INFO","logger":"com.example.BE.aspects.LoggingAndPerformanceAspect","message":"📥 Arguments: [com.example.BE.entity.Company@121b3b26]"}{"timestamp":"2026-06-16 21:40:23","level":"INFO","logger":"com.example.BE.aspects.LoggingAndPerformanceAspect","message":"✅ Method executed successfully: CompanyMapper.transformCompanyToDto(..)"}{"timestamp":"2026-06-16 21:40:23","level":"INFO","logger":"com.example.BE.aspects.LoggingAndPerformanceAspect","message":"⏱ Execution time: 2 ms"}{"timestamp":"2026-06-16 21:40:23","level":"INFO","logger":"com.example.BE.aspects.LoggingAndPerformanceAspect","message":"➡️ Entering method: CompanyMapper.transformCompanyToDto(..)"}{"timestamp":"2026-06-16 21:40:23","level":"INFO","logger":"com.example.BE.aspects.LoggingAndPerformanceAspect","message":"📥 Arguments: [com.example.BE.entity.Company@697d5a6b]"}{"timestamp":"2026-06-16 21:40:23","level":"INFO","logger":"com.example.BE.aspects.LoggingAndPerformanceAspect","message":"✅ Method executed successfully: CompanyMapper.transformCompanyToDto(..)"}{"timestamp":"2026-06-16 21:40:23","level":"INFO","logger":"com.example.BE.aspects.LoggingAndPerformanceAspect","message":"⏱ Execution time: 1 ms"}{"timestamp":"2026-06-16 21:40:23","level":"INFO","logger":"com.example.BE.aspects.LoggingAndPerformanceAspect","message":"➡️ Entering method: CompanyMapper.transformCompanyToDto(..)"}{"timestamp":"2026-06-16 21:40:23","level":"INFO","logger":"com.example.BE.aspects.LoggingAndPerformanceAspect","message":"📥 Arguments: [com.example.BE.entity.Company@1c4a0c1f]"}{"timestamp":"2026-06-16 21:40:23","level":"INFO","logger":"com.example.BE.aspects.LoggingAndPerformanceAspect","message":"✅ Method executed successfully: CompanyMapper.transformCompanyToDto(..)"}{"timestamp":"2026-06-16 21:40:23","level":"INFO","logger":"com.example.BE.aspects.LoggingAndPerformanceAspect","message":"⏱ Execution time: 0 ms"}{"timestamp":"2026-06-16 21:40:23","level":"INFO","logger":"com.example.BE.aspects.LoggingAndPerformanceAspect","message":"➡️ Entering method: CompanyMapper.transformCompanyToDto(..)"}{"timestamp":"2026-06-16 21:40:23","level":"INFO","logger":"com.example.BE.aspects.LoggingAndPerformanceAspect","message":"📥 Arguments: [com.example.BE.entity.Company@6d7ab129]"}{"timestamp":"2026-06-16 21:40:23","level":"INFO","logger":"com.example.BE.aspects.LoggingAndPerformanceAspect","message":"✅ Method executed successfully: CompanyMapper.transformCompanyToDto(..)"}{"timestamp":"2026-06-16 21:40:23","level":"INFO","logger":"com.example.BE.aspects.LoggingAndPerformanceAspect","message":"⏱ Execution time: 1 ms"}{"timestamp":"2026-06-16 21:40:23","level":"INFO","logger":"com.example.BE.aspects.LoggingAndPerformanceAspect","message":"➡️ Entering method: CompanyMapper.transformCompanyToDto(..)"}{"timestamp":"2026-06-16 21:40:23","level":"INFO","logger":"com.example.BE.aspects.LoggingAndPerformanceAspect","message":"📥 Arguments: [com.example.BE.entity.Company@2f1ba5d]"}{"timestamp":"2026-06-16 21:40:23","level":"INFO","logger":"com.example.BE.aspects.LoggingAndPerformanceAspect","message":"✅ Method executed successfully: CompanyMapper.transformCompanyToDto(..)"}{"timestamp":"2026-06-16 21:40:23","level":"INFO","logger":"com.example.BE.aspects.LoggingAndPerformanceAspect","message":"⏱ Execution time: 0 ms"}{"timestamp":"2026-06-16 21:40:23","level":"INFO","logger":"com.example.BE.aspects.LoggingAndPerformanceAspect","message":"➡️ Entering method: CompanyMapper.transformCompanyToDto(..)"}{"timestamp":"2026-06-16 21:40:23","level":"INFO","logger":"com.example.BE.aspects.LoggingAndPerformanceAspect","message":"📥 Arguments: [com.example.BE.entity.Company@62d0200d]"}{"timestamp":"2026-06-16 21:40:23","level":"INFO","logger":"com.example.BE.aspects.LoggingAndPerformanceAspect","message":"✅ Method executed successfully: CompanyMapper.transformCompanyToDto(..)"}{"timestamp":"2026-06-16 21:40:23","level":"INFO","logger":"com.example.BE.aspects.LoggingAndPerformanceAspect","message":"⏱ Execution time: 1 ms"}{"timestamp":"2026-06-16 21:40:23","level":"INFO","logger":"com.example.BE.aspects.LoggingAndPerformanceAspect","message":"➡️ Entering method: CompanyMapper.transformCompanyToDto(..)"}{"timestamp":"2026-06-16 21:40:23","level":"INFO","logger":"com.example.BE.aspects.LoggingAndPerformanceAspect","message":"📥 Arguments: [com.example.BE.entity.Company@4194cf32]"}{"timestamp":"2026-06-16 21:40:23","level":"INFO","logger":"com.example.BE.aspects.LoggingAndPerformanceAspect","message":"✅ Method executed successfully: CompanyMapper.transformCompanyToDto(..)"}{"timestamp":"2026-06-16 21:40:23","level":"INFO","logger":"com.example.BE.aspects.LoggingAndPerformanceAspect","message":"⏱ Execution time: 1 ms"}{"timestamp":"2026-06-16 21:40:23","level":"INFO","logger":"com.example.BE.aspects.LoggingAndPerformanceAspect","message":"➡️ Entering method: CompanyMapper.transformCompanyToDto(..)"}{"timestamp":"2026-06-16 21:40:23","level":"INFO","logger":"com.example.BE.aspects.LoggingAndPerformanceAspect","message":"📥 Arguments: [com.example.BE.entity.Company@7c130851]"}{"timestamp":"2026-06-16 21:40:23","level":"INFO","logger":"com.example.BE.aspects.LoggingAndPerformanceAspect","message":"✅ Method executed successfully: CompanyMapper.transformCompanyToDto(..)"}{"timestamp":"2026-06-16 21:40:23","level":"INFO","logger":"com.example.BE.aspects.LoggingAndPerformanceAspect","message":"⏱ Execution time: 1 ms"}{"timestamp":"2026-06-16 21:40:23","level":"INFO","logger":"com.example.BE.aspects.LoggingAndPerformanceAspect","message":"➡️ Entering method: CompanyMapper.transformCompanyToDto(..)"}{"timestamp":"2026-06-16 21:40:23","level":"INFO","logger":"com.example.BE.aspects.LoggingAndPerformanceAspect","message":"📥 Arguments: [com.example.BE.entity.Company@3b825099]"}{"timestamp":"2026-06-16 21:40:23","level":"INFO","logger":"com.example.BE.aspects.LoggingAndPerformanceAspect","message":"✅ Method executed successfully: CompanyMapper.transformCompanyToDto(..)"}{"timestamp":"2026-06-16 21:40:23","level":"INFO","logger":"com.example.BE.aspects.LoggingAndPerformanceAspect","message":"⏱ Execution time: 1 ms"}{"timestamp":"2026-06-16 21:40:23","level":"INFO","logger":"com.example.BE.aspects.LoggingAndPerformanceAspect","message":"➡️ Entering method: CompanyMapper.transformCompanyToDto(..)"}{"timestamp":"2026-06-16 21:40:23","level":"INFO","logger":"com.example.BE.aspects.LoggingAndPerformanceAspect","message":"📥 Arguments: [com.example.BE.entity.Company@2209680]"}{"timestamp":"2026-06-16 21:40:23","level":"INFO","logger":"com.example.BE.aspects.LoggingAndPerformanceAspect","message":"✅ Method executed successfully: CompanyMapper.transformCompanyToDto(..)"}{"timestamp":"2026-06-16 21:40:23","level":"INFO","logger":"com.example.BE.aspects.LoggingAndPerformanceAspect","message":"⏱ Execution time: 1 ms"}{"timestamp":"2026-06-16 21:40:23","level":"INFO","logger":"com.example.BE.aspects.LoggingAndPerformanceAspect","message":"➡️ Entering method: CompanyMapper.transformCompanyToDto(..)"}{"timestamp":"2026-06-16 21:40:23","level":"INFO","logger":"com.example.BE.aspects.LoggingAndPerformanceAspect","message":"📥 Arguments: [com.example.BE.entity.Company@668abaa6]"}{"timestamp":"2026-06-16 21:40:23","level":"INFO","logger":"com.example.BE.aspects.LoggingAndPerformanceAspect","message":"✅ Method executed successfully: CompanyMapper.transformCompanyToDto(..)"}{"timestamp":"2026-06-16 21:40:23","level":"INFO","logger":"com.example.BE.aspects.LoggingAndPerformanceAspect","message":"⏱ Execution time: 1 ms"}{"timestamp":"2026-06-16 21:40:23","level":"INFO","logger":"com.example.BE.aspects.LoggingAndPerformanceAspect","message":"➡️ Entering method: CompanyMapper.transformCompanyToDto(..)"}{"timestamp":"2026-06-16 21:40:23","level":"INFO","logger":"com.example.BE.aspects.LoggingAndPerformanceAspect","message":"📥 Arguments: [com.example.BE.entity.Company@12094c68]"}{"timestamp":"2026-06-16 21:40:23","level":"INFO","logger":"com.example.BE.aspects.LoggingAndPerformanceAspect","message":"✅ Method executed successfully: CompanyMapper.transformCompanyToDto(..)"}{"timestamp":"2026-06-16 21:40:23","level":"INFO","logger":"com.example.BE.aspects.LoggingAndPerformanceAspect","message":"⏱ Execution time: 0 ms"}{"timestamp":"2026-06-16 21:40:23","level":"INFO","logger":"com.example.BE.aspects.LoggingAndPerformanceAspect","message":"➡️ Entering method: CompanyMapper.transformCompanyToDto(..)"}{"timestamp":"2026-06-16 21:40:23","level":"INFO","logger":"com.example.BE.aspects.LoggingAndPerformanceAspect","message":"📥 Arguments: [com.example.BE.entity.Company@24c61f16]"}{"timestamp":"2026-06-16 21:40:23","level":"INFO","logger":"com.example.BE.aspects.LoggingAndPerformanceAspect","message":"✅ Method executed successfully: CompanyMapper.transformCompanyToDto(..)"}{"timestamp":"2026-06-16 21:40:23","level":"INFO","logger":"com.example.BE.aspects.LoggingAndPerformanceAspect","message":"⏱ Execution time: 1 ms"}{"timestamp":"2026-06-16 21:40:23","level":"INFO","logger":"com.example.BE.aspects.LoggingAndPerformanceAspect","message":"➡️ Entering method: CompanyMapper.transformCompanyToDto(..)"}{"timestamp":"2026-06-16 21:40:23","level":"INFO","logger":"com.example.BE.aspects.LoggingAndPerformanceAspect","message":"📥 Arguments: [com.example.BE.entity.Company@28607cc1]"}{"timestamp":"2026-06-16 21:40:23","level":"INFO","logger":"com.example.BE.aspects.LoggingAndPerformanceAspect","message":"✅ Method executed successfully: CompanyMapper.transformCompanyToDto(..)"}{"timestamp":"2026-06-16 21:40:23","level":"INFO","logger":"com.example.BE.aspects.LoggingAndPerformanceAspect","message":"⏱ Execution time: 0 ms"}{"timestamp":"2026-06-16 21:40:23","level":"INFO","logger":"com.example.BE.aspects.LoggingAndPerformanceAspect","message":"➡️ Entering method: CompanyMapper.transformCompanyToDto(..)"}{"timestamp":"2026-06-16 21:40:23","level":"INFO","logger":"com.example.BE.aspects.LoggingAndPerformanceAspect","message":"📥 Arguments: [com.example.BE.entity.Company@4916776f]"}{"timestamp":"2026-06-16 21:40:23","level":"INFO","logger":"com.example.BE.aspects.LoggingAndPerformanceAspect","message":"✅ Method executed successfully: CompanyMapper.transformCompanyToDto(..)"}{"timestamp":"2026-06-16 21:40:23","level":"INFO","logger":"com.example.BE.aspects.LoggingAndPerformanceAspect","message":"⏱ Execution time: 1 ms"}{"timestamp":"2026-06-16 21:40:23","level":"INFO","logger":"com.example.BE.aspects.LoggingAndPerformanceAspect","message":"➡️ Entering method: CompanyMapper.transformCompanyToDto(..)"}{"timestamp":"2026-06-16 21:40:23","level":"INFO","logger":"com.example.BE.aspects.LoggingAndPerformanceAspect","message":"📥 Arguments: [com.example.BE.entity.Company@36dc2a3b]"}{"timestamp":"2026-06-16 21:40:23","level":"INFO","logger":"com.example.BE.aspects.LoggingAndPerformanceAspect","message":"✅ Method executed successfully: CompanyMapper.transformCompanyToDto(..)"}{"timestamp":"2026-06-16 21:40:23","level":"INFO","logger":"com.example.BE.aspects.LoggingAndPerformanceAspect","message":"⏱ Execution time: 0 ms"}{"timestamp":"2026-06-16 21:40:23","level":"INFO","logger":"com.example.BE.aspects.LoggingAndPerformanceAspect","message":"➡️ Entering method: CompanyMapper.transformCompanyToDto(..)"}{"timestamp":"2026-06-16 21:40:23","level":"INFO","logger":"com.example.BE.aspects.LoggingAndPerformanceAspect","message":"📥 Arguments: [com.example.BE.entity.Company@726eed93]"}{"timestamp":"2026-06-16 21:40:23","level":"INFO","logger":"com.example.BE.aspects.LoggingAndPerformanceAspect","message":"✅ Method executed successfully: CompanyMapper.transformCompanyToDto(..)"}{"timestamp":"2026-06-16 21:40:23","level":"INFO","logger":"com.example.BE.aspects.LoggingAndPerformanceAspect","message":"⏱ Execution time: 0 ms"}{"timestamp":"2026-06-16 21:40:23","level":"INFO","logger":"com.example.BE.aspects.LoggingAndPerformanceAspect","message":"➡️ Entering method: CompanyMapper.transformCompanyToDto(..)"}{"timestamp":"2026-06-16 21:40:23","level":"INFO","logger":"com.example.BE.aspects.LoggingAndPerformanceAspect","message":"📥 Arguments: [com.example.BE.entity.Company@521bfd19]"}{"timestamp":"2026-06-16 21:40:23","level":"INFO","logger":"com.example.BE.aspects.LoggingAndPerformanceAspect","message":"✅ Method executed successfully: CompanyMapper.transformCompanyToDto(..)"}{"timestamp":"2026-06-16 21:40:23","level":"INFO","logger":"com.example.BE.aspects.LoggingAndPerformanceAspect","message":"⏱ Execution time: 1 ms"}{"timestamp":"2026-06-16 21:40:23","level":"INFO","logger":"com.example.BE.aspects.LoggingAndPerformanceAspect","message":"➡️ Entering method: CompanyMapper.transformCompanyToDto(..)"}{"timestamp":"2026-06-16 21:40:23","level":"INFO","logger":"com.example.BE.aspects.LoggingAndPerformanceAspect","message":"📥 Arguments: [com.example.BE.entity.Company@1062dedc]"}{"timestamp":"2026-06-16 21:40:23","level":"INFO","logger":"com.example.BE.aspects.LoggingAndPerformanceAspect","message":"✅ Method executed successfully: CompanyMapper.transformCompanyToDto(..)"}{"timestamp":"2026-06-16 21:40:23","level":"INFO","logger":"com.example.BE.aspects.LoggingAndPerformanceAspect","message":"⏱ Execution time: 0 ms"}{"timestamp":"2026-06-16 21:40:23","level":"INFO","logger":"com.example.BE.aspects.LoggingAndPerformanceAspect","message":"➡️ Entering method: CompanyMapper.transformCompanyToDto(..)"}{"timestamp":"2026-06-16 21:40:23","level":"INFO","logger":"com.example.BE.aspects.LoggingAndPerformanceAspect","message":"📥 Arguments: [com.example.BE.entity.Company@b704814]"}{"timestamp":"2026-06-16 21:40:23","level":"INFO","logger":"com.example.BE.aspects.LoggingAndPerformanceAspect","message":"✅ Method executed successfully: CompanyMapper.transformCompanyToDto(..)"}{"timestamp":"2026-06-16 21:40:23","level":"INFO","logger":"com.example.BE.aspects.LoggingAndPerformanceAspect","message":"⏱ Execution time: 0 ms"}{"timestamp":"2026-06-16 21:40:23","level":"INFO","logger":"com.example.BE.aspects.LoggingAndPerformanceAspect","message":"➡️ Entering method: CompanyMapper.transformCompanyToDto(..)"}{"timestamp":"2026-06-16 21:40:23","level":"INFO","logger":"com.example.BE.aspects.LoggingAndPerformanceAspect","message":"📥 Arguments: [com.example.BE.entity.Company@6d4364d0]"}{"timestamp":"2026-06-16 21:40:23","level":"INFO","logger":"com.example.BE.aspects.LoggingAndPerformanceAspect","message":"✅ Method executed successfully: CompanyMapper.transformCompanyToDto(..)"}{"timestamp":"2026-06-16 21:40:23","level":"INFO","logger":"com.example.BE.aspects.LoggingAndPerformanceAspect","message":"⏱ Execution time: 0 ms"}{"timestamp":"2026-06-16 21:40:23","level":"INFO","logger":"com.example.BE.aspects.LoggingAndPerformanceAspect","message":"➡️ Entering method: CompanyMapper.transformCompanyToDto(..)"}{"timestamp":"2026-06-16 21:40:23","level":"INFO","logger":"com.example.BE.aspects.LoggingAndPerformanceAspect","message":"📥 Arguments: [com.example.BE.entity.Company@3a17321b]"}{"timestamp":"2026-06-16 21:40:23","level":"INFO","logger":"com.example.BE.aspects.LoggingAndPerformanceAspect","message":"✅ Method executed successfully: CompanyMapper.transformCompanyToDto(..)"}{"timestamp":"2026-06-16 21:40:23","level":"INFO","logger":"com.example.BE.aspects.LoggingAndPerformanceAspect","message":"⏱ Execution time: 1 ms"}{"timestamp":"2026-06-16 21:40:23","level":"INFO","logger":"com.example.BE.aspects.LoggingAndPerformanceAspect","message":"➡️ Entering method: CompanyMapper.transformCompanyToDto(..)"}{"timestamp":"2026-06-16 21:40:23","level":"INFO","logger":"com.example.BE.aspects.LoggingAndPerformanceAspect","message":"📥 Arguments: [com.example.BE.entity.Company@48ca3087]"}{"timestamp":"2026-06-16 21:40:23","level":"INFO","logger":"com.example.BE.aspects.LoggingAndPerformanceAspect","message":"✅ Method executed successfully: CompanyMapper.transformCompanyToDto(..)"}{"timestamp":"2026-06-16 21:40:23","level":"INFO","logger":"com.example.BE.aspects.LoggingAndPerformanceAspect","message":"⏱ Execution time: 0 ms"}{"timestamp":"2026-06-16 21:40:23","level":"INFO","logger":"com.example.BE.aspects.LoggingAndPerformanceAspect","message":"➡️ Entering method: CompanyMapper.transformCompanyToDto(..)"}{"timestamp":"2026-06-16 21:40:23","level":"INFO","logger":"com.example.BE.aspects.LoggingAndPerformanceAspect","message":"📥 Arguments: [com.example.BE.entity.Company@535c5459]"}{"timestamp":"2026-06-16 21:40:23","level":"INFO","logger":"com.example.BE.aspects.LoggingAndPerformanceAspect","message":"✅ Method executed successfully: CompanyMapper.transformCompanyToDto(..)"}{"timestamp":"2026-06-16 21:40:23","level":"INFO","logger":"com.example.BE.aspects.LoggingAndPerformanceAspect","message":"⏱ Execution time: 2 ms"}{"timestamp":"2026-06-16 21:40:23","level":"INFO","logger":"com.example.BE.aspects.LoggingAndPerformanceAspect","message":"➡️ Entering method: CompanyMapper.transformCompanyToDto(..)"}{"timestamp":"2026-06-16 21:40:23","level":"INFO","logger":"com.example.BE.aspects.LoggingAndPerformanceAspect","message":"📥 Arguments: [com.example.BE.entity.Company@3e92fbb3]"}{"timestamp":"2026-06-16 21:40:23","level":"INFO","logger":"com.example.BE.aspects.LoggingAndPerformanceAspect","message":"✅ Method executed successfully: CompanyMapper.transformCompanyToDto(..)"}{"timestamp":"2026-06-16 21:40:23","level":"INFO","logger":"com.example.BE.aspects.LoggingAndPerformanceAspect","message":"⏱ Execution time: 0 ms"}{"timestamp":"2026-06-16 21:40:23","level":"INFO","logger":"com.example.BE.aspects.LoggingAndPerformanceAspect","message":"➡️ Entering method: CompanyMapper.transformCompanyToDto(..)"}{"timestamp":"2026-06-16 21:40:23","level":"INFO","logger":"com.example.BE.aspects.LoggingAndPerformanceAspect","message":"📥 Arguments: [com.example.BE.entity.Company@6505fa25]"}{"timestamp":"2026-06-16 21:40:23","level":"INFO","logger":"com.example.BE.aspects.LoggingAndPerformanceAspect","message":"✅ Method executed successfully: CompanyMapper.transformCompanyToDto(..)"}{"timestamp":"2026-06-16 21:40:23","level":"INFO","logger":"com.example.BE.aspects.LoggingAndPerformanceAspect","message":"⏱ Execution time: 0 ms"}{"timestamp":"2026-06-16 21:40:23","level":"INFO","logger":"com.example.BE.aspects.LoggingAndPerformanceAspect","message":"➡️ Entering method: CompanyMapper.transformCompanyToDto(..)"}{"timestamp":"2026-06-16 21:40:23","level":"INFO","logger":"com.example.BE.aspects.LoggingAndPerformanceAspect","message":"📥 Arguments: [com.example.BE.entity.Company@12e2d83c]"}{"timestamp":"2026-06-16 21:40:23","level":"INFO","logger":"com.example.BE.aspects.LoggingAndPerformanceAspect","message":"✅ Method executed successfully: CompanyMapper.transformCompanyToDto(..)"}{"timestamp":"2026-06-16 21:40:23","level":"INFO","logger":"com.example.BE.aspects.LoggingAndPerformanceAspect","message":"⏱ Execution time: 1 ms"}{"timestamp":"2026-06-16 21:40:23","level":"INFO","logger":"com.example.BE.aspects.LoggingAndPerformanceAspect","message":"✅ Method executed successfully: ICompanyServiceImpl.getAllCompanies()"}{"timestamp":"2026-06-16 21:40:23","level":"INFO","logger":"com.example.BE.aspects.LoggingAndPerformanceAspect","message":"⏱ Execution time: 1352 ms"}{"timestamp":"2026-06-16 21:40:23","level":"INFO","logger":"com.example.BE.aspects.LoggingAndPerformanceAspect","message":"✅ Method executed successfully: CompanyController.getAllCompanies()"}{"timestamp":"2026-06-16 21:40:23","level":"INFO","logger":"com.example.BE.aspects.LoggingAndPerformanceAspect","message":"⏱ Execution time: 1404 ms"}{"timestamp":"2026-06-16 21:40:23","level":"INFO","logger":"com.example.BE.aspects.LoggingAndPerformanceAspect","message":"➡️ Entering method: GlobalExceptionHandler.handleException(..)"}{"timestamp":"2026-06-16 21:40:23","level":"INFO","logger":"com.example.BE.aspects.LoggingAndPerformanceAspect","message":"📥 Arguments: [org.springframework.web.context.request.async.AsyncRequestNotUsableException: ServletOutputStream failed to write: java.io.IOException: An established connection was aborted by the software in your host machine, ServletWebRequest: uri=/api/v1/companies/public;client=0:0:0:0:0:0:0:1]"}{"timestamp":"2026-06-16 21:40:23","level":"INFO","logger":"com.example.BE.aspects.LoggingAndPerformanceAspect","message":"✅ Method executed successfully: GlobalExceptionHandler.handleException(..)"}{"timestamp":"2026-06-16 21:40:23","level":"INFO","logger":"com.example.BE.aspects.LoggingAndPerformanceAspect","message":"⏱ Execution time: 5 ms"}{"timestamp":"2026-06-16 21:40:23","level":"WARN","logger":"org.springframework.web.servlet.mvc.method.annotation.ExceptionHandlerExceptionResolver","message":"Resolved [org.springframework.web.context.request.async.AsyncRequestNotUsableException: ServletOutputStream failed to write: java.io.IOException: An established connection was aborted by the software in your host machine]"}{"timestamp":"2026-06-16 21:40:31","level":"INFO","logger":"com.example.BE.aspects.LoggingAndPerformanceAspect","message":"➡️ Entering method: CompanyController.getAllCompanies()"}{"timestamp":"2026-06-16 21:40:31","level":"INFO","logger":"com.example.BE.aspects.LoggingAndPerformanceAspect","message":"📥 Arguments: []"}{"timestamp":"2026-06-16 21:40:31","level":"INFO","logger":"com.example.BE.aspects.LoggingAndPerformanceAspect","message":"➡️ Entering method: ICompanyServiceImpl.getAllCompanies()"}{"timestamp":"2026-06-16 21:40:31","level":"INFO","logger":"com.example.BE.aspects.LoggingAndPerformanceAspect","message":"📥 Arguments: []"}{"timestamp":"2026-06-16 21:40:31","level":"INFO","logger":"com.example.BE.aspects.LoggingAndPerformanceAspect","message":"➡️ Entering method: CompanyRepository.findAllWithJobsByStatus(..)"}{"timestamp":"2026-06-16 21:40:31","level":"INFO","logger":"com.example.BE.aspects.LoggingAndPerformanceAspect","message":"📥 Arguments: [ACTIVE]"}{"timestamp":"2026-06-16 21:40:32","level":"INFO","logger":"com.example.BE.aspects.LoggingAndPerformanceAspect","message":"✅ Method executed successfully: CompanyRepository.findAllWithJobsByStatus(..)"}{"timestamp":"2026-06-16 21:40:32","level":"INFO","logger":"com.example.BE.aspects.LoggingAndPerformanceAspect","message":"⏱ Execution time: 163 ms"}{"timestamp":"2026-06-16 21:40:32","level":"INFO","logger":"com.example.BE.aspects.LoggingAndPerformanceAspect","message":"➡️ Entering method: CompanyMapper.transformCompanyToDto(..)"}{"timestamp":"2026-06-16 21:40:32","level":"INFO","logger":"com.example.BE.aspects.LoggingAndPerformanceAspect","message":"📥 Arguments: [com.example.BE.entity.Company@c570f68]"}{"timestamp":"2026-06-16 21:40:32","level":"INFO","logger":"com.example.BE.aspects.LoggingAndPerformanceAspect","message":"✅ Method executed successfully: CompanyMapper.transformCompanyToDto(..)"}{"timestamp":"2026-06-16 21:40:32","level":"INFO","logger":"com.example.BE.aspects.LoggingAndPerformanceAspect","message":"⏱ Execution time: 1 ms"}{"timestamp":"2026-06-16 21:40:32","level":"INFO","logger":"com.example.BE.aspects.LoggingAndPerformanceAspect","message":"➡️ Entering method: CompanyMapper.transformCompanyToDto(..)"}{"timestamp":"2026-06-16 21:40:32","level":"INFO","logger":"com.example.BE.aspects.LoggingAndPerformanceAspect","message":"📥 Arguments: [com.example.BE.entity.Company@1a2c76c5]"}{"timestamp":"2026-06-16 21:40:32","level":"INFO","logger":"com.example.BE.aspects.LoggingAndPerformanceAspect","message":"✅ Method executed successfully: CompanyMapper.transformCompanyToDto(..)"}{"timestamp":"2026-06-16 21:40:32","level":"INFO","logger":"com.example.BE.aspects.LoggingAndPerformanceAspect","message":"⏱ Execution time: 1 ms"}{"timestamp":"2026-06-16 21:40:32","level":"INFO","logger":"com.example.BE.aspects.LoggingAndPerformanceAspect","message":"➡️ Entering method: CompanyMapper.transformCompanyToDto(..)"}{"timestamp":"2026-06-16 21:40:32","level":"INFO","logger":"com.example.BE.aspects.LoggingAndPerformanceAspect","message":"📥 Arguments: [com.example.BE.entity.Company@5eeb91c5]"}{"timestamp":"2026-06-16 21:40:32","level":"INFO","logger":"com.example.BE.aspects.LoggingAndPerformanceAspect","message":"✅ Method executed successfully: CompanyMapper.transformCompanyToDto(..)"}{"timestamp":"2026-06-16 21:40:32","level":"INFO","logger":"com.example.BE.aspects.LoggingAndPerformanceAspect","message":"⏱ Execution time: 0 ms"}{"timestamp":"2026-06-16 21:40:32","level":"INFO","logger":"com.example.BE.aspects.LoggingAndPerformanceAspect","message":"➡️ Entering method: CompanyMapper.transformCompanyToDto(..)"}{"timestamp":"2026-06-16 21:40:32","level":"INFO","logger":"com.example.BE.aspects.LoggingAndPerformanceAspect","message":"📥 Arguments: [com.example.BE.entity.Company@7bf98793]"}{"timestamp":"2026-06-16 21:40:32","level":"INFO","logger":"com.example.BE.aspects.LoggingAndPerformanceAspect","message":"✅ Method executed successfully: CompanyMapper.transformCompanyToDto(..)"}{"timestamp":"2026-06-16 21:40:32","level":"INFO","logger":"com.example.BE.aspects.LoggingAndPerformanceAspect","message":"⏱ Execution time: 1 ms"}{"timestamp":"2026-06-16 21:40:32","level":"INFO","logger":"com.example.BE.aspects.LoggingAndPerformanceAspect","message":"➡️ Entering method: CompanyMapper.transformCompanyToDto(..)"}{"timestamp":"2026-06-16 21:40:32","level":"INFO","logger":"com.example.BE.aspects.LoggingAndPerformanceAspect","message":"📥 Arguments: [com.example.BE.entity.Company@47cf83bf]"}{"timestamp":"2026-06-16 21:40:32","level":"INFO","logger":"com.example.BE.aspects.LoggingAndPerformanceAspect","message":"✅ Method executed successfully: CompanyMapper.transformCompanyToDto(..)"}{"timestamp":"2026-06-16 21:40:32","level":"INFO","logger":"com.example.BE.aspects.LoggingAndPerformanceAspect","message":"⏱ Execution time: 1 ms"}{"timestamp":"2026-06-16 21:40:32","level":"INFO","logger":"com.example.BE.aspects.LoggingAndPerformanceAspect","message":"➡️ Entering method: CompanyMapper.transformCompanyToDto(..)"}{"timestamp":"2026-06-16 21:40:32","level":"INFO","logger":"com.example.BE.aspects.LoggingAndPerformanceAspect","message":"📥 Arguments: [com.example.BE.entity.Company@53cb2cf9]"}{"timestamp":"2026-06-16 21:40:32","level":"INFO","logger":"com.example.BE.aspects.LoggingAndPerformanceAspect","message":"✅ Method executed successfully: CompanyMapper.transformCompanyToDto(..)"}{"timestamp":"2026-06-16 21:40:32","level":"INFO","logger":"com.example.BE.aspects.LoggingAndPerformanceAspect","message":"⏱ Execution time: 0 ms"}{"timestamp":"2026-06-16 21:40:32","level":"INFO","logger":"com.example.BE.aspects.LoggingAndPerformanceAspect","message":"➡️ Entering method: CompanyMapper.transformCompanyToDto(..)"}{"timestamp":"2026-06-16 21:40:32","level":"INFO","logger":"com.example.BE.aspects.LoggingAndPerformanceAspect","message":"📥 Arguments: [com.example.BE.entity.Company@692c1f4]"}{"timestamp":"2026-06-16 21:40:32","level":"INFO","logger":"com.example.BE.aspects.LoggingAndPerformanceAspect","message":"✅ Method executed successfully: CompanyMapper.transformCompanyToDto(..)"}{"timestamp":"2026-06-16 21:40:32","level":"INFO","logger":"com.example.BE.aspects.LoggingAndPerformanceAspect","message":"⏱ Execution time: 0 ms"}{"timestamp":"2026-06-16 21:40:32","level":"INFO","logger":"com.example.BE.aspects.LoggingAndPerformanceAspect","message":"➡️ Entering method: CompanyMapper.transformCompanyToDto(..)"}{"timestamp":"2026-06-16 21:40:32","level":"INFO","logger":"com.example.BE.aspects.LoggingAndPerformanceAspect","message":"📥 Arguments: [com.example.BE.entity.Company@289b05ed]"}{"timestamp":"2026-06-16 21:40:32","level":"INFO","logger":"com.example.BE.aspects.LoggingAndPerformanceAspect","message":"✅ Method executed successfully: CompanyMapper.transformCompanyToDto(..)"}{"timestamp":"2026-06-16 21:40:32","level":"INFO","logger":"com.example.BE.aspects.LoggingAndPerformanceAspect","message":"⏱ Execution time: 2 ms"}{"timestamp":"2026-06-16 21:40:32","level":"INFO","logger":"com.example.BE.aspects.LoggingAndPerformanceAspect","message":"➡️ Entering method: CompanyMapper.transformCompanyToDto(..)"}{"timestamp":"2026-06-16 21:40:32","level":"INFO","logger":"com.example.BE.aspects.LoggingAndPerformanceAspect","message":"📥 Arguments: [com.example.BE.entity.Company@6510f21e]"}{"timestamp":"2026-06-16 21:40:32","level":"INFO","logger":"com.example.BE.aspects.LoggingAndPerformanceAspect","message":"✅ Method executed successfully: CompanyMapper.transformCompanyToDto(..)"}{"timestamp":"2026-06-16 21:40:32","level":"INFO","logger":"com.example.BE.aspects.LoggingAndPerformanceAspect","message":"⏱ Execution time: 0 ms"}{"timestamp":"2026-06-16 21:40:32","level":"INFO","logger":"com.example.BE.aspects.LoggingAndPerformanceAspect","message":"➡️ Entering method: CompanyMapper.transformCompanyToDto(..)"}{"timestamp":"2026-06-16 21:40:32","level":"INFO","logger":"com.example.BE.aspects.LoggingAndPerformanceAspect","message":"📥 Arguments: [com.example.BE.entity.Company@5ccf45d0]"}{"timestamp":"2026-06-16 21:40:32","level":"INFO","logger":"com.example.BE.aspects.LoggingAndPerformanceAspect","message":"✅ Method executed successfully: CompanyMapper.transformCompanyToDto(..)"}{"timestamp":"2026-06-16 21:40:32","level":"INFO","logger":"com.example.BE.aspects.LoggingAndPerformanceAspect","message":"⏱ Execution time: 1 ms"}{"timestamp":"2026-06-16 21:40:32","level":"INFO","logger":"com.example.BE.aspects.LoggingAndPerformanceAspect","message":"➡️ Entering method: CompanyMapper.transformCompanyToDto(..)"}{"timestamp":"2026-06-16 21:40:32","level":"INFO","logger":"com.example.BE.aspects.LoggingAndPerformanceAspect","message":"📥 Arguments: [com.example.BE.entity.Company@44a9b42e]"}{"timestamp":"2026-06-16 21:40:32","level":"INFO","logger":"com.example.BE.aspects.LoggingAndPerformanceAspect","message":"✅ Method executed successfully: CompanyMapper.transformCompanyToDto(..)"}{"timestamp":"2026-06-16 21:40:32","level":"INFO","logger":"com.example.BE.aspects.LoggingAndPerformanceAspect","message":"⏱ Execution time: 1 ms"}{"timestamp":"2026-06-16 21:40:32","level":"INFO","logger":"com.example.BE.aspects.LoggingAndPerformanceAspect","message":"➡️ Entering method: CompanyMapper.transformCompanyToDto(..)"}{"timestamp":"2026-06-16 21:40:32","level":"INFO","logger":"com.example.BE.aspects.LoggingAndPerformanceAspect","message":"📥 Arguments: [com.example.BE.entity.Company@5c866ac]"}{"timestamp":"2026-06-16 21:40:32","level":"INFO","logger":"com.example.BE.aspects.LoggingAndPerformanceAspect","message":"✅ Method executed successfully: CompanyMapper.transformCompanyToDto(..)"}{"timestamp":"2026-06-16 21:40:32","level":"INFO","logger":"com.example.BE.aspects.LoggingAndPerformanceAspect","message":"⏱ Execution time: 2 ms"}{"timestamp":"2026-06-16 21:40:32","level":"INFO","logger":"com.example.BE.aspects.LoggingAndPerformanceAspect","message":"➡️ Entering method: CompanyMapper.transformCompanyToDto(..)"}{"timestamp":"2026-06-16 21:40:32","level":"INFO","logger":"com.example.BE.aspects.LoggingAndPerformanceAspect","message":"📥 Arguments: [com.example.BE.entity.Company@5093fa53]"}{"timestamp":"2026-06-16 21:40:32","level":"INFO","logger":"com.example.BE.aspects.LoggingAndPerformanceAspect","message":"✅ Method executed successfully: CompanyMapper.transformCompanyToDto(..)"}{"timestamp":"2026-06-16 21:40:32","level":"INFO","logger":"com.example.BE.aspects.LoggingAndPerformanceAspect","message":"⏱ Execution time: 0 ms"}{"timestamp":"2026-06-16 21:40:32","level":"INFO","logger":"com.example.BE.aspects.LoggingAndPerformanceAspect","message":"➡️ Entering method: CompanyMapper.transformCompanyToDto(..)"}{"timestamp":"2026-06-16 21:40:32","level":"INFO","logger":"com.example.BE.aspects.LoggingAndPerformanceAspect","message":"📥 Arguments: [com.example.BE.entity.Company@244f0aea]"}{"timestamp":"2026-06-16 21:40:32","level":"INFO","logger":"com.example.BE.aspects.LoggingAndPerformanceAspect","message":"✅ Method executed successfully: CompanyMapper.transformCompanyToDto(..)"}{"timestamp":"2026-06-16 21:40:32","level":"INFO","logger":"com.example.BE.aspects.LoggingAndPerformanceAspect","message":"⏱ Execution time: 1 ms"}{"timestamp":"2026-06-16 21:40:32","level":"INFO","logger":"com.example.BE.aspects.LoggingAndPerformanceAspect","message":"➡️ Entering method: CompanyMapper.transformCompanyToDto(..)"}{"timestamp":"2026-06-16 21:40:32","level":"INFO","logger":"com.example.BE.aspects.LoggingAndPerformanceAspect","message":"📥 Arguments: [com.example.BE.entity.Company@59845c35]"}{"timestamp":"2026-06-16 21:40:32","level":"INFO","logger":"com.example.BE.aspects.LoggingAndPerformanceAspect","message":"✅ Method executed successfully: CompanyMapper.transformCompanyToDto(..)"}{"timestamp":"2026-06-16 21:40:32","level":"INFO","logger":"com.example.BE.aspects.LoggingAndPerformanceAspect","message":"⏱ Execution time: 1 ms"}{"timestamp":"2026-06-16 21:40:32","level":"INFO","logger":"com.example.BE.aspects.LoggingAndPerformanceAspect","message":"➡️ Entering method: CompanyMapper.transformCompanyToDto(..)"}{"timestamp":"2026-06-16 21:40:32","level":"INFO","logger":"com.example.BE.aspects.LoggingAndPerformanceAspect","message":"📥 Arguments: [com.example.BE.entity.Company@2694fecb]"}{"timestamp":"2026-06-16 21:40:32","level":"INFO","logger":"com.example.BE.aspects.LoggingAndPerformanceAspect","message":"✅ Method executed successfully: CompanyMapper.transformCompanyToDto(..)"}{"timestamp":"2026-06-16 21:40:32","level":"INFO","logger":"com.example.BE.aspects.LoggingAndPerformanceAspect","message":"⏱ Execution time: 1 ms"}{"timestamp":"2026-06-16 21:40:32","level":"INFO","logger":"com.example.BE.aspects.LoggingAndPerformanceAspect","message":"➡️ Entering method: CompanyMapper.transformCompanyToDto(..)"}{"timestamp":"2026-06-16 21:40:32","level":"INFO","logger":"com.example.BE.aspects.LoggingAndPerformanceAspect","message":"📥 Arguments: [com.example.BE.entity.Company@1023c073]"}{"timestamp":"2026-06-16 21:40:32","level":"INFO","logger":"com.example.BE.aspects.LoggingAndPerformanceAspect","message":"✅ Method executed successfully: CompanyMapper.transformCompanyToDto(..)"}{"timestamp":"2026-06-16 21:40:32","level":"INFO","logger":"com.example.BE.aspects.LoggingAndPerformanceAspect","message":"⏱ Execution time: 1 ms"}{"timestamp":"2026-06-16 21:40:32","level":"INFO","logger":"com.example.BE.aspects.LoggingAndPerformanceAspect","message":"➡️ Entering method: CompanyMapper.transformCompanyToDto(..)"}{"timestamp":"2026-06-16 21:40:32","level":"INFO","logger":"com.example.BE.aspects.LoggingAndPerformanceAspect","message":"📥 Arguments: [com.example.BE.entity.Company@3ab275c9]"}{"timestamp":"2026-06-16 21:40:32","level":"INFO","logger":"com.example.BE.aspects.LoggingAndPerformanceAspect","message":"✅ Method executed successfully: CompanyMapper.transformCompanyToDto(..)"}{"timestamp":"2026-06-16 21:40:32","level":"INFO","logger":"com.example.BE.aspects.LoggingAndPerformanceAspect","message":"⏱ Execution time: 0 ms"}{"timestamp":"2026-06-16 21:40:32","level":"INFO","logger":"com.example.BE.aspects.LoggingAndPerformanceAspect","message":"➡️ Entering method: CompanyMapper.transformCompanyToDto(..)"}{"timestamp":"2026-06-16 21:40:32","level":"INFO","logger":"com.example.BE.aspects.LoggingAndPerformanceAspect","message":"📥 Arguments: [com.example.BE.entity.Company@670b3a38]"}{"timestamp":"2026-06-16 21:40:32","level":"INFO","logger":"com.example.BE.aspects.LoggingAndPerformanceAspect","message":"✅ Method executed successfully: CompanyMapper.transformCompanyToDto(..)"}{"timestamp":"2026-06-16 21:40:32","level":"INFO","logger":"com.example.BE.aspects.LoggingAndPerformanceAspect","message":"⏱ Execution time: 1 ms"}{"timestamp":"2026-06-16 21:40:32","level":"INFO","logger":"com.example.BE.aspects.LoggingAndPerformanceAspect","message":"➡️ Entering method: CompanyMapper.transformCompanyToDto(..)"}{"timestamp":"2026-06-16 21:40:32","level":"INFO","logger":"com.example.BE.aspects.LoggingAndPerformanceAspect","message":"📥 Arguments: [com.example.BE.entity.Company@1228a5d2]"}{"timestamp":"2026-06-16 21:40:32","level":"INFO","logger":"com.example.BE.aspects.LoggingAndPerformanceAspect","message":"✅ Method executed successfully: CompanyMapper.transformCompanyToDto(..)"}{"timestamp":"2026-06-16 21:40:32","level":"INFO","logger":"com.example.BE.aspects.LoggingAndPerformanceAspect","message":"⏱ Execution time: 1 ms"}{"timestamp":"2026-06-16 21:40:32","level":"INFO","logger":"com.example.BE.aspects.LoggingAndPerformanceAspect","message":"➡️ Entering method: CompanyMapper.transformCompanyToDto(..)"}{"timestamp":"2026-06-16 21:40:32","level":"INFO","logger":"com.example.BE.aspects.LoggingAndPerformanceAspect","message":"📥 Arguments: [com.example.BE.entity.Company@52d33eb0]"}{"timestamp":"2026-06-16 21:40:32","level":"INFO","logger":"com.example.BE.aspects.LoggingAndPerformanceAspect","message":"✅ Method executed successfully: CompanyMapper.transformCompanyToDto(..)"}{"timestamp":"2026-06-16 21:40:32","level":"INFO","logger":"com.example.BE.aspects.LoggingAndPerformanceAspect","message":"⏱ Execution time: 1 ms"}{"timestamp":"2026-06-16 21:40:32","level":"INFO","logger":"com.example.BE.aspects.LoggingAndPerformanceAspect","message":"➡️ Entering method: CompanyMapper.transformCompanyToDto(..)"}{"timestamp":"2026-06-16 21:40:32","level":"INFO","logger":"com.example.BE.aspects.LoggingAndPerformanceAspect","message":"📥 Arguments: [com.example.BE.entity.Company@23b4c396]"}{"timestamp":"2026-06-16 21:40:32","level":"INFO","logger":"com.example.BE.aspects.LoggingAndPerformanceAspect","message":"✅ Method executed successfully: CompanyMapper.transformCompanyToDto(..)"}{"timestamp":"2026-06-16 21:40:32","level":"INFO","logger":"com.example.BE.aspects.LoggingAndPerformanceAspect","message":"⏱ Execution time: 1 ms"}{"timestamp":"2026-06-16 21:40:32","level":"INFO","logger":"com.example.BE.aspects.LoggingAndPerformanceAspect","message":"➡️ Entering method: CompanyMapper.transformCompanyToDto(..)"}{"timestamp":"2026-06-16 21:40:32","level":"INFO","logger":"com.example.BE.aspects.LoggingAndPerformanceAspect","message":"📥 Arguments: [com.example.BE.entity.Company@7eb7de54]"}{"timestamp":"2026-06-16 21:40:32","level":"INFO","logger":"com.example.BE.aspects.LoggingAndPerformanceAspect","message":"✅ Method executed successfully: CompanyMapper.transformCompanyToDto(..)"}{"timestamp":"2026-06-16 21:40:32","level":"INFO","logger":"com.example.BE.aspects.LoggingAndPerformanceAspect","message":"⏱ Execution time: 0 ms"}{"timestamp":"2026-06-16 21:40:32","level":"INFO","logger":"com.example.BE.aspects.LoggingAndPerformanceAspect","message":"➡️ Entering method: CompanyMapper.transformCompanyToDto(..)"}{"timestamp":"2026-06-16 21:40:32","level":"INFO","logger":"com.example.BE.aspects.LoggingAndPerformanceAspect","message":"📥 Arguments: [com.example.BE.entity.Company@6020df28]"}{"timestamp":"2026-06-16 21:40:32","level":"INFO","logger":"com.example.BE.aspects.LoggingAndPerformanceAspect","message":"✅ Method executed successfully: CompanyMapper.transformCompanyToDto(..)"}{"timestamp":"2026-06-16 21:40:32","level":"INFO","logger":"com.example.BE.aspects.LoggingAndPerformanceAspect","message":"⏱ Execution time: 1 ms"}{"timestamp":"2026-06-16 21:40:32","level":"INFO","logger":"com.example.BE.aspects.LoggingAndPerformanceAspect","message":"➡️ Entering method: CompanyMapper.transformCompanyToDto(..)"}{"timestamp":"2026-06-16 21:40:32","level":"INFO","logger":"com.example.BE.aspects.LoggingAndPerformanceAspect","message":"📥 Arguments: [com.example.BE.entity.Company@45677c00]"}{"timestamp":"2026-06-16 21:40:32","level":"INFO","logger":"com.example.BE.aspects.LoggingAndPerformanceAspect","message":"✅ Method executed successfully: CompanyMapper.transformCompanyToDto(..)"}{"timestamp":"2026-06-16 21:40:32","level":"INFO","logger":"com.example.BE.aspects.LoggingAndPerformanceAspect","message":"⏱ Execution time: 1 ms"}{"timestamp":"2026-06-16 21:40:32","level":"INFO","logger":"com.example.BE.aspects.LoggingAndPerformanceAspect","message":"➡️ Entering method: CompanyMapper.transformCompanyToDto(..)"}{"timestamp":"2026-06-16 21:40:32","level":"INFO","logger":"com.example.BE.aspects.LoggingAndPerformanceAspect","message":"📥 Arguments: [com.example.BE.entity.Company@3f4a6def]"}{"timestamp":"2026-06-16 21:40:32","level":"INFO","logger":"com.example.BE.aspects.LoggingAndPerformanceAspect","message":"✅ Method executed successfully: CompanyMapper.transformCompanyToDto(..)"}{"timestamp":"2026-06-16 21:40:32","level":"INFO","logger":"com.example.BE.aspects.LoggingAndPerformanceAspect","message":"⏱ Execution time: 1 ms"}{"timestamp":"2026-06-16 21:40:32","level":"INFO","logger":"com.example.BE.aspects.LoggingAndPerformanceAspect","message":"➡️ Entering method: CompanyMapper.transformCompanyToDto(..)"}{"timestamp":"2026-06-16 21:40:32","level":"INFO","logger":"com.example.BE.aspects.LoggingAndPerformanceAspect","message":"📥 Arguments: [com.example.BE.entity.Company@76f1ce0c]"}{"timestamp":"2026-06-16 21:40:32","level":"INFO","logger":"com.example.BE.aspects.LoggingAndPerformanceAspect","message":"✅ Method executed successfully: CompanyMapper.transformCompanyToDto(..)"}{"timestamp":"2026-06-16 21:40:32","level":"INFO","logger":"com.example.BE.aspects.LoggingAndPerformanceAspect","message":"⏱ Execution time: 1 ms"}{"timestamp":"2026-06-16 21:40:32","level":"INFO","logger":"com.example.BE.aspects.LoggingAndPerformanceAspect","message":"➡️ Entering method: CompanyMapper.transformCompanyToDto(..)"}{"timestamp":"2026-06-16 21:40:32","level":"INFO","logger":"com.example.BE.aspects.LoggingAndPerformanceAspect","message":"📥 Arguments: [com.example.BE.entity.Company@52f329f2]"}{"timestamp":"2026-06-16 21:40:32","level":"INFO","logger":"com.example.BE.aspects.LoggingAndPerformanceAspect","message":"✅ Method executed successfully: CompanyMapper.transformCompanyToDto(..)"}{"timestamp":"2026-06-16 21:40:32","level":"INFO","logger":"com.example.BE.aspects.LoggingAndPerformanceAspect","message":"⏱ Execution time: 4 ms"}{"timestamp":"2026-06-16 21:40:32","level":"INFO","logger":"com.example.BE.aspects.LoggingAndPerformanceAspect","message":"➡️ Entering method: CompanyMapper.transformCompanyToDto(..)"}{"timestamp":"2026-06-16 21:40:32","level":"INFO","logger":"com.example.BE.aspects.LoggingAndPerformanceAspect","message":"📥 Arguments: [com.example.BE.entity.Company@598e78a]"}{"timestamp":"2026-06-16 21:40:32","level":"INFO","logger":"com.example.BE.aspects.LoggingAndPerformanceAspect","message":"✅ Method executed successfully: CompanyMapper.transformCompanyToDto(..)"}{"timestamp":"2026-06-16 21:40:32","level":"INFO","logger":"com.example.BE.aspects.LoggingAndPerformanceAspect","message":"⏱ Execution time: 2 ms"}{"timestamp":"2026-06-16 21:40:32","level":"INFO","logger":"com.example.BE.aspects.LoggingAndPerformanceAspect","message":"➡️ Entering method: CompanyMapper.transformCompanyToDto(..)"}{"timestamp":"2026-06-16 21:40:32","level":"INFO","logger":"com.example.BE.aspects.LoggingAndPerformanceAspect","message":"📥 Arguments: [com.example.BE.entity.Company@29e5153c]"}{"timestamp":"2026-06-16 21:40:32","level":"INFO","logger":"com.example.BE.aspects.LoggingAndPerformanceAspect","message":"✅ Method executed successfully: CompanyMapper.transformCompanyToDto(..)"}{"timestamp":"2026-06-16 21:40:32","level":"INFO","logger":"com.example.BE.aspects.LoggingAndPerformanceAspect","message":"⏱ Execution time: 3 ms"}{"timestamp":"2026-06-16 21:40:32","level":"INFO","logger":"com.example.BE.aspects.LoggingAndPerformanceAspect","message":"✅ Method executed successfully: ICompanyServiceImpl.getAllCompanies()"}{"timestamp":"2026-06-16 21:40:32","level":"INFO","logger":"com.example.BE.aspects.LoggingAndPerformanceAspect","message":"⏱ Execution time: 217 ms"}{"timestamp":"2026-06-16 21:40:32","level":"INFO","logger":"com.example.BE.aspects.LoggingAndPerformanceAspect","message":"✅ Method executed successfully: CompanyController.getAllCompanies()"}{"timestamp":"2026-06-16 21:40:32","level":"INFO","logger":"com.example.BE.aspects.LoggingAndPerformanceAspect","message":"⏱ Execution time: 237 ms"}{"timestamp":"2026-06-16 21:40:32","level":"INFO","logger":"com.example.BE.aspects.LoggingAndPerformanceAspect","message":"➡️ Entering method: CompanyController.getAllCompanies()"}{"timestamp":"2026-06-16 21:40:32","level":"INFO","logger":"com.example.BE.aspects.LoggingAndPerformanceAspect","message":"📥 Arguments: []"}{"timestamp":"2026-06-16 21:40:32","level":"INFO","logger":"com.example.BE.aspects.LoggingAndPerformanceAspect","message":"➡️ Entering method: ICompanyServiceImpl.getAllCompanies()"}{"timestamp":"2026-06-16 21:40:32","level":"INFO","logger":"com.example.BE.aspects.LoggingAndPerformanceAspect","message":"📥 Arguments: []"}{"timestamp":"2026-06-16 21:40:32","level":"INFO","logger":"com.example.BE.aspects.LoggingAndPerformanceAspect","message":"➡️ Entering method: CompanyRepository.findAllWithJobsByStatus(..)"}{"timestamp":"2026-06-16 21:40:32","level":"INFO","logger":"com.example.BE.aspects.LoggingAndPerformanceAspect","message":"📥 Arguments: [ACTIVE]"}{"timestamp":"2026-06-16 21:40:32","level":"INFO","logger":"com.example.BE.aspects.LoggingAndPerformanceAspect","message":"✅ Method executed successfully: CompanyRepository.findAllWithJobsByStatus(..)"}{"timestamp":"2026-06-16 21:40:32","level":"INFO","logger":"com.example.BE.aspects.LoggingAndPerformanceAspect","message":"⏱ Execution time: 401 ms"}{"timestamp":"2026-06-16 21:40:32","level":"INFO","logger":"com.example.BE.aspects.LoggingAndPerformanceAspect","message":"➡️ Entering method: CompanyMapper.transformCompanyToDto(..)"}{"timestamp":"2026-06-16 21:40:32","level":"INFO","logger":"com.example.BE.aspects.LoggingAndPerformanceAspect","message":"📥 Arguments: [com.example.BE.entity.Company@3ff830]"}{"timestamp":"2026-06-16 21:40:32","level":"INFO","logger":"com.example.BE.aspects.LoggingAndPerformanceAspect","message":"✅ Method executed successfully: CompanyMapper.transformCompanyToDto(..)"}{"timestamp":"2026-06-16 21:40:32","level":"INFO","logger":"com.example.BE.aspects.LoggingAndPerformanceAspect","message":"⏱ Execution time: 1 ms"}{"timestamp":"2026-06-16 21:40:32","level":"INFO","logger":"com.example.BE.aspects.LoggingAndPerformanceAspect","message":"➡️ Entering method: CompanyMapper.transformCompanyToDto(..)"}{"timestamp":"2026-06-16 21:40:32","level":"INFO","logger":"com.example.BE.aspects.LoggingAndPerformanceAspect","message":"📥 Arguments: [com.example.BE.entity.Company@5e3b09a1]"}{"timestamp":"2026-06-16 21:40:32","level":"INFO","logger":"com.example.BE.aspects.LoggingAndPerformanceAspect","message":"✅ Method executed successfully: CompanyMapper.transformCompanyToDto(..)"}{"timestamp":"2026-06-16 21:40:32","level":"INFO","logger":"com.example.BE.aspects.LoggingAndPerformanceAspect","message":"⏱ Execution time: 1 ms"}{"timestamp":"2026-06-16 21:40:32","level":"INFO","logger":"com.example.BE.aspects.LoggingAndPerformanceAspect","message":"➡️ Entering method: CompanyMapper.transformCompanyToDto(..)"}{"timestamp":"2026-06-16 21:40:32","level":"INFO","logger":"com.example.BE.aspects.LoggingAndPerformanceAspect","message":"📥 Arguments: [com.example.BE.entity.Company@39c4ea51]"}{"timestamp":"2026-06-16 21:40:32","level":"INFO","logger":"com.example.BE.aspects.LoggingAndPerformanceAspect","message":"✅ Method executed successfully: CompanyMapper.transformCompanyToDto(..)"}{"timestamp":"2026-06-16 21:40:32","level":"INFO","logger":"com.example.BE.aspects.LoggingAndPerformanceAspect","message":"⏱ Execution time: 3 ms"}{"timestamp":"2026-06-16 21:40:32","level":"INFO","logger":"com.example.BE.aspects.LoggingAndPerformanceAspect","message":"➡️ Entering method: CompanyMapper.transformCompanyToDto(..)"}{"timestamp":"2026-06-16 21:40:32","level":"INFO","logger":"com.example.BE.aspects.LoggingAndPerformanceAspect","message":"📥 Arguments: [com.example.BE.entity.Company@401357ec]"}{"timestamp":"2026-06-16 21:40:32","level":"INFO","logger":"com.example.BE.aspects.LoggingAndPerformanceAspect","message":"✅ Method executed successfully: CompanyMapper.transformCompanyToDto(..)"}{"timestamp":"2026-06-16 21:40:32","level":"INFO","logger":"com.example.BE.aspects.LoggingAndPerformanceAspect","message":"⏱ Execution time: 2 ms"}{"timestamp":"2026-06-16 21:40:32","level":"INFO","logger":"com.example.BE.aspects.LoggingAndPerformanceAspect","message":"➡️ Entering method: CompanyMapper.transformCompanyToDto(..)"}{"timestamp":"2026-06-16 21:40:32","level":"INFO","logger":"com.example.BE.aspects.LoggingAndPerformanceAspect","message":"📥 Arguments: [com.example.BE.entity.Company@42539f02]"}{"timestamp":"2026-06-16 21:40:32","level":"INFO","logger":"com.example.BE.aspects.LoggingAndPerformanceAspect","message":"✅ Method executed successfully: CompanyMapper.transformCompanyToDto(..)"}{"timestamp":"2026-06-16 21:40:32","level":"INFO","logger":"com.example.BE.aspects.LoggingAndPerformanceAspect","message":"⏱ Execution time: 1 ms"}{"timestamp":"2026-06-16 21:40:32","level":"INFO","logger":"com.example.BE.aspects.LoggingAndPerformanceAspect","message":"➡️ Entering method: CompanyMapper.transformCompanyToDto(..)"}{"timestamp":"2026-06-16 21:40:32","level":"INFO","logger":"com.example.BE.aspects.LoggingAndPerformanceAspect","message":"📥 Arguments: [com.example.BE.entity.Company@6be82caa]"}{"timestamp":"2026-06-16 21:40:32","level":"INFO","logger":"com.example.BE.aspects.LoggingAndPerformanceAspect","message":"✅ Method executed successfully: CompanyMapper.transformCompanyToDto(..)"}{"timestamp":"2026-06-16 21:40:32","level":"INFO","logger":"com.example.BE.aspects.LoggingAndPerformanceAspect","message":"⏱ Execution time: 0 ms"}{"timestamp":"2026-06-16 21:40:32","level":"INFO","logger":"com.example.BE.aspects.LoggingAndPerformanceAspect","message":"➡️ Entering method: CompanyMapper.transformCompanyToDto(..)"}{"timestamp":"2026-06-16 21:40:32","level":"INFO","logger":"com.example.BE.aspects.LoggingAndPerformanceAspect","message":"📥 Arguments: [com.example.BE.entity.Company@3041b485]"}{"timestamp":"2026-06-16 21:40:32","level":"INFO","logger":"com.example.BE.aspects.LoggingAndPerformanceAspect","message":"✅ Method executed successfully: CompanyMapper.transformCompanyToDto(..)"}{"timestamp":"2026-06-16 21:40:32","level":"INFO","logger":"com.example.BE.aspects.LoggingAndPerformanceAspect","message":"⏱ Execution time: 0 ms"}{"timestamp":"2026-06-16 21:40:32","level":"INFO","logger":"com.example.BE.aspects.LoggingAndPerformanceAspect","message":"➡️ Entering method: CompanyMapper.transformCompanyToDto(..)"}{"timestamp":"2026-06-16 21:40:32","level":"INFO","logger":"com.example.BE.aspects.LoggingAndPerformanceAspect","message":"📥 Arguments: [com.example.BE.entity.Company@57ae9fc4]"}{"timestamp":"2026-06-16 21:40:32","level":"INFO","logger":"com.example.BE.aspects.LoggingAndPerformanceAspect","message":"✅ Method executed successfully: CompanyMapper.transformCompanyToDto(..)"}{"timestamp":"2026-06-16 21:40:32","level":"INFO","logger":"com.example.BE.aspects.LoggingAndPerformanceAspect","message":"⏱ Execution time: 1 ms"}{"timestamp":"2026-06-16 21:40:32","level":"INFO","logger":"com.example.BE.aspects.LoggingAndPerformanceAspect","message":"➡️ Entering method: CompanyMapper.transformCompanyToDto(..)"}{"timestamp":"2026-06-16 21:40:32","level":"INFO","logger":"com.example.BE.aspects.LoggingAndPerformanceAspect","message":"📥 Arguments: [com.example.BE.entity.Company@6a48ac94]"}{"timestamp":"2026-06-16 21:40:32","level":"INFO","logger":"com.example.BE.aspects.LoggingAndPerformanceAspect","message":"✅ Method executed successfully: CompanyMapper.transformCompanyToDto(..)"}{"timestamp":"2026-06-16 21:40:32","level":"INFO","logger":"com.example.BE.aspects.LoggingAndPerformanceAspect","message":"⏱ Execution time: 2 ms"}{"timestamp":"2026-06-16 21:40:32","level":"INFO","logger":"com.example.BE.aspects.LoggingAndPerformanceAspect","message":"➡️ Entering method: CompanyMapper.transformCompanyToDto(..)"}{"timestamp":"2026-06-16 21:40:32","level":"INFO","logger":"com.example.BE.aspects.LoggingAndPerformanceAspect","message":"📥 Arguments: [com.example.BE.entity.Company@245b2aae]"}{"timestamp":"2026-06-16 21:40:32","level":"INFO","logger":"com.example.BE.aspects.LoggingAndPerformanceAspect","message":"✅ Method executed successfully: CompanyMapper.transformCompanyToDto(..)"}{"timestamp":"2026-06-16 21:40:32","level":"INFO","logger":"com.example.BE.aspects.LoggingAndPerformanceAspect","message":"⏱ Execution time: 1 ms"}{"timestamp":"2026-06-16 21:40:32","level":"INFO","logger":"com.example.BE.aspects.LoggingAndPerformanceAspect","message":"➡️ Entering method: CompanyMapper.transformCompanyToDto(..)"}{"timestamp":"2026-06-16 21:40:32","level":"INFO","logger":"com.example.BE.aspects.LoggingAndPerformanceAspect","message":"📥 Arguments: [com.example.BE.entity.Company@2d033013]"}{"timestamp":"2026-06-16 21:40:32","level":"INFO","logger":"com.example.BE.aspects.LoggingAndPerformanceAspect","message":"✅ Method executed successfully: CompanyMapper.transformCompanyToDto(..)"}{"timestamp":"2026-06-16 21:40:32","level":"INFO","logger":"com.example.BE.aspects.LoggingAndPerformanceAspect","message":"⏱ Execution time: 0 ms"}{"timestamp":"2026-06-16 21:40:32","level":"INFO","logger":"com.example.BE.aspects.LoggingAndPerformanceAspect","message":"➡️ Entering method: CompanyMapper.transformCompanyToDto(..)"}{"timestamp":"2026-06-16 21:40:32","level":"INFO","logger":"com.example.BE.aspects.LoggingAndPerformanceAspect","message":"📥 Arguments: [com.example.BE.entity.Company@1ab52cda]"}{"timestamp":"2026-06-16 21:40:32","level":"INFO","logger":"com.example.BE.aspects.LoggingAndPerformanceAspect","message":"✅ Method executed successfully: CompanyMapper.transformCompanyToDto(..)"}{"timestamp":"2026-06-16 21:40:32","level":"INFO","logger":"com.example.BE.aspects.LoggingAndPerformanceAspect","message":"⏱ Execution time: 1 ms"}{"timestamp":"2026-06-16 21:40:32","level":"INFO","logger":"com.example.BE.aspects.LoggingAndPerformanceAspect","message":"➡️ Entering method: CompanyMapper.transformCompanyToDto(..)"}{"timestamp":"2026-06-16 21:40:32","level":"INFO","logger":"com.example.BE.aspects.LoggingAndPerformanceAspect","message":"📥 Arguments: [com.example.BE.entity.Company@4d62269f]"}{"timestamp":"2026-06-16 21:40:32","level":"INFO","logger":"com.example.BE.aspects.LoggingAndPerformanceAspect","message":"✅ Method executed successfully: CompanyMapper.transformCompanyToDto(..)"}{"timestamp":"2026-06-16 21:40:32","level":"INFO","logger":"com.example.BE.aspects.LoggingAndPerformanceAspect","message":"⏱ Execution time: 0 ms"}{"timestamp":"2026-06-16 21:40:32","level":"INFO","logger":"com.example.BE.aspects.LoggingAndPerformanceAspect","message":"➡️ Entering method: CompanyMapper.transformCompanyToDto(..)"}{"timestamp":"2026-06-16 21:40:32","level":"INFO","logger":"com.example.BE.aspects.LoggingAndPerformanceAspect","message":"📥 Arguments: [com.example.BE.entity.Company@2fabf543]"}{"timestamp":"2026-06-16 21:40:32","level":"INFO","logger":"com.example.BE.aspects.LoggingAndPerformanceAspect","message":"✅ Method executed successfully: CompanyMapper.transformCompanyToDto(..)"}{"timestamp":"2026-06-16 21:40:32","level":"INFO","logger":"com.example.BE.aspects.LoggingAndPerformanceAspect","message":"⏱ Execution time: 1 ms"}{"timestamp":"2026-06-16 21:40:32","level":"INFO","logger":"com.example.BE.aspects.LoggingAndPerformanceAspect","message":"➡️ Entering method: CompanyMapper.transformCompanyToDto(..)"}{"timestamp":"2026-06-16 21:40:32","level":"INFO","logger":"com.example.BE.aspects.LoggingAndPerformanceAspect","message":"📥 Arguments: [com.example.BE.entity.Company@22217604]"}{"timestamp":"2026-06-16 21:40:32","level":"INFO","logger":"com.example.BE.aspects.LoggingAndPerformanceAspect","message":"✅ Method executed successfully: CompanyMapper.transformCompanyToDto(..)"}{"timestamp":"2026-06-16 21:40:32","level":"INFO","logger":"com.example.BE.aspects.LoggingAndPerformanceAspect","message":"⏱ Execution time: 1 ms"}{"timestamp":"2026-06-16 21:40:32","level":"INFO","logger":"com.example.BE.aspects.LoggingAndPerformanceAspect","message":"➡️ Entering method: CompanyMapper.transformCompanyToDto(..)"}{"timestamp":"2026-06-16 21:40:32","level":"INFO","logger":"com.example.BE.aspects.LoggingAndPerformanceAspect","message":"📥 Arguments: [com.example.BE.entity.Company@14d1b5ca]"}{"timestamp":"2026-06-16 21:40:32","level":"INFO","logger":"com.example.BE.aspects.LoggingAndPerformanceAspect","message":"✅ Method executed successfully: CompanyMapper.transformCompanyToDto(..)"}{"timestamp":"2026-06-16 21:40:32","level":"INFO","logger":"com.example.BE.aspects.LoggingAndPerformanceAspect","message":"⏱ Execution time: 1 ms"}{"timestamp":"2026-06-16 21:40:32","level":"INFO","logger":"com.example.BE.aspects.LoggingAndPerformanceAspect","message":"➡️ Entering method: CompanyMapper.transformCompanyToDto(..)"}{"timestamp":"2026-06-16 21:40:32","level":"INFO","logger":"com.example.BE.aspects.LoggingAndPerformanceAspect","message":"📥 Arguments: [com.example.BE.entity.Company@48a4e6d6]"}{"timestamp":"2026-06-16 21:40:32","level":"INFO","logger":"com.example.BE.aspects.LoggingAndPerformanceAspect","message":"✅ Method executed successfully: CompanyMapper.transformCompanyToDto(..)"}{"timestamp":"2026-06-16 21:40:32","level":"INFO","logger":"com.example.BE.aspects.LoggingAndPerformanceAspect","message":"⏱ Execution time: 2 ms"}{"timestamp":"2026-06-16 21:40:32","level":"INFO","logger":"com.example.BE.aspects.LoggingAndPerformanceAspect","message":"➡️ Entering method: CompanyMapper.transformCompanyToDto(..)"}{"timestamp":"2026-06-16 21:40:32","level":"INFO","logger":"com.example.BE.aspects.LoggingAndPerformanceAspect","message":"📥 Arguments: [com.example.BE.entity.Company@3388eb7f]"}{"timestamp":"2026-06-16 21:40:32","level":"INFO","logger":"com.example.BE.aspects.LoggingAndPerformanceAspect","message":"✅ Method executed successfully: CompanyMapper.transformCompanyToDto(..)"}{"timestamp":"2026-06-16 21:40:32","level":"INFO","logger":"com.example.BE.aspects.LoggingAndPerformanceAspect","message":"⏱ Execution time: 1 ms"}{"timestamp":"2026-06-16 21:40:32","level":"INFO","logger":"com.example.BE.aspects.LoggingAndPerformanceAspect","message":"➡️ Entering method: CompanyMapper.transformCompanyToDto(..)"}{"timestamp":"2026-06-16 21:40:32","level":"INFO","logger":"com.example.BE.aspects.LoggingAndPerformanceAspect","message":"📥 Arguments: [com.example.BE.entity.Company@1fd62013]"}{"timestamp":"2026-06-16 21:40:32","level":"INFO","logger":"com.example.BE.aspects.LoggingAndPerformanceAspect","message":"✅ Method executed successfully: CompanyMapper.transformCompanyToDto(..)"}{"timestamp":"2026-06-16 21:40:32","level":"INFO","logger":"com.example.BE.aspects.LoggingAndPerformanceAspect","message":"⏱ Execution time: 0 ms"}{"timestamp":"2026-06-16 21:40:32","level":"INFO","logger":"com.example.BE.aspects.LoggingAndPerformanceAspect","message":"➡️ Entering method: CompanyMapper.transformCompanyToDto(..)"}{"timestamp":"2026-06-16 21:40:32","level":"INFO","logger":"com.example.BE.aspects.LoggingAndPerformanceAspect","message":"📥 Arguments: [com.example.BE.entity.Company@3112d3af]"}{"timestamp":"2026-06-16 21:40:32","level":"INFO","logger":"com.example.BE.aspects.LoggingAndPerformanceAspect","message":"✅ Method executed successfully: CompanyMapper.transformCompanyToDto(..)"}{"timestamp":"2026-06-16 21:40:32","level":"INFO","logger":"com.example.BE.aspects.LoggingAndPerformanceAspect","message":"⏱ Execution time: 1 ms"}{"timestamp":"2026-06-16 21:40:32","level":"INFO","logger":"com.example.BE.aspects.LoggingAndPerformanceAspect","message":"➡️ Entering method: CompanyMapper.transformCompanyToDto(..)"}{"timestamp":"2026-06-16 21:40:32","level":"INFO","logger":"com.example.BE.aspects.LoggingAndPerformanceAspect","message":"📥 Arguments: [com.example.BE.entity.Company@6cebe1fa]"}{"timestamp":"2026-06-16 21:40:32","level":"INFO","logger":"com.example.BE.aspects.LoggingAndPerformanceAspect","message":"✅ Method executed successfully: CompanyMapper.transformCompanyToDto(..)"}{"timestamp":"2026-06-16 21:40:32","level":"INFO","logger":"com.example.BE.aspects.LoggingAndPerformanceAspect","message":"⏱ Execution time: 0 ms"}{"timestamp":"2026-06-16 21:40:32","level":"INFO","logger":"com.example.BE.aspects.LoggingAndPerformanceAspect","message":"➡️ Entering method: CompanyMapper.transformCompanyToDto(..)"}{"timestamp":"2026-06-16 21:40:32","level":"INFO","logger":"com.example.BE.aspects.LoggingAndPerformanceAspect","message":"📥 Arguments: [com.example.BE.entity.Company@258b9bbc]"}{"timestamp":"2026-06-16 21:40:32","level":"INFO","logger":"com.example.BE.aspects.LoggingAndPerformanceAspect","message":"✅ Method executed successfully: CompanyMapper.transformCompanyToDto(..)"}{"timestamp":"2026-06-16 21:40:32","level":"INFO","logger":"com.example.BE.aspects.LoggingAndPerformanceAspect","message":"⏱ Execution time: 0 ms"}{"timestamp":"2026-06-16 21:40:32","level":"INFO","logger":"com.example.BE.aspects.LoggingAndPerformanceAspect","message":"➡️ Entering method: CompanyMapper.transformCompanyToDto(..)"}{"timestamp":"2026-06-16 21:40:32","level":"INFO","logger":"com.example.BE.aspects.LoggingAndPerformanceAspect","message":"📥 Arguments: [com.example.BE.entity.Company@3d27c213]"}{"timestamp":"2026-06-16 21:40:32","level":"INFO","logger":"com.example.BE.aspects.LoggingAndPerformanceAspect","message":"✅ Method executed successfully: CompanyMapper.transformCompanyToDto(..)"}{"timestamp":"2026-06-16 21:40:32","level":"INFO","logger":"com.example.BE.aspects.LoggingAndPerformanceAspect","message":"⏱ Execution time: 2 ms"}{"timestamp":"2026-06-16 21:40:32","level":"INFO","logger":"com.example.BE.aspects.LoggingAndPerformanceAspect","message":"➡️ Entering method: CompanyMapper.transformCompanyToDto(..)"}{"timestamp":"2026-06-16 21:40:32","level":"INFO","logger":"com.example.BE.aspects.LoggingAndPerformanceAspect","message":"📥 Arguments: [com.example.BE.entity.Company@71fdebad]"}{"timestamp":"2026-06-16 21:40:32","level":"INFO","logger":"com.example.BE.aspects.LoggingAndPerformanceAspect","message":"✅ Method executed successfully: CompanyMapper.transformCompanyToDto(..)"}{"timestamp":"2026-06-16 21:40:32","level":"INFO","logger":"com.example.BE.aspects.LoggingAndPerformanceAspect","message":"⏱ Execution time: 1 ms"}{"timestamp":"2026-06-16 21:40:32","level":"INFO","logger":"com.example.BE.aspects.LoggingAndPerformanceAspect","message":"➡️ Entering method: CompanyMapper.transformCompanyToDto(..)"}{"timestamp":"2026-06-16 21:40:32","level":"INFO","logger":"com.example.BE.aspects.LoggingAndPerformanceAspect","message":"📥 Arguments: [com.example.BE.entity.Company@717d606a]"}{"timestamp":"2026-06-16 21:40:32","level":"INFO","logger":"com.example.BE.aspects.LoggingAndPerformanceAspect","message":"✅ Method executed successfully: CompanyMapper.transformCompanyToDto(..)"}{"timestamp":"2026-06-16 21:40:32","level":"INFO","logger":"com.example.BE.aspects.LoggingAndPerformanceAspect","message":"⏱ Execution time: 4 ms"}{"timestamp":"2026-06-16 21:40:32","level":"INFO","logger":"com.example.BE.aspects.LoggingAndPerformanceAspect","message":"➡️ Entering method: CompanyMapper.transformCompanyToDto(..)"}{"timestamp":"2026-06-16 21:40:32","level":"INFO","logger":"com.example.BE.aspects.LoggingAndPerformanceAspect","message":"📥 Arguments: [com.example.BE.entity.Company@57cc41d2]"}{"timestamp":"2026-06-16 21:40:32","level":"INFO","logger":"com.example.BE.aspects.LoggingAndPerformanceAspect","message":"✅ Method executed successfully: CompanyMapper.transformCompanyToDto(..)"}{"timestamp":"2026-06-16 21:40:32","level":"INFO","logger":"com.example.BE.aspects.LoggingAndPerformanceAspect","message":"⏱ Execution time: 2 ms"}{"timestamp":"2026-06-16 21:40:32","level":"INFO","logger":"com.example.BE.aspects.LoggingAndPerformanceAspect","message":"➡️ Entering method: CompanyMapper.transformCompanyToDto(..)"}{"timestamp":"2026-06-16 21:40:32","level":"INFO","logger":"com.example.BE.aspects.LoggingAndPerformanceAspect","message":"📥 Arguments: [com.example.BE.entity.Company@128a1979]"}{"timestamp":"2026-06-16 21:40:32","level":"INFO","logger":"com.example.BE.aspects.LoggingAndPerformanceAspect","message":"✅ Method executed successfully: CompanyMapper.transformCompanyToDto(..)"}{"timestamp":"2026-06-16 21:40:32","level":"INFO","logger":"com.example.BE.aspects.LoggingAndPerformanceAspect","message":"⏱ Execution time: 0 ms"}{"timestamp":"2026-06-16 21:40:32","level":"INFO","logger":"com.example.BE.aspects.LoggingAndPerformanceAspect","message":"➡️ Entering method: CompanyMapper.transformCompanyToDto(..)"}{"timestamp":"2026-06-16 21:40:32","level":"INFO","logger":"com.example.BE.aspects.LoggingAndPerformanceAspect","message":"📥 Arguments: [com.example.BE.entity.Company@4a48d620]"}{"timestamp":"2026-06-16 21:40:32","level":"INFO","logger":"com.example.BE.aspects.LoggingAndPerformanceAspect","message":"✅ Method executed successfully: CompanyMapper.transformCompanyToDto(..)"}{"timestamp":"2026-06-16 21:40:32","level":"INFO","logger":"com.example.BE.aspects.LoggingAndPerformanceAspect","message":"⏱ Execution time: 4 ms"}{"timestamp":"2026-06-16 21:40:32","level":"INFO","logger":"com.example.BE.aspects.LoggingAndPerformanceAspect","message":"➡️ Entering method: CompanyMapper.transformCompanyToDto(..)"}{"timestamp":"2026-06-16 21:40:32","level":"INFO","logger":"com.example.BE.aspects.LoggingAndPerformanceAspect","message":"📥 Arguments: [com.example.BE.entity.Company@1943ad4]"}{"timestamp":"2026-06-16 21:40:32","level":"INFO","logger":"com.example.BE.aspects.LoggingAndPerformanceAspect","message":"✅ Method executed successfully: CompanyMapper.transformCompanyToDto(..)"}{"timestamp":"2026-06-16 21:40:32","level":"INFO","logger":"com.example.BE.aspects.LoggingAndPerformanceAspect","message":"⏱ Execution time: 0 ms"}{"timestamp":"2026-06-16 21:40:32","level":"INFO","logger":"com.example.BE.aspects.LoggingAndPerformanceAspect","message":"➡️ Entering method: CompanyMapper.transformCompanyToDto(..)"}{"timestamp":"2026-06-16 21:40:32","level":"INFO","logger":"com.example.BE.aspects.LoggingAndPerformanceAspect","message":"📥 Arguments: [com.example.BE.entity.Company@59b349c4]"}{"timestamp":"2026-06-16 21:40:32","level":"INFO","logger":"com.example.BE.aspects.LoggingAndPerformanceAspect","message":"✅ Method executed successfully: CompanyMapper.transformCompanyToDto(..)"}{"timestamp":"2026-06-16 21:40:32","level":"INFO","logger":"com.example.BE.aspects.LoggingAndPerformanceAspect","message":"⏱ Execution time: 0 ms"}{"timestamp":"2026-06-16 21:40:32","level":"INFO","logger":"com.example.BE.aspects.LoggingAndPerformanceAspect","message":"✅ Method executed successfully: ICompanyServiceImpl.getAllCompanies()"}{"timestamp":"2026-06-16 21:40:32","level":"INFO","logger":"com.example.BE.aspects.LoggingAndPerformanceAspect","message":"⏱ Execution time: 467 ms"}{"timestamp":"2026-06-16 21:40:32","level":"INFO","logger":"com.example.BE.aspects.LoggingAndPerformanceAspect","message":"✅ Method executed successfully: CompanyController.getAllCompanies()"}{"timestamp":"2026-06-16 21:40:32","level":"INFO","logger":"com.example.BE.aspects.LoggingAndPerformanceAspect","message":"⏱ Execution time: 526 ms"}{"timestamp":"2026-06-16 21:40:46","level":"INFO","logger":"com.example.BE.aspects.LoggingAndPerformanceAspect","message":"➡️ Entering method: CsrfController.csrfToken(..)"}{"timestamp":"2026-06-16 21:40:46","level":"INFO","logger":"com.example.BE.aspects.LoggingAndPerformanceAspect","message":"📥 Arguments: [SecurityContextHolderAwareRequestWrapper[ org.springframework.security.web.header.HeaderWriterFilter$HeaderWriterRequest@70b8903f]]"}{"timestamp":"2026-06-16 21:40:46","level":"INFO","logger":"com.example.BE.aspects.LoggingAndPerformanceAspect","message":"✅ Method executed successfully: CsrfController.csrfToken(..)"}{"timestamp":"2026-06-16 21:40:46","level":"INFO","logger":"com.example.BE.aspects.LoggingAndPerformanceAspect","message":"⏱ Execution time: 1 ms"}{"timestamp":"2026-06-16 21:40:46","level":"INFO","logger":"com.example.BE.aspects.LoggingAndPerformanceAspect","message":"➡️ Entering method: AuthController.apiLogin(..)"}{"timestamp":"2026-06-16 21:40:46","level":"INFO","logger":"com.example.BE.aspects.LoggingAndPerformanceAspect","message":"📥 Arguments: [LoginRequestDto[username=employee@gmail.com, password=employee]]"}{"timestamp":"2026-06-16 21:40:46","level":"INFO","logger":"com.example.BE.aspects.LoggingAndPerformanceAspect","message":"➡️ Entering method: JobPortalUsernamePwdAuthenticationProvider.supports(..)"}{"timestamp":"2026-06-16 21:40:46","level":"INFO","logger":"com.example.BE.aspects.LoggingAndPerformanceAspect","message":"📥 Arguments: [class org.springframework.security.authentication.UsernamePasswordAuthenticationToken]"}{"timestamp":"2026-06-16 21:40:46","level":"INFO","logger":"com.example.BE.aspects.LoggingAndPerformanceAspect","message":"✅ Method executed successfully: JobPortalUsernamePwdAuthenticationProvider.supports(..)"}{"timestamp":"2026-06-16 21:40:46","level":"INFO","logger":"com.example.BE.aspects.LoggingAndPerformanceAspect","message":"⏱ Execution time: 0 ms"}{"timestamp":"2026-06-16 21:40:46","level":"INFO","logger":"com.example.BE.aspects.LoggingAndPerformanceAspect","message":"➡️ Entering method: JobPortalUsernamePwdAuthenticationProvider.authenticate(..)"}{"timestamp":"2026-06-16 21:40:46","level":"INFO","logger":"com.example.BE.aspects.LoggingAndPerformanceAspect","message":"📥 Arguments: [UsernamePasswordAuthenticationToken [Principal=employee@gmail.com, Credentials=[PROTECTED], Authenticated=false, Details=null, Granted Authorities=[]]]"}{"timestamp":"2026-06-16 21:40:46","level":"INFO","logger":"com.example.BE.aspects.LoggingAndPerformanceAspect","message":"➡️ Entering method: JobPortalUserRepository.findJobPortalUserByEmail(..)"}{"timestamp":"2026-06-16 21:40:46","level":"INFO","logger":"com.example.BE.aspects.LoggingAndPerformanceAspect","message":"📥 Arguments: [employee@gmail.com]"}{"timestamp":"2026-06-16 21:40:46","level":"INFO","logger":"com.example.BE.aspects.LoggingAndPerformanceAspect","message":"✅ Method executed successfully: JobPortalUserRepository.findJobPortalUserByEmail(..)"}{"timestamp":"2026-06-16 21:40:46","level":"INFO","logger":"com.example.BE.aspects.LoggingAndPerformanceAspect","message":"⏱ Execution time: 68 ms"}{"timestamp":"2026-06-16 21:40:46","level":"INFO","logger":"com.example.BE.aspects.LoggingAndPerformanceAspect","message":"✅ Method executed successfully: JobPortalUsernamePwdAuthenticationProvider.authenticate(..)"}{"timestamp":"2026-06-16 21:40:46","level":"INFO","logger":"com.example.BE.aspects.LoggingAndPerformanceAspect","message":"⏱ Execution time: 149 ms"}{"timestamp":"2026-06-16 21:40:46","level":"INFO","logger":"com.example.BE.aspects.LoggingAndPerformanceAspect","message":"➡️ Entering method: JwtUtil.generateJwtToken(..)"}{"timestamp":"2026-06-16 21:40:46","level":"INFO","logger":"com.example.BE.aspects.LoggingAndPerformanceAspect","message":"📥 Arguments: [UsernamePasswordAuthenticationToken [Principal=com.example.BE.entity.JobPortalUser@5e81cc8c, Credentials=[PROTECTED], Authenticated=true, Details=null, Granted Authorities=[ROLE_EMPLOYER]]]"}{"timestamp":"2026-06-16 21:40:46","level":"INFO","logger":"com.example.BE.aspects.LoggingAndPerformanceAspect","message":"✅ Method executed successfully: JwtUtil.generateJwtToken(..)"}{"timestamp":"2026-06-16 21:40:46","level":"INFO","logger":"com.example.BE.aspects.LoggingAndPerformanceAspect","message":"⏱ Execution time: 136 ms"}{"timestamp":"2026-06-16 21:40:46","level":"INFO","logger":"com.example.BE.aspects.LoggingAndPerformanceAspect","message":"✅ Method executed successfully: AuthController.apiLogin(..)"}{"timestamp":"2026-06-16 21:40:46","level":"INFO","logger":"com.example.BE.aspects.LoggingAndPerformanceAspect","message":"⏱ Execution time: 294 ms"}{"timestamp":"2026-06-16 21:40:51","level":"INFO","logger":"com.example.BE.aspects.LoggingAndPerformanceAspect","message":"➡️ Entering method: JobController.getEmployerJobs(..)"}{"timestamp":"2026-06-16 21:40:51","level":"INFO","logger":"com.example.BE.aspects.LoggingAndPerformanceAspect","message":"📥 Arguments: [UsernamePasswordAuthenticationToken [Principal=employee@gmail.com, Credentials=[PROTECTED], Authenticated=true, Details=null, Granted Authorities=[ROLE_EMPLOYER]]]"}{"timestamp":"2026-06-16 21:40:51","level":"INFO","logger":"com.example.BE.aspects.LoggingAndPerformanceAspect","message":"➡️ Entering method: JobServiceImpl.getEmployerJobs(..)"}{"timestamp":"2026-06-16 21:40:51","level":"INFO","logger":"com.example.BE.aspects.LoggingAndPerformanceAspect","message":"📥 Arguments: [employee@gmail.com]"}{"timestamp":"2026-06-16 21:40:51","level":"INFO","logger":"com.example.BE.aspects.LoggingAndPerformanceAspect","message":"➡️ Entering method: JobPortalUserRepository.findJobPortalUserByEmail(..)"}{"timestamp":"2026-06-16 21:40:51","level":"INFO","logger":"com.example.BE.aspects.LoggingAndPerformanceAspect","message":"📥 Arguments: [employee@gmail.com]"}{"timestamp":"2026-06-16 21:40:51","level":"INFO","logger":"com.example.BE.aspects.LoggingAndPerformanceAspect","message":"✅ Method executed successfully: JobPortalUserRepository.findJobPortalUserByEmail(..)"}{"timestamp":"2026-06-16 21:40:51","level":"INFO","logger":"com.example.BE.aspects.LoggingAndPerformanceAspect","message":"⏱ Execution time: 11 ms"}{"timestamp":"2026-06-16 21:40:51","level":"ERROR","logger":"com.example.BE.aspects.ExceptionAuditAspect","message":"❌ Exception occurred in method: JobServiceImpl.getEmployerJobs(..)"}{"timestamp":"2026-06-16 21:40:51","level":"ERROR","logger":"com.example.BE.aspects.ExceptionAuditAspect","message":"📥 Arguments: [employee@gmail.com]"}{"timestamp":"2026-06-16 21:40:51","level":"ERROR","logger":"com.example.BE.aspects.ExceptionAuditAspect","message":"💥 Exception type: RuntimeException"}{"timestamp":"2026-06-16 21:40:51","level":"ERROR","logger":"com.example.BE.aspects.ExceptionAuditAspect","message":"🧾 Exception message: Employer does not have a company assigned"}{"timestamp":"2026-06-16 21:40:51","level":"ERROR","logger":"com.example.BE.aspects.ExceptionAuditAspect","message":"❌ Exception occurred in method: JobController.getEmployerJobs(..)"}{"timestamp":"2026-06-16 21:40:51","level":"ERROR","logger":"com.example.BE.aspects.ExceptionAuditAspect","message":"📥 Arguments: [UsernamePasswordAuthenticationToken [Principal=employee@gmail.com, Credentials=[PROTECTED], Authenticated=true, Details=null, Granted Authorities=[ROLE_EMPLOYER]]]"}{"timestamp":"2026-06-16 21:40:51","level":"ERROR","logger":"com.example.BE.aspects.ExceptionAuditAspect","message":"💥 Exception type: RuntimeException"}{"timestamp":"2026-06-16 21:40:51","level":"ERROR","logger":"com.example.BE.aspects.ExceptionAuditAspect","message":"🧾 Exception message: Employer does not have a company assigned"}{"timestamp":"2026-06-16 21:40:51","level":"INFO","logger":"com.example.BE.aspects.LoggingAndPerformanceAspect","message":"➡️ Entering method: GlobalExceptionHandler.handleException(..)"}{"timestamp":"2026-06-16 21:40:51","level":"INFO","logger":"com.example.BE.aspects.LoggingAndPerformanceAspect","message":"📥 Arguments: [java.lang.RuntimeException: Employer does not have a company assigned, ServletWebRequest: uri=/api/v1/jobs/employer;client=0:0:0:0:0:0:0:1;user=employee@gmail.com]"}{"timestamp":"2026-06-16 21:40:51","level":"INFO","logger":"com.example.BE.aspects.LoggingAndPerformanceAspect","message":"✅ Method executed successfully: GlobalExceptionHandler.handleException(..)"}{"timestamp":"2026-06-16 21:40:51","level":"INFO","logger":"com.example.BE.aspects.LoggingAndPerformanceAspect","message":"⏱ Execution time: 1 ms"}{"timestamp":"2026-06-16 21:40:51","level":"WARN","logger":"org.springframework.web.servlet.mvc.method.annotation.ExceptionHandlerExceptionResolver","message":"Resolved [java.lang.RuntimeException: Employer does not have a company assigned]"}{"timestamp":"2026-06-16 21:40:51","level":"INFO","logger":"com.example.BE.aspects.LoggingAndPerformanceAspect","message":"➡️ Entering method: JobController.getEmployerJobs(..)"}{"timestamp":"2026-06-16 21:40:51","level":"INFO","logger":"com.example.BE.aspects.LoggingAndPerformanceAspect","message":"📥 Arguments: [UsernamePasswordAuthenticationToken [Principal=employee@gmail.com, Credentials=[PROTECTED], Authenticated=true, Details=null, Granted Authorities=[ROLE_EMPLOYER]]]"}{"timestamp":"2026-06-16 21:40:51","level":"INFO","logger":"com.example.BE.aspects.LoggingAndPerformanceAspect","message":"➡️ Entering method: JobServiceImpl.getEmployerJobs(..)"}{"timestamp":"2026-06-16 21:40:51","level":"INFO","logger":"com.example.BE.aspects.LoggingAndPerformanceAspect","message":"📥 Arguments: [employee@gmail.com]"}{"timestamp":"2026-06-16 21:40:51","level":"INFO","logger":"com.example.BE.aspects.LoggingAndPerformanceAspect","message":"➡️ Entering method: JobPortalUserRepository.findJobPortalUserByEmail(..)"}{"timestamp":"2026-06-16 21:40:51","level":"INFO","logger":"com.example.BE.aspects.LoggingAndPerformanceAspect","message":"📥 Arguments: [employee@gmail.com]"}{"timestamp":"2026-06-16 21:40:51","level":"INFO","logger":"com.example.BE.aspects.LoggingAndPerformanceAspect","message":"✅ Method executed successfully: JobPortalUserRepository.findJobPortalUserByEmail(..)"}{"timestamp":"2026-06-16 21:40:51","level":"INFO","logger":"com.example.BE.aspects.LoggingAndPerformanceAspect","message":"⏱ Execution time: 11 ms"}{"timestamp":"2026-06-16 21:40:51","level":"ERROR","logger":"com.example.BE.aspects.ExceptionAuditAspect","message":"❌ Exception occurred in method: JobServiceImpl.getEmployerJobs(..)"}{"timestamp":"2026-06-16 21:40:51","level":"ERROR","logger":"com.example.BE.aspects.ExceptionAuditAspect","message":"📥 Arguments: [employee@gmail.com]"}{"timestamp":"2026-06-16 21:40:51","level":"ERROR","logger":"com.example.BE.aspects.ExceptionAuditAspect","message":"💥 Exception type: RuntimeException"}{"timestamp":"2026-06-16 21:40:51","level":"ERROR","logger":"com.example.BE.aspects.ExceptionAuditAspect","message":"🧾 Exception message: Employer does not have a company assigned"}{"timestamp":"2026-06-16 21:40:51","level":"ERROR","logger":"com.example.BE.aspects.ExceptionAuditAspect","message":"❌ Exception occurred in method: JobController.getEmployerJobs(..)"}{"timestamp":"2026-06-16 21:40:51","level":"ERROR","logger":"com.example.BE.aspects.ExceptionAuditAspect","message":"📥 Arguments: [UsernamePasswordAuthenticationToken [Principal=employee@gmail.com, Credentials=[PROTECTED], Authenticated=true, Details=null, Granted Authorities=[ROLE_EMPLOYER]]]"}{"timestamp":"2026-06-16 21:40:51","level":"ERROR","logger":"com.example.BE.aspects.ExceptionAuditAspect","message":"💥 Exception type: RuntimeException"}{"timestamp":"2026-06-16 21:40:51","level":"ERROR","logger":"com.example.BE.aspects.ExceptionAuditAspect","message":"🧾 Exception message: Employer does not have a company assigned"}{"timestamp":"2026-06-16 21:40:51","level":"INFO","logger":"com.example.BE.aspects.LoggingAndPerformanceAspect","message":"➡️ Entering method: GlobalExceptionHandler.handleException(..)"}{"timestamp":"2026-06-16 21:40:51","level":"INFO","logger":"com.example.BE.aspects.LoggingAndPerformanceAspect","message":"📥 Arguments: [java.lang.RuntimeException: Employer does not have a company assigned, ServletWebRequest: uri=/api/v1/jobs/employer;client=0:0:0:0:0:0:0:1;user=employee@gmail.com]"}{"timestamp":"2026-06-16 21:40:51","level":"INFO","logger":"com.example.BE.aspects.LoggingAndPerformanceAspect","message":"✅ Method executed successfully: GlobalExceptionHandler.handleException(..)"}{"timestamp":"2026-06-16 21:40:51","level":"INFO","logger":"com.example.BE.aspects.LoggingAndPerformanceAspect","message":"⏱ Execution time: 0 ms"}{"timestamp":"2026-06-16 21:40:51","level":"WARN","logger":"org.springframework.web.servlet.mvc.method.annotation.ExceptionHandlerExceptionResolver","message":"Resolved [java.lang.RuntimeException: Employer does not have a company assigned]"}{"timestamp":"2026-06-16 21:40:54","level":"INFO","logger":"com.example.BE.aspects.LoggingAndPerformanceAspect","message":"➡️ Entering method: JobController.getEmployerJobs(..)"}{"timestamp":"2026-06-16 21:40:54","level":"INFO","logger":"com.example.BE.aspects.LoggingAndPerformanceAspect","message":"📥 Arguments: [UsernamePasswordAuthenticationToken [Principal=employee@gmail.com, Credentials=[PROTECTED], Authenticated=true, Details=null, Granted Authorities=[ROLE_EMPLOYER]]]"}{"timestamp":"2026-06-16 21:40:54","level":"INFO","logger":"com.example.BE.aspects.LoggingAndPerformanceAspect","message":"➡️ Entering method: JobServiceImpl.getEmployerJobs(..)"}{"timestamp":"2026-06-16 21:40:54","level":"INFO","logger":"com.example.BE.aspects.LoggingAndPerformanceAspect","message":"📥 Arguments: [employee@gmail.com]"}{"timestamp":"2026-06-16 21:40:54","level":"INFO","logger":"com.example.BE.aspects.LoggingAndPerformanceAspect","message":"➡️ Entering method: JobPortalUserRepository.findJobPortalUserByEmail(..)"}{"timestamp":"2026-06-16 21:40:54","level":"INFO","logger":"com.example.BE.aspects.LoggingAndPerformanceAspect","message":"📥 Arguments: [employee@gmail.com]"}{"timestamp":"2026-06-16 21:40:54","level":"INFO","logger":"com.example.BE.aspects.LoggingAndPerformanceAspect","message":"✅ Method executed successfully: JobPortalUserRepository.findJobPortalUserByEmail(..)"}{"timestamp":"2026-06-16 21:40:54","level":"INFO","logger":"com.example.BE.aspects.LoggingAndPerformanceAspect","message":"⏱ Execution time: 11 ms"}{"timestamp":"2026-06-16 21:40:54","level":"ERROR","logger":"com.example.BE.aspects.ExceptionAuditAspect","message":"❌ Exception occurred in method: JobServiceImpl.getEmployerJobs(..)"}{"timestamp":"2026-06-16 21:40:54","level":"ERROR","logger":"com.example.BE.aspects.ExceptionAuditAspect","message":"📥 Arguments: [employee@gmail.com]"}{"timestamp":"2026-06-16 21:40:54","level":"ERROR","logger":"com.example.BE.aspects.ExceptionAuditAspect","message":"💥 Exception type: RuntimeException"}{"timestamp":"2026-06-16 21:40:54","level":"ERROR","logger":"com.example.BE.aspects.ExceptionAuditAspect","message":"🧾 Exception message: Employer does not have a company assigned"}{"timestamp":"2026-06-16 21:40:54","level":"ERROR","logger":"com.example.BE.aspects.ExceptionAuditAspect","message":"❌ Exception occurred in method: JobController.getEmployerJobs(..)"}{"timestamp":"2026-06-16 21:40:54","level":"ERROR","logger":"com.example.BE.aspects.ExceptionAuditAspect","message":"📥 Arguments: [UsernamePasswordAuthenticationToken [Principal=employee@gmail.com, Credentials=[PROTECTED], Authenticated=true, Details=null, Granted Authorities=[ROLE_EMPLOYER]]]"}{"timestamp":"2026-06-16 21:40:54","level":"ERROR","logger":"com.example.BE.aspects.ExceptionAuditAspect","message":"💥 Exception type: RuntimeException"}{"timestamp":"2026-06-16 21:40:54","level":"ERROR","logger":"com.example.BE.aspects.ExceptionAuditAspect","message":"🧾 Exception message: Employer does not have a company assigned"}{"timestamp":"2026-06-16 21:40:54","level":"INFO","logger":"com.example.BE.aspects.LoggingAndPerformanceAspect","message":"➡️ Entering method: GlobalExceptionHandler.handleException(..)"}{"timestamp":"2026-06-16 21:40:54","level":"INFO","logger":"com.example.BE.aspects.LoggingAndPerformanceAspect","message":"📥 Arguments: [java.lang.RuntimeException: Employer does not have a company assigned, ServletWebRequest: uri=/api/v1/jobs/employer;client=0:0:0:0:0:0:0:1;user=employee@gmail.com]"}{"timestamp":"2026-06-16 21:40:54","level":"INFO","logger":"com.example.BE.aspects.LoggingAndPerformanceAspect","message":"✅ Method executed successfully: GlobalExceptionHandler.handleException(..)"}{"timestamp":"2026-06-16 21:40:54","level":"INFO","logger":"com.example.BE.aspects.LoggingAndPerformanceAspect","message":"⏱ Execution time: 0 ms"}{"timestamp":"2026-06-16 21:40:54","level":"WARN","logger":"org.springframework.web.servlet.mvc.method.annotation.ExceptionHandlerExceptionResolver","message":"Resolved [java.lang.RuntimeException: Employer does not have a company assigned]"}{"timestamp":"2026-06-16 21:40:54","level":"INFO","logger":"com.example.BE.aspects.LoggingAndPerformanceAspect","message":"➡️ Entering method: JobController.getEmployerJobs(..)"}{"timestamp":"2026-06-16 21:40:54","level":"INFO","logger":"com.example.BE.aspects.LoggingAndPerformanceAspect","message":"📥 Arguments: [UsernamePasswordAuthenticationToken [Principal=employee@gmail.com, Credentials=[PROTECTED], Authenticated=true, Details=null, Granted Authorities=[ROLE_EMPLOYER]]]"}{"timestamp":"2026-06-16 21:40:54","level":"INFO","logger":"com.example.BE.aspects.LoggingAndPerformanceAspect","message":"➡️ Entering method: JobServiceImpl.getEmployerJobs(..)"}{"timestamp":"2026-06-16 21:40:54","level":"INFO","logger":"com.example.BE.aspects.LoggingAndPerformanceAspect","message":"📥 Arguments: [employee@gmail.com]"}{"timestamp":"2026-06-16 21:40:54","level":"INFO","logger":"com.example.BE.aspects.LoggingAndPerformanceAspect","message":"➡️ Entering method: JobPortalUserRepository.findJobPortalUserByEmail(..)"}{"timestamp":"2026-06-16 21:40:54","level":"INFO","logger":"com.example.BE.aspects.LoggingAndPerformanceAspect","message":"📥 Arguments: [employee@gmail.com]"}{"timestamp":"2026-06-16 21:40:54","level":"INFO","logger":"com.example.BE.aspects.LoggingAndPerformanceAspect","message":"✅ Method executed successfully: JobPortalUserRepository.findJobPortalUserByEmail(..)"}{"timestamp":"2026-06-16 21:40:54","level":"INFO","logger":"com.example.BE.aspects.LoggingAndPerformanceAspect","message":"⏱ Execution time: 9 ms"}{"timestamp":"2026-06-16 21:40:54","level":"ERROR","logger":"com.example.BE.aspects.ExceptionAuditAspect","message":"❌ Exception occurred in method: JobServiceImpl.getEmployerJobs(..)"}{"timestamp":"2026-06-16 21:40:54","level":"ERROR","logger":"com.example.BE.aspects.ExceptionAuditAspect","message":"📥 Arguments: [employee@gmail.com]"}{"timestamp":"2026-06-16 21:40:54","level":"ERROR","logger":"com.example.BE.aspects.ExceptionAuditAspect","message":"💥 Exception type: RuntimeException"}{"timestamp":"2026-06-16 21:40:54","level":"ERROR","logger":"com.example.BE.aspects.ExceptionAuditAspect","message":"🧾 Exception message: Employer does not have a company assigned"}{"timestamp":"2026-06-16 21:40:54","level":"ERROR","logger":"com.example.BE.aspects.ExceptionAuditAspect","message":"❌ Exception occurred in method: JobController.getEmployerJobs(..)"}{"timestamp":"2026-06-16 21:40:54","level":"ERROR","logger":"com.example.BE.aspects.ExceptionAuditAspect","message":"📥 Arguments: [UsernamePasswordAuthenticationToken [Principal=employee@gmail.com, Credentials=[PROTECTED], Authenticated=true, Details=null, Granted Authorities=[ROLE_EMPLOYER]]]"}{"timestamp":"2026-06-16 21:40:54","level":"ERROR","logger":"com.example.BE.aspects.ExceptionAuditAspect","message":"💥 Exception type: RuntimeException"}{"timestamp":"2026-06-16 21:40:54","level":"ERROR","logger":"com.example.BE.aspects.ExceptionAuditAspect","message":"🧾 Exception message: Employer does not have a company assigned"}{"timestamp":"2026-06-16 21:40:54","level":"INFO","logger":"com.example.BE.aspects.LoggingAndPerformanceAspect","message":"➡️ Entering method: GlobalExceptionHandler.handleException(..)"}{"timestamp":"2026-06-16 21:40:54","level":"INFO","logger":"com.example.BE.aspects.LoggingAndPerformanceAspect","message":"📥 Arguments: [java.lang.RuntimeException: Employer does not have a company assigned, ServletWebRequest: uri=/api/v1/jobs/employer;client=0:0:0:0:0:0:0:1;user=employee@gmail.com]"}{"timestamp":"2026-06-16 21:40:54","level":"INFO","logger":"com.example.BE.aspects.LoggingAndPerformanceAspect","message":"✅ Method executed successfully: GlobalExceptionHandler.handleException(..)"}{"timestamp":"2026-06-16 21:40:54","level":"INFO","logger":"com.example.BE.aspects.LoggingAndPerformanceAspect","message":"⏱ Execution time: 1 ms"}{"timestamp":"2026-06-16 21:40:54","level":"WARN","logger":"org.springframework.web.servlet.mvc.method.annotation.ExceptionHandlerExceptionResolver","message":"Resolved [java.lang.RuntimeException: Employer does not have a company assigned]"}{"timestamp":"2026-06-16 21:42:06","level":"INFO","logger":"com.example.BE.aspects.LoggingAndPerformanceAspect","message":"➡️ Entering method: JobController.createJob(..)"}{"timestamp":"2026-06-16 21:42:06","level":"INFO","logger":"com.example.BE.aspects.LoggingAndPerformanceAspect","message":"📥 Arguments: [JobDto[id=null, title=Software Engineer, companyId=null, companyName=null, companyLogo=null, location=VietNam, workType=On-site, jobType=Full-time, category=Technology, experienceLevel=Mid-level, salaryMin=123123, salaryMax=123124, salaryCurrency=USD, salaryPeriod=year, description=ok, requirements=["2"], benefits=["ok"], postedDate=null, applicationDeadline=2027-12-04T00:00:00Z, applicationsCount=null, featured=false, urgent=false, remote=false, status=ACTIVE], UsernamePasswordAuthenticationToken [Principal=employee@gmail.com, Credentials=[PROTECTED], Authenticated=true, Details=null, Granted Authorities=[ROLE_EMPLOYER]]]"}{"timestamp":"2026-06-16 21:42:06","level":"INFO","logger":"com.example.BE.aspects.LoggingAndPerformanceAspect","message":"➡️ Entering method: JobServiceImpl.createJob(..)"}{"timestamp":"2026-06-16 21:42:06","level":"INFO","logger":"com.example.BE.aspects.LoggingAndPerformanceAspect","message":"📥 Arguments: [JobDto[id=null, title=Software Engineer, companyId=null, companyName=null, companyLogo=null, location=VietNam, workType=On-site, jobType=Full-time, category=Technology, experienceLevel=Mid-level, salaryMin=123123, salaryMax=123124, salaryCurrency=USD, salaryPeriod=year, description=ok, requirements=["2"], benefits=["ok"], postedDate=null, applicationDeadline=2027-12-04T00:00:00Z, applicationsCount=null, featured=false, urgent=false, remote=false, status=ACTIVE], employee@gmail.com]"}{"timestamp":"2026-06-16 21:42:06","level":"INFO","logger":"com.example.BE.aspects.LoggingAndPerformanceAspect","message":"➡️ Entering method: JobPortalUserRepository.findJobPortalUserByEmail(..)"}{"timestamp":"2026-06-16 21:42:06","level":"INFO","logger":"com.example.BE.aspects.LoggingAndPerformanceAspect","message":"📥 Arguments: [employee@gmail.com]"}{"timestamp":"2026-06-16 21:42:06","level":"INFO","logger":"com.example.BE.aspects.LoggingAndPerformanceAspect","message":"✅ Method executed successfully: JobPortalUserRepository.findJobPortalUserByEmail(..)"}{"timestamp":"2026-06-16 21:42:06","level":"INFO","logger":"com.example.BE.aspects.LoggingAndPerformanceAspect","message":"⏱ Execution time: 13 ms"}{"timestamp":"2026-06-16 21:42:06","level":"ERROR","logger":"com.example.BE.aspects.ExceptionAuditAspect","message":"❌ Exception occurred in method: JobServiceImpl.createJob(..)"}{"timestamp":"2026-06-16 21:42:06","level":"ERROR","logger":"com.example.BE.aspects.ExceptionAuditAspect","message":"📥 Arguments: [JobDto[id=null, title=Software Engineer, companyId=null, companyName=null, companyLogo=null, location=VietNam, workType=On-site, jobType=Full-time, category=Technology, experienceLevel=Mid-level, salaryMin=123123, salaryMax=123124, salaryCurrency=USD, salaryPeriod=year, description=ok, requirements=["2"], benefits=["ok"], postedDate=null, applicationDeadline=2027-12-04T00:00:00Z, applicationsCount=null, featured=false, urgent=false, remote=false, status=ACTIVE], employee@gmail.com]"}{"timestamp":"2026-06-16 21:42:06","level":"ERROR","logger":"com.example.BE.aspects.ExceptionAuditAspect","message":"💥 Exception type: RuntimeException"}{"timestamp":"2026-06-16 21:42:06","level":"ERROR","logger":"com.example.BE.aspects.ExceptionAuditAspect","message":"🧾 Exception message: Employer does not have a company assigned. Please contact admin."}{"timestamp":"2026-06-16 21:42:06","level":"ERROR","logger":"com.example.BE.aspects.ExceptionAuditAspect","message":"❌ Exception occurred in method: JobController.createJob(..)"}{"timestamp":"2026-06-16 21:42:06","level":"ERROR","logger":"com.example.BE.aspects.ExceptionAuditAspect","message":"📥 Arguments: [JobDto[id=null, title=Software Engineer, companyId=null, companyName=null, companyLogo=null, location=VietNam, workType=On-site, jobType=Full-time, category=Technology, experienceLevel=Mid-level, salaryMin=123123, salaryMax=123124, salaryCurrency=USD, salaryPeriod=year, description=ok, requirements=["2"], benefits=["ok"], postedDate=null, applicationDeadline=2027-12-04T00:00:00Z, applicationsCount=null, featured=false, urgent=false, remote=false, status=ACTIVE], UsernamePasswordAuthenticationToken [Principal=employee@gmail.com, Credentials=[PROTECTED], Authenticated=true, Details=null, Granted Authorities=[ROLE_EMPLOYER]]]"}{"timestamp":"2026-06-16 21:42:06","level":"ERROR","logger":"com.example.BE.aspects.ExceptionAuditAspect","message":"💥 Exception type: RuntimeException"}{"timestamp":"2026-06-16 21:42:06","level":"ERROR","logger":"com.example.BE.aspects.ExceptionAuditAspect","message":"🧾 Exception message: Employer does not have a company assigned. Please contact admin."}{"timestamp":"2026-06-16 21:42:06","level":"INFO","logger":"com.example.BE.aspects.LoggingAndPerformanceAspect","message":"➡️ Entering method: GlobalExceptionHandler.handleException(..)"}{"timestamp":"2026-06-16 21:42:06","level":"INFO","logger":"com.example.BE.aspects.LoggingAndPerformanceAspect","message":"📥 Arguments: [java.lang.RuntimeException: Employer does not have a company assigned. Please contact admin., ServletWebRequest: uri=/api/v1/jobs/employer;client=0:0:0:0:0:0:0:1;user=employee@gmail.com]"}{"timestamp":"2026-06-16 21:42:06","level":"INFO","logger":"com.example.BE.aspects.LoggingAndPerformanceAspect","message":"✅ Method executed successfully: GlobalExceptionHandler.handleException(..)"}{"timestamp":"2026-06-16 21:42:06","level":"INFO","logger":"com.example.BE.aspects.LoggingAndPerformanceAspect","message":"⏱ Execution time: 0 ms"}{"timestamp":"2026-06-16 21:42:06","level":"WARN","logger":"org.springframework.web.servlet.mvc.method.annotation.ExceptionHandlerExceptionResolver","message":"Resolved [java.lang.RuntimeException: Employer does not have a company assigned. Please contact admin.]"}{"timestamp":"2026-06-16 21:43:27","level":"INFO","logger":"org.springframework.orm.jpa.LocalContainerEntityManagerFactoryBean","message":"Closing JPA EntityManagerFactory for persistence unit 'default'"}{"timestamp":"2026-06-16 21:43:27","level":"INFO","logger":"com.zaxxer.hikari.HikariDataSource","message":"HikariPool-1 - Shutdown initiated..."}{"timestamp":"2026-06-16 21:43:27","level":"INFO","logger":"com.zaxxer.hikari.HikariDataSource","message":"HikariPool-1 - Shutdown completed."}{"timestamp":"2026-06-16 23:22:32","level":"INFO","logger":"org.hibernate.validator.internal.util.Version","message":"HV000001: Hibernate Validator 8.0.1.Final"}{"timestamp":"2026-06-16 23:22:32","level":"INFO","logger":"com.example.BE.BeApplicationTests","message":"Starting BeApplicationTests using Java 25.0.2 with PID 15540 (started by Windows in D:\PROJECT\Job_Portal\JobPortal\BE)"}{"timestamp":"2026-06-16 23:22:32","level":"INFO","logger":"com.example.BE.BeApplicationTests","message":"No active profile set, falling back to 1 default profile: "default""}{"timestamp":"2026-06-16 23:22:34","level":"INFO","logger":"org.springframework.data.repository.config.RepositoryConfigurationDelegate","message":"Bootstrapping Spring Data JPA repositories in DEFAULT mode."}{"timestamp":"2026-06-16 23:22:34","level":"INFO","logger":"org.springframework.data.repository.config.RepositoryConfigurationDelegate","message":"Finished Spring Data repository scanning in 185 ms. Found 7 JPA repository interfaces."}{"timestamp":"2026-06-16 23:22:36","level":"INFO","logger":"org.hibernate.jpa.internal.util.LogHelper","message":"HHH000204: Processing PersistenceUnitInfo [name: default]"}{"timestamp":"2026-06-16 23:22:36","level":"INFO","logger":"org.hibernate.Version","message":"HHH000412: Hibernate ORM core version 6.4.4.Final"}{"timestamp":"2026-06-16 23:22:36","level":"INFO","logger":"org.hibernate.cache.internal.RegionFactoryInitiator","message":"HHH000026: Second-level cache disabled"}{"timestamp":"2026-06-16 23:22:36","level":"INFO","logger":"org.springframework.orm.jpa.persistenceunit.SpringPersistenceUnitInfo","message":"No LoadTimeWeaver setup: ignoring JPA class transformer"}{"timestamp":"2026-06-16 23:22:37","level":"INFO","logger":"com.zaxxer.hikari.HikariDataSource","message":"HikariPool-1 - Starting..."}{"timestamp":"2026-06-16 23:22:40","level":"ERROR","logger":"com.zaxxer.hikari.pool.HikariPool","message":"HikariPool-1 - Exception during pool initialization."}com.mysql.cj.jdbc.exceptions.CommunicationsException: Communications link failure

The last packet sent successfully to the server was 0 milliseconds ago. The driver has not received any packets from the server.
	at com.mysql.cj.jdbc.exceptions.SQLError.createCommunicationsException(SQLError.java:174)
	at com.mysql.cj.jdbc.exceptions.SQLExceptionsMapping.translateException(SQLExceptionsMapping.java:64)
	at com.mysql.cj.jdbc.ConnectionImpl.createNewIO(ConnectionImpl.java:815)
	at com.mysql.cj.jdbc.ConnectionImpl.<init>(ConnectionImpl.java:438)
	at com.mysql.cj.jdbc.ConnectionImpl.getInstance(ConnectionImpl.java:241)
	at com.mysql.cj.jdbc.NonRegisteringDriver.connect(NonRegisteringDriver.java:189)
	at com.zaxxer.hikari.util.DriverDataSource.getConnection(DriverDataSource.java:138)
	at com.zaxxer.hikari.pool.PoolBase.newConnection(PoolBase.java:359)
	at com.zaxxer.hikari.pool.PoolBase.newPoolEntry(PoolBase.java:201)
	at com.zaxxer.hikari.pool.HikariPool.createPoolEntry(HikariPool.java:470)
	at com.zaxxer.hikari.pool.HikariPool.checkFailFast(HikariPool.java:561)
	at com.zaxxer.hikari.pool.HikariPool.<init>(HikariPool.java:100)
	at com.zaxxer.hikari.HikariDataSource.getConnection(HikariDataSource.java:112)
	at org.hibernate.engine.jdbc.connections.internal.DatasourceConnectionProviderImpl.getConnection(DatasourceConnectionProviderImpl.java:122)
	at org.hibernate.engine.jdbc.env.internal.JdbcEnvironmentInitiator$ConnectionProviderJdbcConnectionAccess.obtainConnection(JdbcEnvironmentInitiator.java:428)
	at org.hibernate.resource.transaction.backend.jdbc.internal.JdbcIsolationDelegate.delegateWork(JdbcIsolationDelegate.java:61)
	at org.hibernate.engine.jdbc.env.internal.JdbcEnvironmentInitiator.getJdbcEnvironmentUsingJdbcMetadata(JdbcEnvironmentInitiator.java:276)
	at org.hibernate.engine.jdbc.env.internal.JdbcEnvironmentInitiator.initiateService(JdbcEnvironmentInitiator.java:107)
	at org.hibernate.engine.jdbc.env.internal.JdbcEnvironmentInitiator.initiateService(JdbcEnvironmentInitiator.java:68)
	at org.hibernate.boot.registry.internal.StandardServiceRegistryImpl.initiateService(StandardServiceRegistryImpl.java:130)
	at org.hibernate.service.internal.AbstractServiceRegistryImpl.createService(AbstractServiceRegistryImpl.java:263)
	at org.hibernate.service.internal.AbstractServiceRegistryImpl.initializeService(AbstractServiceRegistryImpl.java:238)
	at org.hibernate.service.internal.AbstractServiceRegistryImpl.getService(AbstractServiceRegistryImpl.java:215)
	at org.hibernate.boot.model.relational.Database.<init>(Database.java:45)
	at org.hibernate.boot.internal.InFlightMetadataCollectorImpl.getDatabase(InFlightMetadataCollectorImpl.java:223)
	at org.hibernate.boot.internal.InFlightMetadataCollectorImpl.<init>(InFlightMetadataCollectorImpl.java:191)
	at org.hibernate.boot.model.process.spi.MetadataBuildingProcess.complete(MetadataBuildingProcess.java:170)
	at org.hibernate.jpa.boot.internal.EntityManagerFactoryBuilderImpl.metadata(EntityManagerFactoryBuilderImpl.java:1432)
	at org.hibernate.jpa.boot.internal.EntityManagerFactoryBuilderImpl.build(EntityManagerFactoryBuilderImpl.java:1503)
	at org.springframework.orm.jpa.vendor.SpringHibernateJpaPersistenceProvider.createContainerEntityManagerFactory(SpringHibernateJpaPersistenceProvider.java:75)
	at org.springframework.orm.jpa.LocalContainerEntityManagerFactoryBean.createNativeEntityManagerFactory(LocalContainerEntityManagerFactoryBean.java:390)
	at org.springframework.orm.jpa.AbstractEntityManagerFactoryBean.buildNativeEntityManagerFactory(AbstractEntityManagerFactoryBean.java:409)
	at org.springframework.orm.jpa.AbstractEntityManagerFactoryBean.afterPropertiesSet(AbstractEntityManagerFactoryBean.java:396)
	at org.springframework.orm.jpa.LocalContainerEntityManagerFactoryBean.afterPropertiesSet(LocalContainerEntityManagerFactoryBean.java:366)
	at org.springframework.beans.factory.support.AbstractAutowireCapableBeanFactory.invokeInitMethods(AbstractAutowireCapableBeanFactory.java:1833)
	at org.springframework.beans.factory.support.AbstractAutowireCapableBeanFactory.initializeBean(AbstractAutowireCapableBeanFactory.java:1782)
	at org.springframework.beans.factory.support.AbstractAutowireCapableBeanFactory.doCreateBean(AbstractAutowireCapableBeanFactory.java:600)
	at org.springframework.beans.factory.support.AbstractAutowireCapableBeanFactory.createBean(AbstractAutowireCapableBeanFactory.java:522)
	at org.springframework.beans.factory.support.AbstractBeanFactory.lambda$doGetBean$0(AbstractBeanFactory.java:326)
	at org.springframework.beans.factory.support.DefaultSingletonBeanRegistry.getSingleton(DefaultSingletonBeanRegistry.java:234)
	at org.springframework.beans.factory.support.AbstractBeanFactory.doGetBean(AbstractBeanFactory.java:324)
	at org.springframework.beans.factory.support.AbstractBeanFactory.getBean(AbstractBeanFactory.java:200)
	at org.springframework.context.support.AbstractApplicationContext.getBean(AbstractApplicationContext.java:1234)
	at org.springframework.context.support.AbstractApplicationContext.finishBeanFactoryInitialization(AbstractApplicationContext.java:952)
	at org.springframework.context.support.AbstractApplicationContext.refresh(AbstractApplicationContext.java:624)
	at org.springframework.boot.SpringApplication.refresh(SpringApplication.java:754)
	at org.springframework.boot.SpringApplication.refreshContext(SpringApplication.java:456)
	at org.springframework.boot.SpringApplication.run(SpringApplication.java:334)
	at org.springframework.boot.test.context.SpringBootContextLoader.lambda$loadContext$3(SpringBootContextLoader.java:137)
	at org.springframework.util.function.ThrowingSupplier.get(ThrowingSupplier.java:58)
	at org.springframework.util.function.ThrowingSupplier.get(ThrowingSupplier.java:46)
	at org.springframework.boot.SpringApplication.withHook(SpringApplication.java:1454)
	at org.springframework.boot.test.context.SpringBootContextLoader$ContextLoaderHook.run(SpringBootContextLoader.java:553)
	at org.springframework.boot.test.context.SpringBootContextLoader.loadContext(SpringBootContextLoader.java:137)
	at org.springframework.boot.test.context.SpringBootContextLoader.loadContext(SpringBootContextLoader.java:108)
	at org.springframework.test.context.cache.DefaultCacheAwareContextLoaderDelegate.loadContextInternal(DefaultCacheAwareContextLoaderDelegate.java:225)
	at org.springframework.test.context.cache.DefaultCacheAwareContextLoaderDelegate.loadContext(DefaultCacheAwareContextLoaderDelegate.java:152)
	at org.springframework.test.context.support.DefaultTestContext.getApplicationContext(DefaultTestContext.java:130)
	at org.springframework.test.context.web.ServletTestExecutionListener.setUpRequestContextIfNecessary(ServletTestExecutionListener.java:191)
	at org.springframework.test.context.web.ServletTestExecutionListener.prepareTestInstance(ServletTestExecutionListener.java:130)
	at org.springframework.test.context.TestContextManager.prepareTestInstance(TestContextManager.java:260)
	at org.springframework.test.context.junit.jupiter.SpringExtension.postProcessTestInstance(SpringExtension.java:163)
	at org.junit.jupiter.engine.descriptor.ClassBasedTestDescriptor.lambda$invokeTestInstancePostProcessors$10(ClassBasedTestDescriptor.java:378)
	at org.junit.jupiter.engine.descriptor.ClassBasedTestDescriptor.executeAndMaskThrowable(ClassBasedTestDescriptor.java:383)
	at org.junit.jupiter.engine.descriptor.ClassBasedTestDescriptor.lambda$invokeTestInstancePostProcessors$11(ClassBasedTestDescriptor.java:378)
	at java.base/java.util.stream.ReferencePipeline$3$1.accept(ReferencePipeline.java:214)
	at java.base/java.util.stream.ReferencePipeline$2$1.accept(ReferencePipeline.java:197)
	at java.base/java.util.ArrayList$ArrayListSpliterator.forEachRemaining(ArrayList.java:1716)
	at java.base/java.util.stream.AbstractPipeline.copyInto(AbstractPipeline.java:570)
	at java.base/java.util.stream.AbstractPipeline.wrapAndCopyInto(AbstractPipeline.java:560)
	at java.base/java.util.stream.StreamSpliterators$WrappingSpliterator.forEachRemaining(StreamSpliterators.java:315)
	at java.base/java.util.stream.Streams$ConcatSpliterator.forEachRemaining(Streams.java:735)
	at java.base/java.util.stream.Streams$ConcatSpliterator.forEachRemaining(Streams.java:734)
	at java.base/java.util.stream.ReferencePipeline$Head.forEach(ReferencePipeline.java:803)
	at org.junit.jupiter.engine.descriptor.ClassBasedTestDescriptor.invokeTestInstancePostProcessors(ClassBasedTestDescriptor.java:377)
	at org.junit.jupiter.engine.descriptor.ClassBasedTestDescriptor.lambda$instantiateAndPostProcessTestInstance$6(ClassBasedTestDescriptor.java:290)
	at org.junit.platform.engine.support.hierarchical.ThrowableCollector.execute(ThrowableCollector.java:73)
	at org.junit.jupiter.engine.descriptor.ClassBasedTestDescriptor.instantiateAndPostProcessTestInstance(ClassBasedTestDescriptor.java:289)
	at org.junit.jupiter.engine.descriptor.ClassBasedTestDescriptor.lambda$testInstancesProvider$4(ClassBasedTestDescriptor.java:279)
	at java.base/java.util.Optional.orElseGet(Optional.java:364)
	at org.junit.jupiter.engine.descriptor.ClassBasedTestDescriptor.lambda$testInstancesProvider$5(ClassBasedTestDescriptor.java:278)
	at org.junit.jupiter.engine.execution.TestInstancesProvider.getTestInstances(TestInstancesProvider.java:31)
	at org.junit.jupiter.engine.descriptor.TestMethodTestDescriptor.lambda$prepare$0(TestMethodTestDescriptor.java:106)
	at org.junit.platform.engine.support.hierarchical.ThrowableCollector.execute(ThrowableCollector.java:73)
	at org.junit.jupiter.engine.descriptor.TestMethodTestDescriptor.prepare(TestMethodTestDescriptor.java:105)
	at org.junit.jupiter.engine.descriptor.TestMethodTestDescriptor.prepare(TestMethodTestDescriptor.java:69)
	at org.junit.platform.engine.support.hierarchical.NodeTestTask.lambda$prepare$2(NodeTestTask.java:123)
	at org.junit.platform.engine.support.hierarchical.ThrowableCollector.execute(ThrowableCollector.java:73)
	at org.junit.platform.engine.support.hierarchical.NodeTestTask.prepare(NodeTestTask.java:123)
	at org.junit.platform.engine.support.hierarchical.NodeTestTask.execute(NodeTestTask.java:90)
	at java.base/java.util.ArrayList.forEach(ArrayList.java:1604)
	at org.junit.platform.engine.support.hierarchical.SameThreadHierarchicalTestExecutorService.invokeAll(SameThreadHierarchicalTestExecutorService.java:41)
	at org.junit.platform.engine.support.hierarchical.NodeTestTask.lambda$executeRecursively$6(NodeTestTask.java:155)
	at org.junit.platform.engine.support.hierarchical.ThrowableCollector.execute(ThrowableCollector.java:73)
	at org.junit.platform.engine.support.hierarchical.NodeTestTask.lambda$executeRecursively$8(NodeTestTask.java:141)
	at org.junit.platform.engine.support.hierarchical.Node.around(Node.java:137)
	at org.junit.platform.engine.support.hierarchical.NodeTestTask.lambda$executeRecursively$9(NodeTestTask.java:139)
	at org.junit.platform.engine.support.hierarchical.ThrowableCollector.execute(ThrowableCollector.java:73)
	at org.junit.platform.engine.support.hierarchical.NodeTestTask.executeRecursively(NodeTestTask.java:138)
	at org.junit.platform.engine.support.hierarchical.NodeTestTask.execute(NodeTestTask.java:95)
	at java.base/java.util.ArrayList.forEach(ArrayList.java:1604)
	at org.junit.platform.engine.support.hierarchical.SameThreadHierarchicalTestExecutorService.invokeAll(SameThreadHierarchicalTestExecutorService.java:41)
	at org.junit.platform.engine.support.hierarchical.NodeTestTask.lambda$executeRecursively$6(NodeTestTask.java:155)
	at org.junit.platform.engine.support.hierarchical.ThrowableCollector.execute(ThrowableCollector.java:73)
	at org.junit.platform.engine.support.hierarchical.NodeTestTask.lambda$executeRecursively$8(NodeTestTask.java:141)
	at org.junit.platform.engine.support.hierarchical.Node.around(Node.java:137)
	at org.junit.platform.engine.support.hierarchical.NodeTestTask.lambda$executeRecursively$9(NodeTestTask.java:139)
	at org.junit.platform.engine.support.hierarchical.ThrowableCollector.execute(ThrowableCollector.java:73)
	at org.junit.platform.engine.support.hierarchical.NodeTestTask.executeRecursively(NodeTestTask.java:138)
	at org.junit.platform.engine.support.hierarchical.NodeTestTask.execute(NodeTestTask.java:95)
	at org.junit.platform.engine.support.hierarchical.SameThreadHierarchicalTestExecutorService.submit(SameThreadHierarchicalTestExecutorService.java:35)
	at org.junit.platform.engine.support.hierarchical.HierarchicalTestExecutor.execute(HierarchicalTestExecutor.java:57)
	at org.junit.platform.engine.support.hierarchical.HierarchicalTestEngine.execute(HierarchicalTestEngine.java:54)
	at org.junit.platform.launcher.core.EngineExecutionOrchestrator.execute(EngineExecutionOrchestrator.java:198)
	at org.junit.platform.launcher.core.EngineExecutionOrchestrator.execute(EngineExecutionOrchestrator.java:169)
	at org.junit.platform.launcher.core.EngineExecutionOrchestrator.execute(EngineExecutionOrchestrator.java:93)
	at org.junit.platform.launcher.core.EngineExecutionOrchestrator.lambda$execute$0(EngineExecutionOrchestrator.java:58)
	at org.junit.platform.launcher.core.EngineExecutionOrchestrator.withInterceptedStreams(EngineExecutionOrchestrator.java:141)
	at org.junit.platform.launcher.core.EngineExecutionOrchestrator.execute(EngineExecutionOrchestrator.java:57)
	at org.junit.platform.launcher.core.DefaultLauncher.execute(DefaultLauncher.java:103)
	at org.junit.platform.launcher.core.DefaultLauncher.execute(DefaultLauncher.java:85)
	at org.junit.platform.launcher.core.DelegatingLauncher.execute(DelegatingLauncher.java:47)
	at org.apache.maven.surefire.junitplatform.LazyLauncher.execute(LazyLauncher.java:56)
	at org.apache.maven.surefire.junitplatform.JUnitPlatformProvider.execute(JUnitPlatformProvider.java:184)
	at org.apache.maven.surefire.junitplatform.JUnitPlatformProvider.invokeAllTests(JUnitPlatformProvider.java:148)
	at org.apache.maven.surefire.junitplatform.JUnitPlatformProvider.invoke(JUnitPlatformProvider.java:122)
	at org.apache.maven.surefire.booter.ForkedBooter.runSuitesInProcess(ForkedBooter.java:385)
	at org.apache.maven.surefire.booter.ForkedBooter.execute(ForkedBooter.java:162)
	at org.apache.maven.surefire.booter.ForkedBooter.run(ForkedBooter.java:507)
	at org.apache.maven.surefire.booter.ForkedBooter.main(ForkedBooter.java:495)
Caused by: com.mysql.cj.exceptions.CJCommunicationsException: Communications link failure

The last packet sent successfully to the server was 0 milliseconds ago. The driver has not received any packets from the server.
	at java.base/jdk.internal.reflect.DirectConstructorHandleAccessor.newInstance(DirectConstructorHandleAccessor.java:62)
	at java.base/java.lang.reflect.Constructor.newInstanceWithCaller(Constructor.java:499)
	at java.base/java.lang.reflect.Constructor.newInstance(Constructor.java:483)
	at com.mysql.cj.exceptions.ExceptionFactory.createException(ExceptionFactory.java:61)
	at com.mysql.cj.exceptions.ExceptionFactory.createException(ExceptionFactory.java:104)
	at com.mysql.cj.exceptions.ExceptionFactory.createException(ExceptionFactory.java:149)
	at com.mysql.cj.exceptions.ExceptionFactory.createCommunicationsException(ExceptionFactory.java:165)
	at com.mysql.cj.protocol.a.NativeSocketConnection.connect(NativeSocketConnection.java:88)
	at com.mysql.cj.NativeSession.connect(NativeSession.java:120)
	at com.mysql.cj.jdbc.ConnectionImpl.connectOneTryOnly(ConnectionImpl.java:935)
	at com.mysql.cj.jdbc.ConnectionImpl.createNewIO(ConnectionImpl.java:805)
	... 127 common frames omitted
Caused by: java.net.UnknownHostException: No such host is known (mysql)
	at java.base/java.net.Inet6AddressImpl.lookupAllHostAddr(Native Method)
	at java.base/java.net.Inet6AddressImpl.lookupAllHostAddr(Inet6AddressImpl.java:52)
	at java.base/java.net.InetAddress$PlatformResolver.lookupByName(InetAddress.java:1134)
	at java.base/java.net.InetAddress.getAddressesFromNameService(InetAddress.java:1712)
	at java.base/java.net.InetAddress$NameServiceAddresses.get(InetAddress.java:1060)
	at java.base/java.net.InetAddress.getAllByName0(InetAddress.java:1702)
	at java.base/java.net.InetAddress.getAllByName(InetAddress.java:1582)
	at com.mysql.cj.protocol.StandardSocketFactory.connect(StandardSocketFactory.java:130)
	at com.mysql.cj.protocol.a.NativeSocketConnection.connect(NativeSocketConnection.java:62)
	... 130 common frames omitted
{"timestamp":"2026-06-16 23:22:40","level":"WARN","logger":"org.hibernate.engine.jdbc.env.internal.JdbcEnvironmentInitiator","message":"HHH000342: Could not obtain connection to query metadata"}java.lang.NullPointerException: Cannot invoke "org.hibernate.engine.jdbc.spi.SqlExceptionHelper.convert(java.sql.SQLException, String)" because the return value of "org.hibernate.resource.transaction.backend.jdbc.internal.JdbcIsolationDelegate.sqlExceptionHelper()" is null
	at org.hibernate.resource.transaction.backend.jdbc.internal.JdbcIsolationDelegate.delegateWork(JdbcIsolationDelegate.java:116)
	at org.hibernate.engine.jdbc.env.internal.JdbcEnvironmentInitiator.getJdbcEnvironmentUsingJdbcMetadata(JdbcEnvironmentInitiator.java:276)
	at org.hibernate.engine.jdbc.env.internal.JdbcEnvironmentInitiator.initiateService(JdbcEnvironmentInitiator.java:107)
	at org.hibernate.engine.jdbc.env.internal.JdbcEnvironmentInitiator.initiateService(JdbcEnvironmentInitiator.java:68)
	at org.hibernate.boot.registry.internal.StandardServiceRegistryImpl.initiateService(StandardServiceRegistryImpl.java:130)
	at org.hibernate.service.internal.AbstractServiceRegistryImpl.createService(AbstractServiceRegistryImpl.java:263)
	at org.hibernate.service.internal.AbstractServiceRegistryImpl.initializeService(AbstractServiceRegistryImpl.java:238)
	at org.hibernate.service.internal.AbstractServiceRegistryImpl.getService(AbstractServiceRegistryImpl.java:215)
	at org.hibernate.boot.model.relational.Database.<init>(Database.java:45)
	at org.hibernate.boot.internal.InFlightMetadataCollectorImpl.getDatabase(InFlightMetadataCollectorImpl.java:223)
	at org.hibernate.boot.internal.InFlightMetadataCollectorImpl.<init>(InFlightMetadataCollectorImpl.java:191)
	at org.hibernate.boot.model.process.spi.MetadataBuildingProcess.complete(MetadataBuildingProcess.java:170)
	at org.hibernate.jpa.boot.internal.EntityManagerFactoryBuilderImpl.metadata(EntityManagerFactoryBuilderImpl.java:1432)
	at org.hibernate.jpa.boot.internal.EntityManagerFactoryBuilderImpl.build(EntityManagerFactoryBuilderImpl.java:1503)
	at org.springframework.orm.jpa.vendor.SpringHibernateJpaPersistenceProvider.createContainerEntityManagerFactory(SpringHibernateJpaPersistenceProvider.java:75)
	at org.springframework.orm.jpa.LocalContainerEntityManagerFactoryBean.createNativeEntityManagerFactory(LocalContainerEntityManagerFactoryBean.java:390)
	at org.springframework.orm.jpa.AbstractEntityManagerFactoryBean.buildNativeEntityManagerFactory(AbstractEntityManagerFactoryBean.java:409)
	at org.springframework.orm.jpa.AbstractEntityManagerFactoryBean.afterPropertiesSet(AbstractEntityManagerFactoryBean.java:396)
	at org.springframework.orm.jpa.LocalContainerEntityManagerFactoryBean.afterPropertiesSet(LocalContainerEntityManagerFactoryBean.java:366)
	at org.springframework.beans.factory.support.AbstractAutowireCapableBeanFactory.invokeInitMethods(AbstractAutowireCapableBeanFactory.java:1833)
	at org.springframework.beans.factory.support.AbstractAutowireCapableBeanFactory.initializeBean(AbstractAutowireCapableBeanFactory.java:1782)
	at org.springframework.beans.factory.support.AbstractAutowireCapableBeanFactory.doCreateBean(AbstractAutowireCapableBeanFactory.java:600)
	at org.springframework.beans.factory.support.AbstractAutowireCapableBeanFactory.createBean(AbstractAutowireCapableBeanFactory.java:522)
	at org.springframework.beans.factory.support.AbstractBeanFactory.lambda$doGetBean$0(AbstractBeanFactory.java:326)
	at org.springframework.beans.factory.support.DefaultSingletonBeanRegistry.getSingleton(DefaultSingletonBeanRegistry.java:234)
	at org.springframework.beans.factory.support.AbstractBeanFactory.doGetBean(AbstractBeanFactory.java:324)
	at org.springframework.beans.factory.support.AbstractBeanFactory.getBean(AbstractBeanFactory.java:200)
	at org.springframework.context.support.AbstractApplicationContext.getBean(AbstractApplicationContext.java:1234)
	at org.springframework.context.support.AbstractApplicationContext.finishBeanFactoryInitialization(AbstractApplicationContext.java:952)
	at org.springframework.context.support.AbstractApplicationContext.refresh(AbstractApplicationContext.java:624)
	at org.springframework.boot.SpringApplication.refresh(SpringApplication.java:754)
	at org.springframework.boot.SpringApplication.refreshContext(SpringApplication.java:456)
	at org.springframework.boot.SpringApplication.run(SpringApplication.java:334)
	at org.springframework.boot.test.context.SpringBootContextLoader.lambda$loadContext$3(SpringBootContextLoader.java:137)
	at org.springframework.util.function.ThrowingSupplier.get(ThrowingSupplier.java:58)
	at org.springframework.util.function.ThrowingSupplier.get(ThrowingSupplier.java:46)
	at org.springframework.boot.SpringApplication.withHook(SpringApplication.java:1454)
	at org.springframework.boot.test.context.SpringBootContextLoader$ContextLoaderHook.run(SpringBootContextLoader.java:553)
	at org.springframework.boot.test.context.SpringBootContextLoader.loadContext(SpringBootContextLoader.java:137)
	at org.springframework.boot.test.context.SpringBootContextLoader.loadContext(SpringBootContextLoader.java:108)
	at org.springframework.test.context.cache.DefaultCacheAwareContextLoaderDelegate.loadContextInternal(DefaultCacheAwareContextLoaderDelegate.java:225)
	at org.springframework.test.context.cache.DefaultCacheAwareContextLoaderDelegate.loadContext(DefaultCacheAwareContextLoaderDelegate.java:152)
	at org.springframework.test.context.support.DefaultTestContext.getApplicationContext(DefaultTestContext.java:130)
	at org.springframework.test.context.web.ServletTestExecutionListener.setUpRequestContextIfNecessary(ServletTestExecutionListener.java:191)
	at org.springframework.test.context.web.ServletTestExecutionListener.prepareTestInstance(ServletTestExecutionListener.java:130)
	at org.springframework.test.context.TestContextManager.prepareTestInstance(TestContextManager.java:260)
	at org.springframework.test.context.junit.jupiter.SpringExtension.postProcessTestInstance(SpringExtension.java:163)
	at org.junit.jupiter.engine.descriptor.ClassBasedTestDescriptor.lambda$invokeTestInstancePostProcessors$10(ClassBasedTestDescriptor.java:378)
	at org.junit.jupiter.engine.descriptor.ClassBasedTestDescriptor.executeAndMaskThrowable(ClassBasedTestDescriptor.java:383)
	at org.junit.jupiter.engine.descriptor.ClassBasedTestDescriptor.lambda$invokeTestInstancePostProcessors$11(ClassBasedTestDescriptor.java:378)
	at java.base/java.util.stream.ReferencePipeline$3$1.accept(ReferencePipeline.java:214)
	at java.base/java.util.stream.ReferencePipeline$2$1.accept(ReferencePipeline.java:197)
	at java.base/java.util.ArrayList$ArrayListSpliterator.forEachRemaining(ArrayList.java:1716)
	at java.base/java.util.stream.AbstractPipeline.copyInto(AbstractPipeline.java:570)
	at java.base/java.util.stream.AbstractPipeline.wrapAndCopyInto(AbstractPipeline.java:560)
	at java.base/java.util.stream.StreamSpliterators$WrappingSpliterator.forEachRemaining(StreamSpliterators.java:315)
	at java.base/java.util.stream.Streams$ConcatSpliterator.forEachRemaining(Streams.java:735)
	at java.base/java.util.stream.Streams$ConcatSpliterator.forEachRemaining(Streams.java:734)
	at java.base/java.util.stream.ReferencePipeline$Head.forEach(ReferencePipeline.java:803)
	at org.junit.jupiter.engine.descriptor.ClassBasedTestDescriptor.invokeTestInstancePostProcessors(ClassBasedTestDescriptor.java:377)
	at org.junit.jupiter.engine.descriptor.ClassBasedTestDescriptor.lambda$instantiateAndPostProcessTestInstance$6(ClassBasedTestDescriptor.java:290)
	at org.junit.platform.engine.support.hierarchical.ThrowableCollector.execute(ThrowableCollector.java:73)
	at org.junit.jupiter.engine.descriptor.ClassBasedTestDescriptor.instantiateAndPostProcessTestInstance(ClassBasedTestDescriptor.java:289)
	at org.junit.jupiter.engine.descriptor.ClassBasedTestDescriptor.lambda$testInstancesProvider$4(ClassBasedTestDescriptor.java:279)
	at java.base/java.util.Optional.orElseGet(Optional.java:364)
	at org.junit.jupiter.engine.descriptor.ClassBasedTestDescriptor.lambda$testInstancesProvider$5(ClassBasedTestDescriptor.java:278)
	at org.junit.jupiter.engine.execution.TestInstancesProvider.getTestInstances(TestInstancesProvider.java:31)
	at org.junit.jupiter.engine.descriptor.TestMethodTestDescriptor.lambda$prepare$0(TestMethodTestDescriptor.java:106)
	at org.junit.platform.engine.support.hierarchical.ThrowableCollector.execute(ThrowableCollector.java:73)
	at org.junit.jupiter.engine.descriptor.TestMethodTestDescriptor.prepare(TestMethodTestDescriptor.java:105)
	at org.junit.jupiter.engine.descriptor.TestMethodTestDescriptor.prepare(TestMethodTestDescriptor.java:69)
	at org.junit.platform.engine.support.hierarchical.NodeTestTask.lambda$prepare$2(NodeTestTask.java:123)
	at org.junit.platform.engine.support.hierarchical.ThrowableCollector.execute(ThrowableCollector.java:73)
	at org.junit.platform.engine.support.hierarchical.NodeTestTask.prepare(NodeTestTask.java:123)
	at org.junit.platform.engine.support.hierarchical.NodeTestTask.execute(NodeTestTask.java:90)
	at java.base/java.util.ArrayList.forEach(ArrayList.java:1604)
	at org.junit.platform.engine.support.hierarchical.SameThreadHierarchicalTestExecutorService.invokeAll(SameThreadHierarchicalTestExecutorService.java:41)
	at org.junit.platform.engine.support.hierarchical.NodeTestTask.lambda$executeRecursively$6(NodeTestTask.java:155)
	at org.junit.platform.engine.support.hierarchical.ThrowableCollector.execute(ThrowableCollector.java:73)
	at org.junit.platform.engine.support.hierarchical.NodeTestTask.lambda$executeRecursively$8(NodeTestTask.java:141)
	at org.junit.platform.engine.support.hierarchical.Node.around(Node.java:137)
	at org.junit.platform.engine.support.hierarchical.NodeTestTask.lambda$executeRecursively$9(NodeTestTask.java:139)
	at org.junit.platform.engine.support.hierarchical.ThrowableCollector.execute(ThrowableCollector.java:73)
	at org.junit.platform.engine.support.hierarchical.NodeTestTask.executeRecursively(NodeTestTask.java:138)
	at org.junit.platform.engine.support.hierarchical.NodeTestTask.execute(NodeTestTask.java:95)
	at java.base/java.util.ArrayList.forEach(ArrayList.java:1604)
	at org.junit.platform.engine.support.hierarchical.SameThreadHierarchicalTestExecutorService.invokeAll(SameThreadHierarchicalTestExecutorService.java:41)
	at org.junit.platform.engine.support.hierarchical.NodeTestTask.lambda$executeRecursively$6(NodeTestTask.java:155)
	at org.junit.platform.engine.support.hierarchical.ThrowableCollector.execute(ThrowableCollector.java:73)
	at org.junit.platform.engine.support.hierarchical.NodeTestTask.lambda$executeRecursively$8(NodeTestTask.java:141)
	at org.junit.platform.engine.support.hierarchical.Node.around(Node.java:137)
	at org.junit.platform.engine.support.hierarchical.NodeTestTask.lambda$executeRecursively$9(NodeTestTask.java:139)
	at org.junit.platform.engine.support.hierarchical.ThrowableCollector.execute(ThrowableCollector.java:73)
	at org.junit.platform.engine.support.hierarchical.NodeTestTask.executeRecursively(NodeTestTask.java:138)
	at org.junit.platform.engine.support.hierarchical.NodeTestTask.execute(NodeTestTask.java:95)
	at org.junit.platform.engine.support.hierarchical.SameThreadHierarchicalTestExecutorService.submit(SameThreadHierarchicalTestExecutorService.java:35)
	at org.junit.platform.engine.support.hierarchical.HierarchicalTestExecutor.execute(HierarchicalTestExecutor.java:57)
	at org.junit.platform.engine.support.hierarchical.HierarchicalTestEngine.execute(HierarchicalTestEngine.java:54)
	at org.junit.platform.launcher.core.EngineExecutionOrchestrator.execute(EngineExecutionOrchestrator.java:198)
	at org.junit.platform.launcher.core.EngineExecutionOrchestrator.execute(EngineExecutionOrchestrator.java:169)
	at org.junit.platform.launcher.core.EngineExecutionOrchestrator.execute(EngineExecutionOrchestrator.java:93)
	at org.junit.platform.launcher.core.EngineExecutionOrchestrator.lambda$execute$0(EngineExecutionOrchestrator.java:58)
	at org.junit.platform.launcher.core.EngineExecutionOrchestrator.withInterceptedStreams(EngineExecutionOrchestrator.java:141)
	at org.junit.platform.launcher.core.EngineExecutionOrchestrator.execute(EngineExecutionOrchestrator.java:57)
	at org.junit.platform.launcher.core.DefaultLauncher.execute(DefaultLauncher.java:103)
	at org.junit.platform.launcher.core.DefaultLauncher.execute(DefaultLauncher.java:85)
	at org.junit.platform.launcher.core.DelegatingLauncher.execute(DelegatingLauncher.java:47)
	at org.apache.maven.surefire.junitplatform.LazyLauncher.execute(LazyLauncher.java:56)
	at org.apache.maven.surefire.junitplatform.JUnitPlatformProvider.execute(JUnitPlatformProvider.java:184)
	at org.apache.maven.surefire.junitplatform.JUnitPlatformProvider.invokeAllTests(JUnitPlatformProvider.java:148)
	at org.apache.maven.surefire.junitplatform.JUnitPlatformProvider.invoke(JUnitPlatformProvider.java:122)
	at org.apache.maven.surefire.booter.ForkedBooter.runSuitesInProcess(ForkedBooter.java:385)
	at org.apache.maven.surefire.booter.ForkedBooter.execute(ForkedBooter.java:162)
	at org.apache.maven.surefire.booter.ForkedBooter.run(ForkedBooter.java:507)
	at org.apache.maven.surefire.booter.ForkedBooter.main(ForkedBooter.java:495)
{"timestamp":"2026-06-16 23:22:40","level":"ERROR","logger":"org.springframework.orm.jpa.LocalContainerEntityManagerFactoryBean","message":"Failed to initialize JPA EntityManagerFactory: Unable to create requested service [org.hibernate.engine.jdbc.env.spi.JdbcEnvironment] due to: Unable to determine Dialect without JDBC metadata (please set 'jakarta.persistence.jdbc.url' for common cases or 'hibernate.dialect' when a custom Dialect implementation must be provided)"}{"timestamp":"2026-06-16 23:22:40","level":"WARN","logger":"org.springframework.web.context.support.GenericWebApplicationContext","message":"Exception encountered during context initialization - cancelling refresh attempt: org.springframework.beans.factory.BeanCreationException: Error creating bean with name 'entityManagerFactory' defined in class path resource [org/springframework/boot/autoconfigure/orm/jpa/HibernateJpaConfiguration.class]: Unable to create requested service [org.hibernate.engine.jdbc.env.spi.JdbcEnvironment] due to: Unable to determine Dialect without JDBC metadata (please set 'jakarta.persistence.jdbc.url' for common cases or 'hibernate.dialect' when a custom Dialect implementation must be provided)"}{"timestamp":"2026-06-16 23:22:40","level":"INFO","logger":"org.springframework.boot.autoconfigure.logging.ConditionEvaluationReportLogger","message":"

Error starting ApplicationContext. To display the condition evaluation report re-run your application with 'debug' enabled."}{"timestamp":"2026-06-16 23:22:40","level":"ERROR","logger":"org.springframework.boot.SpringApplication","message":"Application run failed"}org.springframework.beans.factory.BeanCreationException: Error creating bean with name 'entityManagerFactory' defined in class path resource [org/springframework/boot/autoconfigure/orm/jpa/HibernateJpaConfiguration.class]: Unable to create requested service [org.hibernate.engine.jdbc.env.spi.JdbcEnvironment] due to: Unable to determine Dialect without JDBC metadata (please set 'jakarta.persistence.jdbc.url' for common cases or 'hibernate.dialect' when a custom Dialect implementation must be provided)
	at org.springframework.beans.factory.support.AbstractAutowireCapableBeanFactory.initializeBean(AbstractAutowireCapableBeanFactory.java:1786)
	at org.springframework.beans.factory.support.AbstractAutowireCapableBeanFactory.doCreateBean(AbstractAutowireCapableBeanFactory.java:600)
	at org.springframework.beans.factory.support.AbstractAutowireCapableBeanFactory.createBean(AbstractAutowireCapableBeanFactory.java:522)
	at org.springframework.beans.factory.support.AbstractBeanFactory.lambda$doGetBean$0(AbstractBeanFactory.java:326)
	at org.springframework.beans.factory.support.DefaultSingletonBeanRegistry.getSingleton(DefaultSingletonBeanRegistry.java:234)
	at org.springframework.beans.factory.support.AbstractBeanFactory.doGetBean(AbstractBeanFactory.java:324)
	at org.springframework.beans.factory.support.AbstractBeanFactory.getBean(AbstractBeanFactory.java:200)
	at org.springframework.context.support.AbstractApplicationContext.getBean(AbstractApplicationContext.java:1234)
	at org.springframework.context.support.AbstractApplicationContext.finishBeanFactoryInitialization(AbstractApplicationContext.java:952)
	at org.springframework.context.support.AbstractApplicationContext.refresh(AbstractApplicationContext.java:624)
	at org.springframework.boot.SpringApplication.refresh(SpringApplication.java:754)
	at org.springframework.boot.SpringApplication.refreshContext(SpringApplication.java:456)
	at org.springframework.boot.SpringApplication.run(SpringApplication.java:334)
	at org.springframework.boot.test.context.SpringBootContextLoader.lambda$loadContext$3(SpringBootContextLoader.java:137)
	at org.springframework.util.function.ThrowingSupplier.get(ThrowingSupplier.java:58)
	at org.springframework.util.function.ThrowingSupplier.get(ThrowingSupplier.java:46)
	at org.springframework.boot.SpringApplication.withHook(SpringApplication.java:1454)
	at org.springframework.boot.test.context.SpringBootContextLoader$ContextLoaderHook.run(SpringBootContextLoader.java:553)
	at org.springframework.boot.test.context.SpringBootContextLoader.loadContext(SpringBootContextLoader.java:137)
	at org.springframework.boot.test.context.SpringBootContextLoader.loadContext(SpringBootContextLoader.java:108)
	at org.springframework.test.context.cache.DefaultCacheAwareContextLoaderDelegate.loadContextInternal(DefaultCacheAwareContextLoaderDelegate.java:225)
	at org.springframework.test.context.cache.DefaultCacheAwareContextLoaderDelegate.loadContext(DefaultCacheAwareContextLoaderDelegate.java:152)
	at org.springframework.test.context.support.DefaultTestContext.getApplicationContext(DefaultTestContext.java:130)
	at org.springframework.test.context.web.ServletTestExecutionListener.setUpRequestContextIfNecessary(ServletTestExecutionListener.java:191)
	at org.springframework.test.context.web.ServletTestExecutionListener.prepareTestInstance(ServletTestExecutionListener.java:130)
	at org.springframework.test.context.TestContextManager.prepareTestInstance(TestContextManager.java:260)
	at org.springframework.test.context.junit.jupiter.SpringExtension.postProcessTestInstance(SpringExtension.java:163)
	at org.junit.jupiter.engine.descriptor.ClassBasedTestDescriptor.lambda$invokeTestInstancePostProcessors$10(ClassBasedTestDescriptor.java:378)
	at org.junit.jupiter.engine.descriptor.ClassBasedTestDescriptor.executeAndMaskThrowable(ClassBasedTestDescriptor.java:383)
	at org.junit.jupiter.engine.descriptor.ClassBasedTestDescriptor.lambda$invokeTestInstancePostProcessors$11(ClassBasedTestDescriptor.java:378)
	at java.base/java.util.stream.ReferencePipeline$3$1.accept(ReferencePipeline.java:214)
	at java.base/java.util.stream.ReferencePipeline$2$1.accept(ReferencePipeline.java:197)
	at java.base/java.util.ArrayList$ArrayListSpliterator.forEachRemaining(ArrayList.java:1716)
	at java.base/java.util.stream.AbstractPipeline.copyInto(AbstractPipeline.java:570)
	at java.base/java.util.stream.AbstractPipeline.wrapAndCopyInto(AbstractPipeline.java:560)
	at java.base/java.util.stream.StreamSpliterators$WrappingSpliterator.forEachRemaining(StreamSpliterators.java:315)
	at java.base/java.util.stream.Streams$ConcatSpliterator.forEachRemaining(Streams.java:735)
	at java.base/java.util.stream.Streams$ConcatSpliterator.forEachRemaining(Streams.java:734)
	at java.base/java.util.stream.ReferencePipeline$Head.forEach(ReferencePipeline.java:803)
	at org.junit.jupiter.engine.descriptor.ClassBasedTestDescriptor.invokeTestInstancePostProcessors(ClassBasedTestDescriptor.java:377)
	at org.junit.jupiter.engine.descriptor.ClassBasedTestDescriptor.lambda$instantiateAndPostProcessTestInstance$6(ClassBasedTestDescriptor.java:290)
	at org.junit.platform.engine.support.hierarchical.ThrowableCollector.execute(ThrowableCollector.java:73)
	at org.junit.jupiter.engine.descriptor.ClassBasedTestDescriptor.instantiateAndPostProcessTestInstance(ClassBasedTestDescriptor.java:289)
	at org.junit.jupiter.engine.descriptor.ClassBasedTestDescriptor.lambda$testInstancesProvider$4(ClassBasedTestDescriptor.java:279)
	at java.base/java.util.Optional.orElseGet(Optional.java:364)
	at org.junit.jupiter.engine.descriptor.ClassBasedTestDescriptor.lambda$testInstancesProvider$5(ClassBasedTestDescriptor.java:278)
	at org.junit.jupiter.engine.execution.TestInstancesProvider.getTestInstances(TestInstancesProvider.java:31)
	at org.junit.jupiter.engine.descriptor.TestMethodTestDescriptor.lambda$prepare$0(TestMethodTestDescriptor.java:106)
	at org.junit.platform.engine.support.hierarchical.ThrowableCollector.execute(ThrowableCollector.java:73)
	at org.junit.jupiter.engine.descriptor.TestMethodTestDescriptor.prepare(TestMethodTestDescriptor.java:105)
	at org.junit.jupiter.engine.descriptor.TestMethodTestDescriptor.prepare(TestMethodTestDescriptor.java:69)
	at org.junit.platform.engine.support.hierarchical.NodeTestTask.lambda$prepare$2(NodeTestTask.java:123)
	at org.junit.platform.engine.support.hierarchical.ThrowableCollector.execute(ThrowableCollector.java:73)
	at org.junit.platform.engine.support.hierarchical.NodeTestTask.prepare(NodeTestTask.java:123)
	at org.junit.platform.engine.support.hierarchical.NodeTestTask.execute(NodeTestTask.java:90)
	at java.base/java.util.ArrayList.forEach(ArrayList.java:1604)
	at org.junit.platform.engine.support.hierarchical.SameThreadHierarchicalTestExecutorService.invokeAll(SameThreadHierarchicalTestExecutorService.java:41)
	at org.junit.platform.engine.support.hierarchical.NodeTestTask.lambda$executeRecursively$6(NodeTestTask.java:155)
	at org.junit.platform.engine.support.hierarchical.ThrowableCollector.execute(ThrowableCollector.java:73)
	at org.junit.platform.engine.support.hierarchical.NodeTestTask.lambda$executeRecursively$8(NodeTestTask.java:141)
	at org.junit.platform.engine.support.hierarchical.Node.around(Node.java:137)
	at org.junit.platform.engine.support.hierarchical.NodeTestTask.lambda$executeRecursively$9(NodeTestTask.java:139)
	at org.junit.platform.engine.support.hierarchical.ThrowableCollector.execute(ThrowableCollector.java:73)
	at org.junit.platform.engine.support.hierarchical.NodeTestTask.executeRecursively(NodeTestTask.java:138)
	at org.junit.platform.engine.support.hierarchical.NodeTestTask.execute(NodeTestTask.java:95)
	at java.base/java.util.ArrayList.forEach(ArrayList.java:1604)
	at org.junit.platform.engine.support.hierarchical.SameThreadHierarchicalTestExecutorService.invokeAll(SameThreadHierarchicalTestExecutorService.java:41)
	at org.junit.platform.engine.support.hierarchical.NodeTestTask.lambda$executeRecursively$6(NodeTestTask.java:155)
	at org.junit.platform.engine.support.hierarchical.ThrowableCollector.execute(ThrowableCollector.java:73)
	at org.junit.platform.engine.support.hierarchical.NodeTestTask.lambda$executeRecursively$8(NodeTestTask.java:141)
	at org.junit.platform.engine.support.hierarchical.Node.around(Node.java:137)
	at org.junit.platform.engine.support.hierarchical.NodeTestTask.lambda$executeRecursively$9(NodeTestTask.java:139)
	at org.junit.platform.engine.support.hierarchical.ThrowableCollector.execute(ThrowableCollector.java:73)
	at org.junit.platform.engine.support.hierarchical.NodeTestTask.executeRecursively(NodeTestTask.java:138)
	at org.junit.platform.engine.support.hierarchical.NodeTestTask.execute(NodeTestTask.java:95)
	at org.junit.platform.engine.support.hierarchical.SameThreadHierarchicalTestExecutorService.submit(SameThreadHierarchicalTestExecutorService.java:35)
	at org.junit.platform.engine.support.hierarchical.HierarchicalTestExecutor.execute(HierarchicalTestExecutor.java:57)
	at org.junit.platform.engine.support.hierarchical.HierarchicalTestEngine.execute(HierarchicalTestEngine.java:54)
	at org.junit.platform.launcher.core.EngineExecutionOrchestrator.execute(EngineExecutionOrchestrator.java:198)
	at org.junit.platform.launcher.core.EngineExecutionOrchestrator.execute(EngineExecutionOrchestrator.java:169)
	at org.junit.platform.launcher.core.EngineExecutionOrchestrator.execute(EngineExecutionOrchestrator.java:93)
	at org.junit.platform.launcher.core.EngineExecutionOrchestrator.lambda$execute$0(EngineExecutionOrchestrator.java:58)
	at org.junit.platform.launcher.core.EngineExecutionOrchestrator.withInterceptedStreams(EngineExecutionOrchestrator.java:141)
	at org.junit.platform.launcher.core.EngineExecutionOrchestrator.execute(EngineExecutionOrchestrator.java:57)
	at org.junit.platform.launcher.core.DefaultLauncher.execute(DefaultLauncher.java:103)
	at org.junit.platform.launcher.core.DefaultLauncher.execute(DefaultLauncher.java:85)
	at org.junit.platform.launcher.core.DelegatingLauncher.execute(DelegatingLauncher.java:47)
	at org.apache.maven.surefire.junitplatform.LazyLauncher.execute(LazyLauncher.java:56)
	at org.apache.maven.surefire.junitplatform.JUnitPlatformProvider.execute(JUnitPlatformProvider.java:184)
	at org.apache.maven.surefire.junitplatform.JUnitPlatformProvider.invokeAllTests(JUnitPlatformProvider.java:148)
	at org.apache.maven.surefire.junitplatform.JUnitPlatformProvider.invoke(JUnitPlatformProvider.java:122)
	at org.apache.maven.surefire.booter.ForkedBooter.runSuitesInProcess(ForkedBooter.java:385)
	at org.apache.maven.surefire.booter.ForkedBooter.execute(ForkedBooter.java:162)
	at org.apache.maven.surefire.booter.ForkedBooter.run(ForkedBooter.java:507)
	at org.apache.maven.surefire.booter.ForkedBooter.main(ForkedBooter.java:495)
Caused by: org.hibernate.service.spi.ServiceException: Unable to create requested service [org.hibernate.engine.jdbc.env.spi.JdbcEnvironment] due to: Unable to determine Dialect without JDBC metadata (please set 'jakarta.persistence.jdbc.url' for common cases or 'hibernate.dialect' when a custom Dialect implementation must be provided)
	at org.hibernate.service.internal.AbstractServiceRegistryImpl.createService(AbstractServiceRegistryImpl.java:276)
	at org.hibernate.service.internal.AbstractServiceRegistryImpl.initializeService(AbstractServiceRegistryImpl.java:238)
	at org.hibernate.service.internal.AbstractServiceRegistryImpl.getService(AbstractServiceRegistryImpl.java:215)
	at org.hibernate.boot.model.relational.Database.<init>(Database.java:45)
	at org.hibernate.boot.internal.InFlightMetadataCollectorImpl.getDatabase(InFlightMetadataCollectorImpl.java:223)
	at org.hibernate.boot.internal.InFlightMetadataCollectorImpl.<init>(InFlightMetadataCollectorImpl.java:191)
	at org.hibernate.boot.model.process.spi.MetadataBuildingProcess.complete(MetadataBuildingProcess.java:170)
	at org.hibernate.jpa.boot.internal.EntityManagerFactoryBuilderImpl.metadata(EntityManagerFactoryBuilderImpl.java:1432)
	at org.hibernate.jpa.boot.internal.EntityManagerFactoryBuilderImpl.build(EntityManagerFactoryBuilderImpl.java:1503)
	at org.springframework.orm.jpa.vendor.SpringHibernateJpaPersistenceProvider.createContainerEntityManagerFactory(SpringHibernateJpaPersistenceProvider.java:75)
	at org.springframework.orm.jpa.LocalContainerEntityManagerFactoryBean.createNativeEntityManagerFactory(LocalContainerEntityManagerFactoryBean.java:390)
	at org.springframework.orm.jpa.AbstractEntityManagerFactoryBean.buildNativeEntityManagerFactory(AbstractEntityManagerFactoryBean.java:409)
	at org.springframework.orm.jpa.AbstractEntityManagerFactoryBean.afterPropertiesSet(AbstractEntityManagerFactoryBean.java:396)
	at org.springframework.orm.jpa.LocalContainerEntityManagerFactoryBean.afterPropertiesSet(LocalContainerEntityManagerFactoryBean.java:366)
	at org.springframework.beans.factory.support.AbstractAutowireCapableBeanFactory.invokeInitMethods(AbstractAutowireCapableBeanFactory.java:1833)
	at org.springframework.beans.factory.support.AbstractAutowireCapableBeanFactory.initializeBean(AbstractAutowireCapableBeanFactory.java:1782)
	... 94 common frames omitted
Caused by: org.hibernate.HibernateException: Unable to determine Dialect without JDBC metadata (please set 'jakarta.persistence.jdbc.url' for common cases or 'hibernate.dialect' when a custom Dialect implementation must be provided)
	at org.hibernate.engine.jdbc.dialect.internal.DialectFactoryImpl.determineDialect(DialectFactoryImpl.java:191)
	at org.hibernate.engine.jdbc.dialect.internal.DialectFactoryImpl.buildDialect(DialectFactoryImpl.java:87)
	at org.hibernate.engine.jdbc.env.internal.JdbcEnvironmentInitiator.getJdbcEnvironmentWithDefaults(JdbcEnvironmentInitiator.java:143)
	at org.hibernate.engine.jdbc.env.internal.JdbcEnvironmentInitiator.getJdbcEnvironmentUsingJdbcMetadata(JdbcEnvironmentInitiator.java:348)
	at org.hibernate.engine.jdbc.env.internal.JdbcEnvironmentInitiator.initiateService(JdbcEnvironmentInitiator.java:107)
	at org.hibernate.engine.jdbc.env.internal.JdbcEnvironmentInitiator.initiateService(JdbcEnvironmentInitiator.java:68)
	at org.hibernate.boot.registry.internal.StandardServiceRegistryImpl.initiateService(StandardServiceRegistryImpl.java:130)
	at org.hibernate.service.internal.AbstractServiceRegistryImpl.createService(AbstractServiceRegistryImpl.java:263)
	... 109 common frames omitted
{"timestamp":"2026-06-16 23:22:40","level":"WARN","logger":"org.springframework.test.context.TestContextManager","message":"Caught exception while allowing TestExecutionListener [org.springframework.test.context.web.ServletTestExecutionListener] to prepare test instance [com.example.BE.BeApplicationTests@60861e5d]"}java.lang.IllegalStateException: Failed to load ApplicationContext for [WebMergedContextConfiguration@4cfe9594 testClass = com.example.BE.BeApplicationTests, locations = [], classes = [com.example.BE.BeApplication], contextInitializerClasses = [], activeProfiles = [], propertySourceDescriptors = [], propertySourceProperties = ["org.springframework.boot.test.context.SpringBootTestContextBootstrapper=true"], contextCustomizers = [org.springframework.boot.test.context.filter.ExcludeFilterContextCustomizer@7a35b0f5, org.springframework.boot.test.json.DuplicateJsonObjectContextCustomizerFactory$DuplicateJsonObjectContextCustomizer@645aa696, org.springframework.boot.test.mock.mockito.MockitoContextCustomizer@0, org.springframework.boot.test.web.client.TestRestTemplateContextCustomizer@5890e879, org.springframework.boot.test.autoconfigure.actuate.observability.ObservabilityContextCustomizerFactory$DisableObservabilityContextCustomizer@1f, org.springframework.boot.test.autoconfigure.properties.PropertyMappingContextCustomizer@0, org.springframework.boot.test.autoconfigure.web.servlet.WebDriverContextCustomizer@304bb45b, org.springframework.boot.test.context.SpringBootTestAnnotation@a0c6845b], resourceBasePath = "src/main/webapp", contextLoader = org.springframework.boot.test.context.SpringBootContextLoader, parent = null]
	at org.springframework.test.context.cache.DefaultCacheAwareContextLoaderDelegate.loadContext(DefaultCacheAwareContextLoaderDelegate.java:180)
	at org.springframework.test.context.support.DefaultTestContext.getApplicationContext(DefaultTestContext.java:130)
	at org.springframework.test.context.web.ServletTestExecutionListener.setUpRequestContextIfNecessary(ServletTestExecutionListener.java:191)
	at org.springframework.test.context.web.ServletTestExecutionListener.prepareTestInstance(ServletTestExecutionListener.java:130)
	at org.springframework.test.context.TestContextManager.prepareTestInstance(TestContextManager.java:260)
	at org.springframework.test.context.junit.jupiter.SpringExtension.postProcessTestInstance(SpringExtension.java:163)
	at org.junit.jupiter.engine.descriptor.ClassBasedTestDescriptor.lambda$invokeTestInstancePostProcessors$10(ClassBasedTestDescriptor.java:378)
	at org.junit.jupiter.engine.descriptor.ClassBasedTestDescriptor.executeAndMaskThrowable(ClassBasedTestDescriptor.java:383)
	at org.junit.jupiter.engine.descriptor.ClassBasedTestDescriptor.lambda$invokeTestInstancePostProcessors$11(ClassBasedTestDescriptor.java:378)
	at java.base/java.util.stream.ReferencePipeline$3$1.accept(ReferencePipeline.java:214)
	at java.base/java.util.stream.ReferencePipeline$2$1.accept(ReferencePipeline.java:197)
	at java.base/java.util.ArrayList$ArrayListSpliterator.forEachRemaining(ArrayList.java:1716)
	at java.base/java.util.stream.AbstractPipeline.copyInto(AbstractPipeline.java:570)
	at java.base/java.util.stream.AbstractPipeline.wrapAndCopyInto(AbstractPipeline.java:560)
	at java.base/java.util.stream.StreamSpliterators$WrappingSpliterator.forEachRemaining(StreamSpliterators.java:315)
	at java.base/java.util.stream.Streams$ConcatSpliterator.forEachRemaining(Streams.java:735)
	at java.base/java.util.stream.Streams$ConcatSpliterator.forEachRemaining(Streams.java:734)
	at java.base/java.util.stream.ReferencePipeline$Head.forEach(ReferencePipeline.java:803)
	at org.junit.jupiter.engine.descriptor.ClassBasedTestDescriptor.invokeTestInstancePostProcessors(ClassBasedTestDescriptor.java:377)
	at org.junit.jupiter.engine.descriptor.ClassBasedTestDescriptor.lambda$instantiateAndPostProcessTestInstance$6(ClassBasedTestDescriptor.java:290)
	at org.junit.platform.engine.support.hierarchical.ThrowableCollector.execute(ThrowableCollector.java:73)
	at org.junit.jupiter.engine.descriptor.ClassBasedTestDescriptor.instantiateAndPostProcessTestInstance(ClassBasedTestDescriptor.java:289)
	at org.junit.jupiter.engine.descriptor.ClassBasedTestDescriptor.lambda$testInstancesProvider$4(ClassBasedTestDescriptor.java:279)
	at java.base/java.util.Optional.orElseGet(Optional.java:364)
	at org.junit.jupiter.engine.descriptor.ClassBasedTestDescriptor.lambda$testInstancesProvider$5(ClassBasedTestDescriptor.java:278)
	at org.junit.jupiter.engine.execution.TestInstancesProvider.getTestInstances(TestInstancesProvider.java:31)
	at org.junit.jupiter.engine.descriptor.TestMethodTestDescriptor.lambda$prepare$0(TestMethodTestDescriptor.java:106)
	at org.junit.platform.engine.support.hierarchical.ThrowableCollector.execute(ThrowableCollector.java:73)
	at org.junit.jupiter.engine.descriptor.TestMethodTestDescriptor.prepare(TestMethodTestDescriptor.java:105)
	at org.junit.jupiter.engine.descriptor.TestMethodTestDescriptor.prepare(TestMethodTestDescriptor.java:69)
	at org.junit.platform.engine.support.hierarchical.NodeTestTask.lambda$prepare$2(NodeTestTask.java:123)
	at org.junit.platform.engine.support.hierarchical.ThrowableCollector.execute(ThrowableCollector.java:73)
	at org.junit.platform.engine.support.hierarchical.NodeTestTask.prepare(NodeTestTask.java:123)
	at org.junit.platform.engine.support.hierarchical.NodeTestTask.execute(NodeTestTask.java:90)
	at java.base/java.util.ArrayList.forEach(ArrayList.java:1604)
	at org.junit.platform.engine.support.hierarchical.SameThreadHierarchicalTestExecutorService.invokeAll(SameThreadHierarchicalTestExecutorService.java:41)
	at org.junit.platform.engine.support.hierarchical.NodeTestTask.lambda$executeRecursively$6(NodeTestTask.java:155)
	at org.junit.platform.engine.support.hierarchical.ThrowableCollector.execute(ThrowableCollector.java:73)
	at org.junit.platform.engine.support.hierarchical.NodeTestTask.lambda$executeRecursively$8(NodeTestTask.java:141)
	at org.junit.platform.engine.support.hierarchical.Node.around(Node.java:137)
	at org.junit.platform.engine.support.hierarchical.NodeTestTask.lambda$executeRecursively$9(NodeTestTask.java:139)
	at org.junit.platform.engine.support.hierarchical.ThrowableCollector.execute(ThrowableCollector.java:73)
	at org.junit.platform.engine.support.hierarchical.NodeTestTask.executeRecursively(NodeTestTask.java:138)
	at org.junit.platform.engine.support.hierarchical.NodeTestTask.execute(NodeTestTask.java:95)
	at java.base/java.util.ArrayList.forEach(ArrayList.java:1604)
	at org.junit.platform.engine.support.hierarchical.SameThreadHierarchicalTestExecutorService.invokeAll(SameThreadHierarchicalTestExecutorService.java:41)
	at org.junit.platform.engine.support.hierarchical.NodeTestTask.lambda$executeRecursively$6(NodeTestTask.java:155)
	at org.junit.platform.engine.support.hierarchical.ThrowableCollector.execute(ThrowableCollector.java:73)
	at org.junit.platform.engine.support.hierarchical.NodeTestTask.lambda$executeRecursively$8(NodeTestTask.java:141)
	at org.junit.platform.engine.support.hierarchical.Node.around(Node.java:137)
	at org.junit.platform.engine.support.hierarchical.NodeTestTask.lambda$executeRecursively$9(NodeTestTask.java:139)
	at org.junit.platform.engine.support.hierarchical.ThrowableCollector.execute(ThrowableCollector.java:73)
	at org.junit.platform.engine.support.hierarchical.NodeTestTask.executeRecursively(NodeTestTask.java:138)
	at org.junit.platform.engine.support.hierarchical.NodeTestTask.execute(NodeTestTask.java:95)
	at org.junit.platform.engine.support.hierarchical.SameThreadHierarchicalTestExecutorService.submit(SameThreadHierarchicalTestExecutorService.java:35)
	at org.junit.platform.engine.support.hierarchical.HierarchicalTestExecutor.execute(HierarchicalTestExecutor.java:57)
	at org.junit.platform.engine.support.hierarchical.HierarchicalTestEngine.execute(HierarchicalTestEngine.java:54)
	at org.junit.platform.launcher.core.EngineExecutionOrchestrator.execute(EngineExecutionOrchestrator.java:198)
	at org.junit.platform.launcher.core.EngineExecutionOrchestrator.execute(EngineExecutionOrchestrator.java:169)
	at org.junit.platform.launcher.core.EngineExecutionOrchestrator.execute(EngineExecutionOrchestrator.java:93)
	at org.junit.platform.launcher.core.EngineExecutionOrchestrator.lambda$execute$0(EngineExecutionOrchestrator.java:58)
	at org.junit.platform.launcher.core.EngineExecutionOrchestrator.withInterceptedStreams(EngineExecutionOrchestrator.java:141)
	at org.junit.platform.launcher.core.EngineExecutionOrchestrator.execute(EngineExecutionOrchestrator.java:57)
	at org.junit.platform.launcher.core.DefaultLauncher.execute(DefaultLauncher.java:103)
	at org.junit.platform.launcher.core.DefaultLauncher.execute(DefaultLauncher.java:85)
	at org.junit.platform.launcher.core.DelegatingLauncher.execute(DelegatingLauncher.java:47)
	at org.apache.maven.surefire.junitplatform.LazyLauncher.execute(LazyLauncher.java:56)
	at org.apache.maven.surefire.junitplatform.JUnitPlatformProvider.execute(JUnitPlatformProvider.java:184)
	at org.apache.maven.surefire.junitplatform.JUnitPlatformProvider.invokeAllTests(JUnitPlatformProvider.java:148)
	at org.apache.maven.surefire.junitplatform.JUnitPlatformProvider.invoke(JUnitPlatformProvider.java:122)
	at org.apache.maven.surefire.booter.ForkedBooter.runSuitesInProcess(ForkedBooter.java:385)
	at org.apache.maven.surefire.booter.ForkedBooter.execute(ForkedBooter.java:162)
	at org.apache.maven.surefire.booter.ForkedBooter.run(ForkedBooter.java:507)
	at org.apache.maven.surefire.booter.ForkedBooter.main(ForkedBooter.java:495)
Caused by: org.springframework.beans.factory.BeanCreationException: Error creating bean with name 'entityManagerFactory' defined in class path resource [org/springframework/boot/autoconfigure/orm/jpa/HibernateJpaConfiguration.class]: Unable to create requested service [org.hibernate.engine.jdbc.env.spi.JdbcEnvironment] due to: Unable to determine Dialect without JDBC metadata (please set 'jakarta.persistence.jdbc.url' for common cases or 'hibernate.dialect' when a custom Dialect implementation must be provided)
	at org.springframework.beans.factory.support.AbstractAutowireCapableBeanFactory.initializeBean(AbstractAutowireCapableBeanFactory.java:1786)
	at org.springframework.beans.factory.support.AbstractAutowireCapableBeanFactory.doCreateBean(AbstractAutowireCapableBeanFactory.java:600)
	at org.springframework.beans.factory.support.AbstractAutowireCapableBeanFactory.createBean(AbstractAutowireCapableBeanFactory.java:522)
	at org.springframework.beans.factory.support.AbstractBeanFactory.lambda$doGetBean$0(AbstractBeanFactory.java:326)
	at org.springframework.beans.factory.support.DefaultSingletonBeanRegistry.getSingleton(DefaultSingletonBeanRegistry.java:234)
	at org.springframework.beans.factory.support.AbstractBeanFactory.doGetBean(AbstractBeanFactory.java:324)
	at org.springframework.beans.factory.support.AbstractBeanFactory.getBean(AbstractBeanFactory.java:200)
	at org.springframework.context.support.AbstractApplicationContext.getBean(AbstractApplicationContext.java:1234)
	at org.springframework.context.support.AbstractApplicationContext.finishBeanFactoryInitialization(AbstractApplicationContext.java:952)
	at org.springframework.context.support.AbstractApplicationContext.refresh(AbstractApplicationContext.java:624)
	at org.springframework.boot.SpringApplication.refresh(SpringApplication.java:754)
	at org.springframework.boot.SpringApplication.refreshContext(SpringApplication.java:456)
	at org.springframework.boot.SpringApplication.run(SpringApplication.java:334)
	at org.springframework.boot.test.context.SpringBootContextLoader.lambda$loadContext$3(SpringBootContextLoader.java:137)
	at org.springframework.util.function.ThrowingSupplier.get(ThrowingSupplier.java:58)
	at org.springframework.util.function.ThrowingSupplier.get(ThrowingSupplier.java:46)
	at org.springframework.boot.SpringApplication.withHook(SpringApplication.java:1454)
	at org.springframework.boot.test.context.SpringBootContextLoader$ContextLoaderHook.run(SpringBootContextLoader.java:553)
	at org.springframework.boot.test.context.SpringBootContextLoader.loadContext(SpringBootContextLoader.java:137)
	at org.springframework.boot.test.context.SpringBootContextLoader.loadContext(SpringBootContextLoader.java:108)
	at org.springframework.test.context.cache.DefaultCacheAwareContextLoaderDelegate.loadContextInternal(DefaultCacheAwareContextLoaderDelegate.java:225)
	at org.springframework.test.context.cache.DefaultCacheAwareContextLoaderDelegate.loadContext(DefaultCacheAwareContextLoaderDelegate.java:152)
	... 73 common frames omitted
Caused by: org.hibernate.service.spi.ServiceException: Unable to create requested service [org.hibernate.engine.jdbc.env.spi.JdbcEnvironment] due to: Unable to determine Dialect without JDBC metadata (please set 'jakarta.persistence.jdbc.url' for common cases or 'hibernate.dialect' when a custom Dialect implementation must be provided)
	at org.hibernate.service.internal.AbstractServiceRegistryImpl.createService(AbstractServiceRegistryImpl.java:276)
	at org.hibernate.service.internal.AbstractServiceRegistryImpl.initializeService(AbstractServiceRegistryImpl.java:238)
	at org.hibernate.service.internal.AbstractServiceRegistryImpl.getService(AbstractServiceRegistryImpl.java:215)
	at org.hibernate.boot.model.relational.Database.<init>(Database.java:45)
	at org.hibernate.boot.internal.InFlightMetadataCollectorImpl.getDatabase(InFlightMetadataCollectorImpl.java:223)
	at org.hibernate.boot.internal.InFlightMetadataCollectorImpl.<init>(InFlightMetadataCollectorImpl.java:191)
	at org.hibernate.boot.model.process.spi.MetadataBuildingProcess.complete(MetadataBuildingProcess.java:170)
	at org.hibernate.jpa.boot.internal.EntityManagerFactoryBuilderImpl.metadata(EntityManagerFactoryBuilderImpl.java:1432)
	at org.hibernate.jpa.boot.internal.EntityManagerFactoryBuilderImpl.build(EntityManagerFactoryBuilderImpl.java:1503)
	at org.springframework.orm.jpa.vendor.SpringHibernateJpaPersistenceProvider.createContainerEntityManagerFactory(SpringHibernateJpaPersistenceProvider.java:75)
	at org.springframework.orm.jpa.LocalContainerEntityManagerFactoryBean.createNativeEntityManagerFactory(LocalContainerEntityManagerFactoryBean.java:390)
	at org.springframework.orm.jpa.AbstractEntityManagerFactoryBean.buildNativeEntityManagerFactory(AbstractEntityManagerFactoryBean.java:409)
	at org.springframework.orm.jpa.AbstractEntityManagerFactoryBean.afterPropertiesSet(AbstractEntityManagerFactoryBean.java:396)
	at org.springframework.orm.jpa.LocalContainerEntityManagerFactoryBean.afterPropertiesSet(LocalContainerEntityManagerFactoryBean.java:366)
	at org.springframework.beans.factory.support.AbstractAutowireCapableBeanFactory.invokeInitMethods(AbstractAutowireCapableBeanFactory.java:1833)
	at org.springframework.beans.factory.support.AbstractAutowireCapableBeanFactory.initializeBean(AbstractAutowireCapableBeanFactory.java:1782)
	... 94 common frames omitted
Caused by: org.hibernate.HibernateException: Unable to determine Dialect without JDBC metadata (please set 'jakarta.persistence.jdbc.url' for common cases or 'hibernate.dialect' when a custom Dialect implementation must be provided)
	at org.hibernate.engine.jdbc.dialect.internal.DialectFactoryImpl.determineDialect(DialectFactoryImpl.java:191)
	at org.hibernate.engine.jdbc.dialect.internal.DialectFactoryImpl.buildDialect(DialectFactoryImpl.java:87)
	at org.hibernate.engine.jdbc.env.internal.JdbcEnvironmentInitiator.getJdbcEnvironmentWithDefaults(JdbcEnvironmentInitiator.java:143)
	at org.hibernate.engine.jdbc.env.internal.JdbcEnvironmentInitiator.getJdbcEnvironmentUsingJdbcMetadata(JdbcEnvironmentInitiator.java:348)
	at org.hibernate.engine.jdbc.env.internal.JdbcEnvironmentInitiator.initiateService(JdbcEnvironmentInitiator.java:107)
	at org.hibernate.engine.jdbc.env.internal.JdbcEnvironmentInitiator.initiateService(JdbcEnvironmentInitiator.java:68)
	at org.hibernate.boot.registry.internal.StandardServiceRegistryImpl.initiateService(StandardServiceRegistryImpl.java:130)
	at org.hibernate.service.internal.AbstractServiceRegistryImpl.createService(AbstractServiceRegistryImpl.java:263)
	... 109 common frames omitted
{"timestamp":"2026-06-16 23:22:41","level":"INFO","logger":"org.springframework.mock.web.MockServletContext","message":"Initializing Spring TestDispatcherServlet ''"}{"timestamp":"2026-06-16 23:22:41","level":"INFO","logger":"org.springframework.test.web.servlet.TestDispatcherServlet","message":"Initializing Servlet ''"}{"timestamp":"2026-06-16 23:22:41","level":"INFO","logger":"org.springframework.test.web.servlet.TestDispatcherServlet","message":"Completed initialization in 1 ms"}{"timestamp":"2026-06-16 23:22:41","level":"INFO","logger":"org.springframework.mock.web.MockServletContext","message":"Initializing Spring TestDispatcherServlet ''"}{"timestamp":"2026-06-16 23:22:41","level":"INFO","logger":"org.springframework.test.web.servlet.TestDispatcherServlet","message":"Initializing Servlet ''"}{"timestamp":"2026-06-16 23:22:41","level":"INFO","logger":"org.springframework.test.web.servlet.TestDispatcherServlet","message":"Completed initialization in 0 ms"}{"timestamp":"2026-06-16 23:22:41","level":"INFO","logger":"org.springframework.mock.web.MockServletContext","message":"Initializing Spring TestDispatcherServlet ''"}{"timestamp":"2026-06-16 23:22:41","level":"INFO","logger":"org.springframework.test.web.servlet.TestDispatcherServlet","message":"Initializing Servlet ''"}{"timestamp":"2026-06-16 23:22:41","level":"INFO","logger":"org.springframework.test.web.servlet.TestDispatcherServlet","message":"Completed initialization in 0 ms"}{"timestamp":"2026-06-16 23:22:42","level":"INFO","logger":"org.springframework.mock.web.MockServletContext","message":"Initializing Spring TestDispatcherServlet ''"}{"timestamp":"2026-06-16 23:22:42","level":"INFO","logger":"org.springframework.test.web.servlet.TestDispatcherServlet","message":"Initializing Servlet ''"}{"timestamp":"2026-06-16 23:22:42","level":"INFO","logger":"org.springframework.test.web.servlet.TestDispatcherServlet","message":"Completed initialization in 1 ms"}{"timestamp":"2026-06-16 23:22:42","level":"INFO","logger":"org.springframework.mock.web.MockServletContext","message":"Initializing Spring TestDispatcherServlet ''"}{"timestamp":"2026-06-16 23:22:42","level":"INFO","logger":"org.springframework.test.web.servlet.TestDispatcherServlet","message":"Initializing Servlet ''"}{"timestamp":"2026-06-16 23:22:42","level":"INFO","logger":"org.springframework.test.web.servlet.TestDispatcherServlet","message":"Completed initialization in 0 ms"}{"timestamp":"2026-06-16 23:22:42","level":"INFO","logger":"org.springframework.mock.web.MockServletContext","message":"Initializing Spring TestDispatcherServlet ''"}{"timestamp":"2026-06-16 23:22:42","level":"INFO","logger":"org.springframework.test.web.servlet.TestDispatcherServlet","message":"Initializing Servlet ''"}{"timestamp":"2026-06-16 23:22:42","level":"INFO","logger":"org.springframework.test.web.servlet.TestDispatcherServlet","message":"Completed initialization in 1 ms"}{"timestamp":"2026-06-16 23:22:42","level":"INFO","logger":"org.springframework.mock.web.MockServletContext","message":"Initializing Spring TestDispatcherServlet ''"}{"timestamp":"2026-06-16 23:22:42","level":"INFO","logger":"org.springframework.test.web.servlet.TestDispatcherServlet","message":"Initializing Servlet ''"}{"timestamp":"2026-06-16 23:22:42","level":"INFO","logger":"org.springframework.test.web.servlet.TestDispatcherServlet","message":"Completed initialization in 0 ms"}{"timestamp":"2026-06-16 23:22:42","level":"INFO","logger":"org.springframework.mock.web.MockServletContext","message":"Initializing Spring TestDispatcherServlet ''"}{"timestamp":"2026-06-16 23:22:42","level":"INFO","logger":"org.springframework.test.web.servlet.TestDispatcherServlet","message":"Initializing Servlet ''"}{"timestamp":"2026-06-16 23:22:42","level":"INFO","logger":"org.springframework.test.web.servlet.TestDispatcherServlet","message":"Completed initialization in 0 ms"}{"timestamp":"2026-06-16 23:22:42","level":"INFO","logger":"org.springframework.mock.web.MockServletContext","message":"Initializing Spring TestDispatcherServlet ''"}{"timestamp":"2026-06-16 23:22:42","level":"INFO","logger":"org.springframework.test.web.servlet.TestDispatcherServlet","message":"Initializing Servlet ''"}{"timestamp":"2026-06-16 23:22:42","level":"INFO","logger":"org.springframework.test.web.servlet.TestDispatcherServlet","message":"Completed initialization in 0 ms"}{"timestamp":"2026-06-16 23:22:43","level":"INFO","logger":"org.springframework.mock.web.MockServletContext","message":"Initializing Spring TestDispatcherServlet ''"}{"timestamp":"2026-06-16 23:22:43","level":"INFO","logger":"org.springframework.test.web.servlet.TestDispatcherServlet","message":"Initializing Servlet ''"}{"timestamp":"2026-06-16 23:22:43","level":"INFO","logger":"org.springframework.test.web.servlet.TestDispatcherServlet","message":"Completed initialization in 0 ms"}{"timestamp":"2026-06-16 23:22:43","level":"INFO","logger":"org.springframework.mock.web.MockServletContext","message":"Initializing Spring TestDispatcherServlet ''"}{"timestamp":"2026-06-16 23:22:43","level":"INFO","logger":"org.springframework.test.web.servlet.TestDispatcherServlet","message":"Initializing Servlet ''"}{"timestamp":"2026-06-16 23:22:43","level":"INFO","logger":"org.springframework.test.web.servlet.TestDispatcherServlet","message":"Completed initialization in 1 ms"}{"timestamp":"2026-06-16 23:22:43","level":"INFO","logger":"org.springframework.mock.web.MockServletContext","message":"Initializing Spring TestDispatcherServlet ''"}{"timestamp":"2026-06-16 23:22:43","level":"INFO","logger":"org.springframework.test.web.servlet.TestDispatcherServlet","message":"Initializing Servlet ''"}{"timestamp":"2026-06-16 23:22:43","level":"INFO","logger":"org.springframework.test.web.servlet.TestDispatcherServlet","message":"Completed initialization in 0 ms"}{"timestamp":"2026-06-16 23:22:43","level":"INFO","logger":"org.springframework.mock.web.MockServletContext","message":"Initializing Spring TestDispatcherServlet ''"}{"timestamp":"2026-06-16 23:22:43","level":"INFO","logger":"org.springframework.test.web.servlet.TestDispatcherServlet","message":"Initializing Servlet ''"}{"timestamp":"2026-06-16 23:22:43","level":"INFO","logger":"org.springframework.test.web.servlet.TestDispatcherServlet","message":"Completed initialization in 1 ms"}{"timestamp":"2026-06-16 23:22:43","level":"INFO","logger":"org.springframework.mock.web.MockServletContext","message":"Initializing Spring TestDispatcherServlet ''"}{"timestamp":"2026-06-16 23:22:43","level":"INFO","logger":"org.springframework.test.web.servlet.TestDispatcherServlet","message":"Initializing Servlet ''"}{"timestamp":"2026-06-16 23:22:43","level":"INFO","logger":"org.springframework.test.web.servlet.TestDispatcherServlet","message":"Completed initialization in 0 ms"}